date,tile_id,tile_row,tile_col,row_offset,col_offset,window_height,window_width,left,bottom,right,top,valid_pixel_count,valid_pixel_ratio,ignore_pixel_count,s1_valid,s2_valid,common_valid,source_B04,source_B03,source_B02,source_VV,source_VH,source_mask,mask_values_observed,class_0_count,class_0_fraction,class_1_count,class_1_fraction,class_2_count,class_2_fraction,class_3_count,class_3_fraction,algae_count,algae_fraction,split,stratum,stratum_class
2025-01-31,2025-01-31_r0000_c0672,0,3,0,672,224,224,661016.7928851099,6068851.978751215,663263.1731614799,6071097.358885,20802,0.4145806760204081,29374,True,True,True,data\raw\SummerSchool_Subset\images\2025-01-31\layers\2025-01-31_B04.tif,data\raw\SummerSchool_Subset\images\2025-01-31\layers\2025-01-31_B03.tif,data\raw\SummerSchool_Subset\images\2025-01-31\layers\2025-01-31_B02.tif,data\raw\SummerSchool_Subset\images\2025-01-31\layers\2025-01-31_VV.tif,data\raw\SummerSchool_Subset\images\2025-01-31\layers\2025-01-31_VH.tif,data\raw\SummerSchool_Subset\masks\2025_01_31.tiff,0 1 2 3 255,10671,0.5129795211998847,9565,0.4598115565810979,160,0.0076915681184501,406,0.0195173541005672,10131,0.4870204788001154,train,high,3
2025-01-31,2025-01-31_r0224_c0448,1,2,224,448,224,224,658770.4126087399,6066606.598617429,661016.7928851099,6068851.978751215,16836,0.3355389030612244,33340,True,True,True,data\raw\SummerSchool_Subset\images\2025-01-31\layers\2025-01-31_B04.tif,data\raw\SummerSchool_Subset\images\2025-01-31\layers\2025-01-31_B03.tif,data\raw\SummerSchool_Subset\images\2025-01-31\layers\2025-01-31_B02.tif,data\raw\SummerSchool_Subset\images\2025-01-31\layers\2025-01-31_VV.tif,data\raw\SummerSchool_Subset\images\2025-01-31\layers\2025-01-31_VH.tif,data\raw\SummerSchool_Subset\masks\2025_01_31.tiff,0 1 2 3 255,3191,0.1895343311950582,13495,0.8015561891185555,81,0.0048111190306486,69,0.0040983606557377,13645,0.8104656688049418,train,low,1
2025-01-31,2025-01-31_r0224_c0672,1,3,224,672,224,224,661016.7928851099,6066606.598617429,663263.1731614799,6068851.978751215,43704,0.8710140306122449,6472,True,True,True,data\raw\SummerSchool_Subset\images\2025-01-31\layers\2025-01-31_B04.tif,data\raw\SummerSchool_Subset\images\2025-01-31\layers\2025-01-31_B03.tif,data\raw\SummerSchool_Subset\images\2025-01-31\layers\2025-01-31_B02.tif,data\raw\SummerSchool_Subset\images\2025-01-31\layers\2025-01-31_VV.tif,data\raw\SummerSchool_Subset\images\2025-01-31\layers\2025-01-31_VH.tif,data\raw\SummerSchool_Subset\masks\2025_01_31.tiff,0 1 2 3 255,10240,0.234303496247483,32726,0.7488101775581183,515,0.0117838184147904,223,0.0051025077796082,33464,0.765696503752517,train,mid,2
2025-01-31,2025-01-31_r0448_c0448,2,2,448,448,224,224,658770.4126087399,6064361.218483644,661016.7928851099,6066606.598617429,33590,0.6694435586734694,16586,True,True,True,data\raw\SummerSchool_Subset\images\2025-01-31\layers\2025-01-31_B04.tif,data\raw\SummerSchool_Subset\images\2025-01-31\layers\2025-01-31_B03.tif,data\raw\SummerSchool_Subset\images\2025-01-31\layers\2025-01-31_B02.tif,data\raw\SummerSchool_Subset\images\2025-01-31\layers\2025-01-31_VV.tif,data\raw\SummerSchool_Subset\images\2025-01-31\layers\2025-01-31_VH.tif,data\raw\SummerSchool_Subset\masks\2025_01_31.tiff,0 1 2 3 255,4371,0.1301280142899672,28955,0.8620125037213456,114,0.0033938672223876,150,0.0044656147662994,29219,0.8698719857100328,train,low,1
2025-01-31,2025-01-31_r0448_c0672,2,3,448,672,224,224,661016.7928851099,6064361.218483644,663263.1731614799,6066606.598617429,44093,0.8787667410714286,6083,True,True,True,data\raw\SummerSchool_Subset\images\2025-01-31\layers\2025-01-31_B04.tif,data\raw\SummerSchool_Subset\images\2025-01-31\layers\2025-01-31_B03.tif,data\raw\SummerSchool_Subset\images\2025-01-31\layers\2025-01-31_B02.tif,data\raw\SummerSchool_Subset\images\2025-01-31\layers\2025-01-31_VV.tif,data\raw\SummerSchool_Subset\images\2025-01-31\layers\2025-01-31_VH.tif,data\raw\SummerSchool_Subset\masks\2025_01_31.tiff,0 1 2 3 255,5580,0.126550699657542,38119,0.864513641621119,249,0.0056471548771913,145,0.0032885038441475,38513,0.8734493003424579,train,low,1
2025-01-31,2025-01-31_r0448_c0896,2,4,448,896,224,224,663263.1731614799,6064361.218483644,665509.5534378499,6066606.598617429,21045,0.4194236288265306,29131,True,True,True,data\raw\SummerSchool_Subset\images\2025-01-31\layers\2025-01-31_B04.tif,data\raw\SummerSchool_Subset\images\2025-01-31\layers\2025-01-31_B03.tif,data\raw\SummerSchool_Subset\images\2025-01-31\layers\2025-01-31_B02.tif,data\raw\SummerSchool_Subset\images\2025-01-31\layers\2025-01-31_VV.tif,data\raw\SummerSchool_Subset\images\2025-01-31\layers\2025-01-31_VH.tif,data\raw\SummerSchool_Subset\masks\2025_01_31.tiff,0 1 2 3 255,18701,0.8886196246139225,304,0.0144452363981943,1454,0.0690900451413637,586,0.0278450938465193,2344,0.1113803753860774,train,high,3
2025-01-31,2025-01-31_r0448_c1120,2,5,448,1120,224,224,665509.5534378499,6064361.218483644,667755.9337142198,6066606.598617429,10653,0.2123126594387755,39523,True,True,True,data\raw\SummerSchool_Subset\images\2025-01-31\layers\2025-01-31_B04.tif,data\raw\SummerSchool_Subset\images\2025-01-31\layers\2025-01-31_B03.tif,data\raw\SummerSchool_Subset\images\2025-01-31\layers\2025-01-31_B02.tif,data\raw\SummerSchool_Subset\images\2025-01-31\layers\2025-01-31_VV.tif,data\raw\SummerSchool_Subset\images\2025-01-31\layers\2025-01-31_VH.tif,data\raw\SummerSchool_Subset\masks\2025_01_31.tiff,0 1 2 3 255,8103,0.7606308082230357,1347,0.1264432554210081,775,0.0727494602459401,428,0.0401764761100159,2550,0.2393691917769642,train,high,3
2025-01-31,2025-01-31_r0448_c1344,2,6,448,1344,224,224,667755.9337142198,6064361.218483644,670002.3139905898,6066606.598617429,10526,0.209781568877551,39650,True,True,True,data\raw\SummerSchool_Subset\images\2025-01-31\layers\2025-01-31_B04.tif,data\raw\SummerSchool_Subset\images\2025-01-31\layers\2025-01-31_B03.tif,data\raw\SummerSchool_Subset\images\2025-01-31\layers\2025-01-31_B02.tif,data\raw\SummerSchool_Subset\images\2025-01-31\layers\2025-01-31_VV.tif,data\raw\SummerSchool_Subset\images\2025-01-31\layers\2025-01-31_VH.tif,data\raw\SummerSchool_Subset\masks\2025_01_31.tiff,0 1 2 3 255,6439,0.611723351700551,3327,0.316074482234467,328,0.0311609348280448,432,0.0410412312369371,4087,0.3882766482994489,train,high,3
2025-01-31,2025-01-31_r0448_c1568,2,7,448,1568,224,224,670002.3139905898,6064361.218483644,672248.6942669598,6066606.598617429,28193,0.561882174744898,21983,True,True,True,data\raw\SummerSchool_Subset\images\2025-01-31\layers\2025-01-31_B04.tif,data\raw\SummerSchool_Subset\images\2025-01-31\layers\2025-01-31_B03.tif,data\raw\SummerSchool_Subset\images\2025-01-31\layers\2025-01-31_B02.tif,data\raw\SummerSchool_Subset\images\2025-01-31\layers\2025-01-31_VV.tif,data\raw\SummerSchool_Subset\images\2025-01-31\layers\2025-01-31_VH.tif,data\raw\SummerSchool_Subset\masks\2025_01_31.tiff,0 1 2 3 255,16082,0.5704252828716349,11012,0.3905934097116305,510,0.0180895967084027,589,0.0208917107083318,12111,0.4295747171283652,train,high,3
2025-01-31,2025-01-31_r0448_c1792,2,8,448,1792,224,224,672248.6942669598,6064361.218483644,674495.0745433298,6066606.598617429,26290,0.5239556760204082,23886,True,True,True,data\raw\SummerSchool_Subset\images\2025-01-31\layers\2025-01-31_B04.tif,data\raw\SummerSchool_Subset\images\2025-01-31\layers\2025-01-31_B03.tif,data\raw\SummerSchool_Subset\images\2025-01-31\layers\2025-01-31_B02.tif,data\raw\SummerSchool_Subset\images\2025-01-31\layers\2025-01-31_VV.tif,data\raw\SummerSchool_Subset\images\2025-01-31\layers\2025-01-31_VH.tif,data\raw\SummerSchool_Subset\masks\2025_01_31.tiff,0 1 2 3 255,5208,0.1980981361734499,20921,0.795777862305059,45,0.001711677443895,116,0.004412324077596,21082,0.80190186382655,train,low,1
2025-01-31,2025-01-31_r0672_c0448,3,2,672,448,224,224,658770.4126087399,6062115.838349857,661016.7928851099,6064361.218483644,30233,0.6025390625,19943,True,True,True,data\raw\SummerSchool_Subset\images\2025-01-31\layers\2025-01-31_B04.tif,data\raw\SummerSchool_Subset\images\2025-01-31\layers\2025-01-31_B03.tif,data\raw\SummerSchool_Subset\images\2025-01-31\layers\2025-01-31_B02.tif,data\raw\SummerSchool_Subset\images\2025-01-31\layers\2025-01-31_VV.tif,data\raw\SummerSchool_Subset\images\2025-01-31\layers\2025-01-31_VH.tif,data\raw\SummerSchool_Subset\masks\2025_01_31.tiff,0 1 2 3 255,12997,0.42989448615751,17103,0.5657063473687692,129,0.0042668607151126,4,0.0001323057586081,17236,0.57010551384249,train,low,1
2025-01-31,2025-01-31_r0672_c0672,3,3,672,672,224,224,661016.7928851099,6062115.838349857,663263.1731614799,6064361.218483644,43388,0.8647161989795918,6788,True,True,True,data\raw\SummerSchool_Subset\images\2025-01-31\layers\2025-01-31_B04.tif,data\raw\SummerSchool_Subset\images\2025-01-31\layers\2025-01-31_B03.tif,data\raw\SummerSchool_Subset\images\2025-01-31\layers\2025-01-31_B02.tif,data\raw\SummerSchool_Subset\images\2025-01-31\layers\2025-01-31_VV.tif,data\raw\SummerSchool_Subset\images\2025-01-31\layers\2025-01-31_VH.tif,data\raw\SummerSchool_Subset\masks\2025_01_31.tiff,0 1 2 255,3685,0.0849313174149534,39700,0.9149995390430534,3,6.914354199317784e-05,0,0.0,39703,0.9150686825850466,train,low,1
2025-01-31,2025-01-31_r0672_c0896,3,4,672,896,224,224,663263.1731614799,6062115.838349857,665509.5534378499,6064361.218483644,42729,0.8515824298469388,7447,True,True,True,data\raw\SummerSchool_Subset\images\2025-01-31\layers\2025-01-31_B04.tif,data\raw\SummerSchool_Subset\images\2025-01-31\layers\2025-01-31_B03.tif,data\raw\SummerSchool_Subset\images\2025-01-31\layers\2025-01-31_B02.tif,data\raw\SummerSchool_Subset\images\2025-01-31\layers\2025-01-31_VV.tif,data\raw\SummerSchool_Subset\images\2025-01-31\layers\2025-01-31_VH.tif,data\raw\SummerSchool_Subset\masks\2025_01_31.tiff,0 1 2 3 255,16604,0.3885885464204638,26043,0.6094923822228463,80,0.0018722647382339,2,4.6806618455849655e-05,26125,0.6114114535795362,train,low,1
2025-01-31,2025-01-31_r0672_c1120,3,5,672,1120,224,224,665509.5534378499,6062115.838349857,667755.9337142198,6064361.218483644,44181,0.8805205676020408,5995,True,True,True,data\raw\SummerSchool_Subset\images\2025-01-31\layers\2025-01-31_B04.tif,data\raw\SummerSchool_Subset\images\2025-01-31\layers\2025-01-31_B03.tif,data\raw\SummerSchool_Subset\images\2025-01-31\layers\2025-01-31_B02.tif,data\raw\SummerSchool_Subset\images\2025-01-31\layers\2025-01-31_VV.tif,data\raw\SummerSchool_Subset\images\2025-01-31\layers\2025-01-31_VH.tif,data\raw\SummerSchool_Subset\masks\2025_01_31.tiff,0 1 255,4212,0.0953350987981258,39969,0.904664901201874,0,0.0,0,0.0,39969,0.904664901201874,train,low,1
2025-01-31,2025-01-31_r0672_c1344,3,6,672,1344,224,224,667755.9337142198,6062115.838349857,670002.3139905898,6064361.218483644,43540,0.8677455357142857,6636,True,True,True,data\raw\SummerSchool_Subset\images\2025-01-31\layers\2025-01-31_B04.tif,data\raw\SummerSchool_Subset\images\2025-01-31\layers\2025-01-31_B03.tif,data\raw\SummerSchool_Subset\images\2025-01-31\layers\2025-01-31_B02.tif,data\raw\SummerSchool_Subset\images\2025-01-31\layers\2025-01-31_VV.tif,data\raw\SummerSchool_Subset\images\2025-01-31\layers\2025-01-31_VH.tif,data\raw\SummerSchool_Subset\masks\2025_01_31.tiff,0 1 255,3496,0.0802939825447864,40044,0.9197060174552136,0,0.0,0,0.0,40044,0.9197060174552136,train,low,1
2025-01-31,2025-01-31_r0672_c1568,3,7,672,1568,224,224,670002.3139905898,6062115.838349857,672248.6942669598,6064361.218483644,42686,0.8507254464285714,7490,True,True,True,data\raw\SummerSchool_Subset\images\2025-01-31\layers\2025-01-31_B04.tif,data\raw\SummerSchool_Subset\images\2025-01-31\layers\2025-01-31_B03.tif,data\raw\SummerSchool_Subset\images\2025-01-31\layers\2025-01-31_B02.tif,data\raw\SummerSchool_Subset\images\2025-01-31\layers\2025-01-31_VV.tif,data\raw\SummerSchool_Subset\images\2025-01-31\layers\2025-01-31_VH.tif,data\raw\SummerSchool_Subset\masks\2025_01_31.tiff,0 1 255,3644,0.0853675678208311,39042,0.9146324321791688,0,0.0,0,0.0,39042,0.9146324321791688,train,low,1
2025-01-31,2025-01-31_r0672_c1792,3,8,672,1792,224,224,672248.6942669598,6062115.838349857,674495.0745433298,6064361.218483644,42836,0.8537149234693877,7340,True,True,True,data\raw\SummerSchool_Subset\images\2025-01-31\layers\2025-01-31_B04.tif,data\raw\SummerSchool_Subset\images\2025-01-31\layers\2025-01-31_B03.tif,data\raw\SummerSchool_Subset\images\2025-01-31\layers\2025-01-31_B02.tif,data\raw\SummerSchool_Subset\images\2025-01-31\layers\2025-01-31_VV.tif,data\raw\SummerSchool_Subset\images\2025-01-31\layers\2025-01-31_VH.tif,data\raw\SummerSchool_Subset\masks\2025_01_31.tiff,0 1 2 255,14849,0.3466476795218974,27984,0.6532822859277243,3,7.003455037818658e-05,0,0.0,27987,0.6533523204781025,train,low,1
2025-01-31,2025-01-31_r0672_c2016,3,9,672,2016,224,224,674495.0745433298,6062115.838349857,676741.4548196997,6064361.218483644,16850,0.3358179209183674,33326,True,True,True,data\raw\SummerSchool_Subset\images\2025-01-31\layers\2025-01-31_B04.tif,data\raw\SummerSchool_Subset\images\2025-01-31\layers\2025-01-31_B03.tif,data\raw\SummerSchool_Subset\images\2025-01-31\layers\2025-01-31_B02.tif,data\raw\SummerSchool_Subset\images\2025-01-31\layers\2025-01-31_VV.tif,data\raw\SummerSchool_Subset\images\2025-01-31\layers\2025-01-31_VH.tif,data\raw\SummerSchool_Subset\masks\2025_01_31.tiff,0 1 2 3 255,7168,0.4254005934718101,9583,0.5687240356083086,72,0.0042729970326409,27,0.0016023738872403,9682,0.5745994065281899,train,low,1
2025-01-31,2025-01-31_r0896_c0448,4,2,896,448,224,224,658770.4126087399,6059870.458216072,661016.7928851099,6062115.838349857,20704,0.4126275510204081,29472,True,True,True,data\raw\SummerSchool_Subset\images\2025-01-31\layers\2025-01-31_B04.tif,data\raw\SummerSchool_Subset\images\2025-01-31\layers\2025-01-31_B03.tif,data\raw\SummerSchool_Subset\images\2025-01-31\layers\2025-01-31_B02.tif,data\raw\SummerSchool_Subset\images\2025-01-31\layers\2025-01-31_VV.tif,data\raw\SummerSchool_Subset\images\2025-01-31\layers\2025-01-31_VH.tif,data\raw\SummerSchool_Subset\masks\2025_01_31.tiff,0 1 2 3 255,8552,0.4130602782071097,11918,0.5756375579598145,136,0.0065687789799072,98,0.0047333848531684,12152,0.5869397217928902,train,low,1
2025-01-31,2025-01-31_r0896_c0672,4,3,896,672,224,224,661016.7928851099,6059870.458216072,663263.1731614799,6062115.838349857,41952,0.8360969387755102,8224,True,True,True,data\raw\SummerSchool_Subset\images\2025-01-31\layers\2025-01-31_B04.tif,data\raw\SummerSchool_Subset\images\2025-01-31\layers\2025-01-31_B03.tif,data\raw\SummerSchool_Subset\images\2025-01-31\layers\2025-01-31_B02.tif,data\raw\SummerSchool_Subset\images\2025-01-31\layers\2025-01-31_VV.tif,data\raw\SummerSchool_Subset\images\2025-01-31\layers\2025-01-31_VH.tif,data\raw\SummerSchool_Subset\masks\2025_01_31.tiff,0 1 255,2116,0.050438596491228,39836,0.949561403508772,0,0.0,0,0.0,39836,0.949561403508772,train,low,1
2025-01-31,2025-01-31_r0896_c0896,4,4,896,896,224,224,663263.1731614799,6059870.458216072,665509.5534378499,6062115.838349857,40612,0.8093909438775511,9564,True,True,True,data\raw\SummerSchool_Subset\images\2025-01-31\layers\2025-01-31_B04.tif,data\raw\SummerSchool_Subset\images\2025-01-31\layers\2025-01-31_B03.tif,data\raw\SummerSchool_Subset\images\2025-01-31\layers\2025-01-31_B02.tif,data\raw\SummerSchool_Subset\images\2025-01-31\layers\2025-01-31_VV.tif,data\raw\SummerSchool_Subset\images\2025-01-31\layers\2025-01-31_VH.tif,data\raw\SummerSchool_Subset\masks\2025_01_31.tiff,0 1 255,9423,0.2320250172362848,31189,0.7679749827637151,0,0.0,0,0.0,31189,0.7679749827637151,train,low,1
2025-01-31,2025-01-31_r0896_c1120,4,5,896,1120,224,224,665509.5534378499,6059870.458216072,667755.9337142198,6062115.838349857,41306,0.8232222576530612,8870,True,True,True,data\raw\SummerSchool_Subset\images\2025-01-31\layers\2025-01-31_B04.tif,data\raw\SummerSchool_Subset\images\2025-01-31\layers\2025-01-31_B03.tif,data\raw\SummerSchool_Subset\images\2025-01-31\layers\2025-01-31_B02.tif,data\raw\SummerSchool_Subset\images\2025-01-31\layers\2025-01-31_VV.tif,data\raw\SummerSchool_Subset\images\2025-01-31\layers\2025-01-31_VH.tif,data\raw\SummerSchool_Subset\masks\2025_01_31.tiff,0 1 255,6864,0.1661744056553527,34442,0.8338255943446473,0,0.0,0,0.0,34442,0.8338255943446473,train,low,1
2025-01-31,2025-01-31_r0896_c1344,4,6,896,1344,224,224,667755.9337142198,6059870.458216072,670002.3139905898,6062115.838349857,38679,0.770866549744898,11497,True,True,True,data\raw\SummerSchool_Subset\images\2025-01-31\layers\2025-01-31_B04.tif,data\raw\SummerSchool_Subset\images\2025-01-31\layers\2025-01-31_B03.tif,data\raw\SummerSchool_Subset\images\2025-01-31\layers\2025-01-31_B02.tif,data\raw\SummerSchool_Subset\images\2025-01-31\layers\2025-01-31_VV.tif,data\raw\SummerSchool_Subset\images\2025-01-31\layers\2025-01-31_VH.tif,data\raw\SummerSchool_Subset\masks\2025_01_31.tiff,0 1 255,3230,0.083507846635125,35449,0.916492153364875,0,0.0,0,0.0,35449,0.916492153364875,train,low,1
2025-01-31,2025-01-31_r0896_c1568,4,7,896,1568,224,224,670002.3139905898,6059870.458216072,672248.6942669598,6062115.838349857,42225,0.8415377869897959,7951,True,True,True,data\raw\SummerSchool_Subset\images\2025-01-31\layers\2025-01-31_B04.tif,data\raw\SummerSchool_Subset\images\2025-01-31\layers\2025-01-31_B03.tif,data\raw\SummerSchool_Subset\images\2025-01-31\layers\2025-01-31_B02.tif,data\raw\SummerSchool_Subset\images\2025-01-31\layers\2025-01-31_VV.tif,data\raw\SummerSchool_Subset\images\2025-01-31\layers\2025-01-31_VH.tif,data\raw\SummerSchool_Subset\masks\2025_01_31.tiff,0 1 2 255,2815,0.0666666666666666,39409,0.9333096506808762,1,2.3682652457075192e-05,0,0.0,39410,0.9333333333333332,train,low,1
2025-01-31,2025-01-31_r0896_c1792,4,8,896,1792,224,224,672248.6942669598,6059870.458216072,674495.0745433298,6062115.838349857,42483,0.8466796875,7693,True,True,True,data\raw\SummerSchool_Subset\images\2025-01-31\layers\2025-01-31_B04.tif,data\raw\SummerSchool_Subset\images\2025-01-31\layers\2025-01-31_B03.tif,data\raw\SummerSchool_Subset\images\2025-01-31\layers\2025-01-31_B02.tif,data\raw\SummerSchool_Subset\images\2025-01-31\layers\2025-01-31_VV.tif,data\raw\SummerSchool_Subset\images\2025-01-31\layers\2025-01-31_VH.tif,data\raw\SummerSchool_Subset\masks\2025_01_31.tiff,0 1 2 255,18857,0.4438716663135842,23618,0.5559400230680508,8,0.0001883106183649,0,0.0,23626,0.5561283336864158,train,low,1
2025-01-31,2025-01-31_r1120_c0672,5,3,1120,672,224,224,661016.7928851099,6057625.078082287,663263.1731614799,6059870.458216072,40540,0.8079559948979592,9636,True,True,True,data\raw\SummerSchool_Subset\images\2025-01-31\layers\2025-01-31_B04.tif,data\raw\SummerSchool_Subset\images\2025-01-31\layers\2025-01-31_B03.tif,data\raw\SummerSchool_Subset\images\2025-01-31\layers\2025-01-31_B02.tif,data\raw\SummerSchool_Subset\images\2025-01-31\layers\2025-01-31_VV.tif,data\raw\SummerSchool_Subset\images\2025-01-31\layers\2025-01-31_VH.tif,data\raw\SummerSchool_Subset\masks\2025_01_31.tiff,0 1 2 3 255,20721,0.5111248149975333,19604,0.4835717809570794,86,0.0021213616181549,129,0.0031820424272323,19819,0.4888751850024667,train,low,1
2025-01-31,2025-01-31_r1120_c0896,5,4,1120,896,224,224,663263.1731614799,6057625.078082287,665509.5534378499,6059870.458216072,40744,0.8120216836734694,9432,True,True,True,data\raw\SummerSchool_Subset\images\2025-01-31\layers\2025-01-31_B04.tif,data\raw\SummerSchool_Subset\images\2025-01-31\layers\2025-01-31_B03.tif,data\raw\SummerSchool_Subset\images\2025-01-31\layers\2025-01-31_B02.tif,data\raw\SummerSchool_Subset\images\2025-01-31\layers\2025-01-31_VV.tif,data\raw\SummerSchool_Subset\images\2025-01-31\layers\2025-01-31_VH.tif,data\raw\SummerSchool_Subset\masks\2025_01_31.tiff,0 1 255,14089,0.3457932456312586,26655,0.6542067543687414,0,0.0,0,0.0,26655,0.6542067543687414,train,low,1
2025-01-31,2025-01-31_r1120_c1120,5,5,1120,1120,224,224,665509.5534378499,6057625.078082287,667755.9337142198,6059870.458216072,39344,0.7841198979591837,10832,True,True,True,data\raw\SummerSchool_Subset\images\2025-01-31\layers\2025-01-31_B04.tif,data\raw\SummerSchool_Subset\images\2025-01-31\layers\2025-01-31_B03.tif,data\raw\SummerSchool_Subset\images\2025-01-31\layers\2025-01-31_B02.tif,data\raw\SummerSchool_Subset\images\2025-01-31\layers\2025-01-31_VV.tif,data\raw\SummerSchool_Subset\images\2025-01-31\layers\2025-01-31_VH.tif,data\raw\SummerSchool_Subset\masks\2025_01_31.tiff,0 1 255,4881,0.1240595770638471,34463,0.8759404229361529,0,0.0,0,0.0,34463,0.8759404229361529,train,low,1
2025-01-31,2025-01-31_r1120_c1344,5,6,1120,1344,224,224,667755.9337142198,6057625.078082287,670002.3139905898,6059870.458216072,39409,0.7854153380102041,10767,True,True,True,data\raw\SummerSchool_Subset\images\2025-01-31\layers\2025-01-31_B04.tif,data\raw\SummerSchool_Subset\images\2025-01-31\layers\2025-01-31_B03.tif,data\raw\SummerSchool_Subset\images\2025-01-31\layers\2025-01-31_B02.tif,data\raw\SummerSchool_Subset\images\2025-01-31\layers\2025-01-31_VV.tif,data\raw\SummerSchool_Subset\images\2025-01-31\layers\2025-01-31_VH.tif,data\raw\SummerSchool_Subset\masks\2025_01_31.tiff,0 1 255,1484,0.0376563729097414,37925,0.9623436270902586,0,0.0,0,0.0,37925,0.9623436270902586,train,low,1
2025-01-31,2025-01-31_r1120_c1568,5,7,1120,1568,224,224,670002.3139905898,6057625.078082287,672248.6942669598,6059870.458216072,42754,0.8520806760204082,7422,True,True,True,data\raw\SummerSchool_Subset\images\2025-01-31\layers\2025-01-31_B04.tif,data\raw\SummerSchool_Subset\images\2025-01-31\layers\2025-01-31_B03.tif,data\raw\SummerSchool_Subset\images\2025-01-31\layers\2025-01-31_B02.tif,data\raw\SummerSchool_Subset\images\2025-01-31\layers\2025-01-31_VV.tif,data\raw\SummerSchool_Subset\images\2025-01-31\layers\2025-01-31_VH.tif,data\raw\SummerSchool_Subset\masks\2025_01_31.tiff,0 1 2 255,12350,0.2888618608785143,30352,0.7099218786546289,52,0.0012162604668569,0,0.0,30404,0.7111381391214857,train,low,1
2025-01-31,2025-01-31_r1120_c1792,5,8,1120,1792,224,224,672248.6942669598,6057625.078082287,674495.0745433298,6059870.458216072,33443,0.6665138711734694,16733,True,True,True,data\raw\SummerSchool_Subset\images\2025-01-31\layers\2025-01-31_B04.tif,data\raw\SummerSchool_Subset\images\2025-01-31\layers\2025-01-31_B03.tif,data\raw\SummerSchool_Subset\images\2025-01-31\layers\2025-01-31_B02.tif,data\raw\SummerSchool_Subset\images\2025-01-31\layers\2025-01-31_VV.tif,data\raw\SummerSchool_Subset\images\2025-01-31\layers\2025-01-31_VH.tif,data\raw\SummerSchool_Subset\masks\2025_01_31.tiff,0 1 2 3 255,27038,0.8084801004694555,5573,0.1666417486469515,538,0.0160870735280925,294,0.0087910773555004,6405,0.1915198995305445,train,mid,2
2025-01-31,2025-01-31_r1344_c0672,6,3,1344,672,224,224,661016.7928851099,6055379.6979485005,663263.1731614799,6057625.078082287,42568,0.8483737244897959,7608,True,True,True,data\raw\SummerSchool_Subset\images\2025-01-31\layers\2025-01-31_B04.tif,data\raw\SummerSchool_Subset\images\2025-01-31\layers\2025-01-31_B03.tif,data\raw\SummerSchool_Subset\images\2025-01-31\layers\2025-01-31_B02.tif,data\raw\SummerSchool_Subset\images\2025-01-31\layers\2025-01-31_VV.tif,data\raw\SummerSchool_Subset\images\2025-01-31\layers\2025-01-31_VH.tif,data\raw\SummerSchool_Subset\masks\2025_01_31.tiff,0 1 2 3 255,17116,0.4020860740462319,25068,0.5888930652133058,160,0.0037586919751926,224,0.0052621687652696,25452,0.5979139259537681,train,low,1
2025-01-31,2025-01-31_r1344_c0896,6,4,1344,896,224,224,663263.1731614799,6055379.6979485005,665509.5534378499,6057625.078082287,43421,0.8653738839285714,6755,True,True,True,data\raw\SummerSchool_Subset\images\2025-01-31\layers\2025-01-31_B04.tif,data\raw\SummerSchool_Subset\images\2025-01-31\layers\2025-01-31_B03.tif,data\raw\SummerSchool_Subset\images\2025-01-31\layers\2025-01-31_B02.tif,data\raw\SummerSchool_Subset\images\2025-01-31\layers\2025-01-31_VV.tif,data\raw\SummerSchool_Subset\images\2025-01-31\layers\2025-01-31_VH.tif,data\raw\SummerSchool_Subset\masks\2025_01_31.tiff,0 1 255,2577,0.0593491628474701,40844,0.9406508371525298,0,0.0,0,0.0,40844,0.9406508371525298,train,low,1
2025-01-31,2025-01-31_r1344_c1120,6,5,1344,1120,224,224,665509.5534378499,6055379.6979485005,667755.9337142198,6057625.078082287,42607,0.8491509885204082,7569,True,True,True,data\raw\SummerSchool_Subset\images\2025-01-31\layers\2025-01-31_B04.tif,data\raw\SummerSchool_Subset\images\2025-01-31\layers\2025-01-31_B03.tif,data\raw\SummerSchool_Subset\images\2025-01-31\layers\2025-01-31_B02.tif,data\raw\SummerSchool_Subset\images\2025-01-31\layers\2025-01-31_VV.tif,data\raw\SummerSchool_Subset\images\2025-01-31\layers\2025-01-31_VH.tif,data\raw\SummerSchool_Subset\masks\2025_01_31.tiff,0 1 255,502,0.011782101532612,42105,0.988217898467388,0,0.0,0,0.0,42105,0.988217898467388,train,low,1
2025-01-31,2025-01-31_r1344_c1344,6,6,1344,1344,224,224,667755.9337142198,6055379.6979485005,670002.3139905898,6057625.078082287,42562,0.8482541454081632,7614,True,True,True,data\raw\SummerSchool_Subset\images\2025-01-31\layers\2025-01-31_B04.tif,data\raw\SummerSchool_Subset\images\2025-01-31\layers\2025-01-31_B03.tif,data\raw\SummerSchool_Subset\images\2025-01-31\layers\2025-01-31_B02.tif,data\raw\SummerSchool_Subset\images\2025-01-31\layers\2025-01-31_VV.tif,data\raw\SummerSchool_Subset\images\2025-01-31\layers\2025-01-31_VH.tif,data\raw\SummerSchool_Subset\masks\2025_01_31.tiff,0 1 255,803,0.0188665946149147,41759,0.9811334053850852,0,0.0,0,0.0,41759,0.9811334053850852,train,low,1
2025-01-31,2025-01-31_r1344_c1568,6,7,1344,1568,224,224,670002.3139905898,6055379.6979485005,672248.6942669598,6057625.078082287,43242,0.8618064413265306,6934,True,True,True,data\raw\SummerSchool_Subset\images\2025-01-31\layers\2025-01-31_B04.tif,data\raw\SummerSchool_Subset\images\2025-01-31\layers\2025-01-31_B03.tif,data\raw\SummerSchool_Subset\images\2025-01-31\layers\2025-01-31_B02.tif,data\raw\SummerSchool_Subset\images\2025-01-31\layers\2025-01-31_VV.tif,data\raw\SummerSchool_Subset\images\2025-01-31\layers\2025-01-31_VH.tif,data\raw\SummerSchool_Subset\masks\2025_01_31.tiff,0 1 2 255,12861,0.2974191758013043,30297,0.700638268350215,84,0.0019425558484806,0,0.0,30381,0.7025808241986957,train,low,1
2025-01-31,2025-01-31_r1344_c1792,6,8,1344,1792,224,224,672248.6942669598,6055379.6979485005,674495.0745433298,6057625.078082287,27784,0.5537308673469388,22392,True,True,True,data\raw\SummerSchool_Subset\images\2025-01-31\layers\2025-01-31_B04.tif,data\raw\SummerSchool_Subset\images\2025-01-31\layers\2025-01-31_B03.tif,data\raw\SummerSchool_Subset\images\2025-01-31\layers\2025-01-31_B02.tif,data\raw\SummerSchool_Subset\images\2025-01-31\layers\2025-01-31_VV.tif,data\raw\SummerSchool_Subset\images\2025-01-31\layers\2025-01-31_VH.tif,data\raw\SummerSchool_Subset\masks\2025_01_31.tiff,0 1 2 3 255,21939,0.7896271235243305,5031,0.1810754391016412,549,0.0197595738554563,265,0.0095378635185718,5845,0.2103728764756694,train,mid,2
2025-01-31,2025-01-31_r1568_c0672,7,3,1568,672,224,224,661016.7928851099,6053134.317814715,663263.1731614799,6055379.6979485005,44312,0.8831313775510204,5864,True,True,True,data\raw\SummerSchool_Subset\images\2025-01-31\layers\2025-01-31_B04.tif,data\raw\SummerSchool_Subset\images\2025-01-31\layers\2025-01-31_B03.tif,data\raw\SummerSchool_Subset\images\2025-01-31\layers\2025-01-31_B02.tif,data\raw\SummerSchool_Subset\images\2025-01-31\layers\2025-01-31_VV.tif,data\raw\SummerSchool_Subset\images\2025-01-31\layers\2025-01-31_VH.tif,data\raw\SummerSchool_Subset\masks\2025_01_31.tiff,0 1 2 3 255,22588,0.5097490521754829,21627,0.4880619245351146,46,0.0010380935186856,51,0.0011509297707167,21724,0.490250947824517,train,low,1
2025-01-31,2025-01-31_r1568_c0896,7,4,1568,896,224,224,663263.1731614799,6053134.317814715,665509.5534378499,6055379.6979485005,43956,0.8760363520408163,6220,True,True,True,data\raw\SummerSchool_Subset\images\2025-01-31\layers\2025-01-31_B04.tif,data\raw\SummerSchool_Subset\images\2025-01-31\layers\2025-01-31_B03.tif,data\raw\SummerSchool_Subset\images\2025-01-31\layers\2025-01-31_B02.tif,data\raw\SummerSchool_Subset\images\2025-01-31\layers\2025-01-31_VV.tif,data\raw\SummerSchool_Subset\images\2025-01-31\layers\2025-01-31_VH.tif,data\raw\SummerSchool_Subset\masks\2025_01_31.tiff,0 1 255,283,0.0064382564382564,43673,0.9935617435617436,0,0.0,0,0.0,43673,0.9935617435617436,train,low,1
2025-01-31,2025-01-31_r1568_c1120,7,5,1568,1120,224,224,665509.5534378499,6053134.317814715,667755.9337142198,6055379.6979485005,43097,0.8589166135204082,7079,True,True,True,data\raw\SummerSchool_Subset\images\2025-01-31\layers\2025-01-31_B04.tif,data\raw\SummerSchool_Subset\images\2025-01-31\layers\2025-01-31_B03.tif,data\raw\SummerSchool_Subset\images\2025-01-31\layers\2025-01-31_B02.tif,data\raw\SummerSchool_Subset\images\2025-01-31\layers\2025-01-31_VV.tif,data\raw\SummerSchool_Subset\images\2025-01-31\layers\2025-01-31_VH.tif,data\raw\SummerSchool_Subset\masks\2025_01_31.tiff,0 1 2 3 255,1082,0.0251061558809197,41968,0.9738032809708332,4,9.28138849571896e-05,43,0.0009977492632897,42015,0.9748938441190802,train,low,1
2025-01-31,2025-01-31_r1568_c1344,7,6,1568,1344,224,224,667755.9337142198,6053134.317814715,670002.3139905898,6055379.6979485005,41613,0.8293407206632653,8563,True,True,True,data\raw\SummerSchool_Subset\images\2025-01-31\layers\2025-01-31_B04.tif,data\raw\SummerSchool_Subset\images\2025-01-31\layers\2025-01-31_B03.tif,data\raw\SummerSchool_Subset\images\2025-01-31\layers\2025-01-31_B02.tif,data\raw\SummerSchool_Subset\images\2025-01-31\layers\2025-01-31_VV.tif,data\raw\SummerSchool_Subset\images\2025-01-31\layers\2025-01-31_VH.tif,data\raw\SummerSchool_Subset\masks\2025_01_31.tiff,0 1 2 255,981,0.0235743637805493,40547,0.9743830053108404,85,0.0020426309086102,0,0.0,40632,0.9764256362194508,train,low,1
2025-01-31,2025-01-31_r1568_c1568,7,7,1568,1568,224,224,670002.3139905898,6053134.317814715,672248.6942669598,6055379.6979485005,43994,0.8767936862244898,6182,True,True,True,data\raw\SummerSchool_Subset\images\2025-01-31\layers\2025-01-31_B04.tif,data\raw\SummerSchool_Subset\images\2025-01-31\layers\2025-01-31_B03.tif,data\raw\SummerSchool_Subset\images\2025-01-31\layers\2025-01-31_B02.tif,data\raw\SummerSchool_Subset\images\2025-01-31\layers\2025-01-31_VV.tif,data\raw\SummerSchool_Subset\images\2025-01-31\layers\2025-01-31_VH.tif,data\raw\SummerSchool_Subset\masks\2025_01_31.tiff,0 1 255,1796,0.0408237486930035,42198,0.9591762513069964,0,0.0,0,0.0,42198,0.9591762513069964,train,low,1
2025-01-31,2025-01-31_r1568_c1792,7,8,1568,1792,224,224,672248.6942669598,6053134.317814715,674495.0745433298,6055379.6979485005,10508,0.209422831632653,39668,True,True,True,data\raw\SummerSchool_Subset\images\2025-01-31\layers\2025-01-31_B04.tif,data\raw\SummerSchool_Subset\images\2025-01-31\layers\2025-01-31_B03.tif,data\raw\SummerSchool_Subset\images\2025-01-31\layers\2025-01-31_B02.tif,data\raw\SummerSchool_Subset\images\2025-01-31\layers\2025-01-31_VV.tif,data\raw\SummerSchool_Subset\images\2025-01-31\layers\2025-01-31_VH.tif,data\raw\SummerSchool_Subset\masks\2025_01_31.tiff,0 1 2 3 255,5794,0.5513894175866006,4643,0.4418538256566425,49,0.0046631138180433,22,0.0020936429387133,4714,0.4486105824133993,train,low,1
2025-01-31,2025-01-31_r1568_c2016,7,9,1568,2016,224,224,674495.0745433298,6053134.317814715,676741.4548196997,6055379.6979485005,10140,0.2020886479591837,40036,True,True,True,data\raw\SummerSchool_Subset\images\2025-01-31\layers\2025-01-31_B04.tif,data\raw\SummerSchool_Subset\images\2025-01-31\layers\2025-01-31_B03.tif,data\raw\SummerSchool_Subset\images\2025-01-31\layers\2025-01-31_B02.tif,data\raw\SummerSchool_Subset\images\2025-01-31\layers\2025-01-31_VV.tif,data\raw\SummerSchool_Subset\images\2025-01-31\layers\2025-01-31_VH.tif,data\raw\SummerSchool_Subset\masks\2025_01_31.tiff,0 1 2 3 255,8088,0.7976331360946746,1612,0.1589743589743589,249,0.0245562130177514,191,0.0188362919132149,2052,0.2023668639053254,train,high,3
2025-01-31,2025-01-31_r1792_c0448,8,2,1792,448,224,224,658770.4126087399,6050888.937680929,661016.7928851099,6053134.317814715,29531,0.5885483099489796,20645,True,True,True,data\raw\SummerSchool_Subset\images\2025-01-31\layers\2025-01-31_B04.tif,data\raw\SummerSchool_Subset\images\2025-01-31\layers\2025-01-31_B03.tif,data\raw\SummerSchool_Subset\images\2025-01-31\layers\2025-01-31_B02.tif,data\raw\SummerSchool_Subset\images\2025-01-31\layers\2025-01-31_VV.tif,data\raw\SummerSchool_Subset\images\2025-01-31\layers\2025-01-31_VH.tif,data\raw\SummerSchool_Subset\masks\2025_01_31.tiff,0 1 2 3 255,25701,0.8703057803663946,3607,0.1221428329551996,135,0.0045714672716806,88,0.0029799194067251,3830,0.1296942196336053,train,low,1
2025-01-31,2025-01-31_r1792_c0672,8,3,1792,672,224,224,661016.7928851099,6050888.937680929,663263.1731614799,6053134.317814715,44200,0.8808992346938775,5976,True,True,True,data\raw\SummerSchool_Subset\images\2025-01-31\layers\2025-01-31_B04.tif,data\raw\SummerSchool_Subset\images\2025-01-31\layers\2025-01-31_B03.tif,data\raw\SummerSchool_Subset\images\2025-01-31\layers\2025-01-31_B02.tif,data\raw\SummerSchool_Subset\images\2025-01-31\layers\2025-01-31_VV.tif,data\raw\SummerSchool_Subset\images\2025-01-31\layers\2025-01-31_VH.tif,data\raw\SummerSchool_Subset\masks\2025_01_31.tiff,0 1 2 255,15869,0.3590271493212669,28318,0.6406787330316742,13,0.0002941176470588,0,0.0,28331,0.640972850678733,train,low,1
2025-01-31,2025-01-31_r1792_c0896,8,4,1792,896,224,224,663263.1731614799,6050888.937680929,665509.5534378499,6053134.317814715,43591,0.8687619579081632,6585,True,True,True,data\raw\SummerSchool_Subset\images\2025-01-31\layers\2025-01-31_B04.tif,data\raw\SummerSchool_Subset\images\2025-01-31\layers\2025-01-31_B03.tif,data\raw\SummerSchool_Subset\images\2025-01-31\layers\2025-01-31_B02.tif,data\raw\SummerSchool_Subset\images\2025-01-31\layers\2025-01-31_VV.tif,data\raw\SummerSchool_Subset\images\2025-01-31\layers\2025-01-31_VH.tif,data\raw\SummerSchool_Subset\masks\2025_01_31.tiff,0 1 255,136,0.0031199100731802,43455,0.9968800899268198,0,0.0,0,0.0,43455,0.9968800899268198,train,low,1
2025-01-31,2025-01-31_r1792_c1120,8,5,1792,1120,224,224,665509.5534378499,6050888.937680929,667755.9337142198,6053134.317814715,42830,0.8535953443877551,7346,True,True,True,data\raw\SummerSchool_Subset\images\2025-01-31\layers\2025-01-31_B04.tif,data\raw\SummerSchool_Subset\images\2025-01-31\layers\2025-01-31_B03.tif,data\raw\SummerSchool_Subset\images\2025-01-31\layers\2025-01-31_B02.tif,data\raw\SummerSchool_Subset\images\2025-01-31\layers\2025-01-31_VV.tif,data\raw\SummerSchool_Subset\images\2025-01-31\layers\2025-01-31_VH.tif,data\raw\SummerSchool_Subset\masks\2025_01_31.tiff,0 1 255,1077,0.0251459257529768,41753,0.9748540742470232,0,0.0,0,0.0,41753,0.9748540742470232,train,low,1
2025-01-31,2025-01-31_r1792_c1344,8,6,1792,1344,224,224,667755.9337142198,6050888.937680929,670002.3139905898,6053134.317814715,41558,0.8282445790816326,8618,True,True,True,data\raw\SummerSchool_Subset\images\2025-01-31\layers\2025-01-31_B04.tif,data\raw\SummerSchool_Subset\images\2025-01-31\layers\2025-01-31_B03.tif,data\raw\SummerSchool_Subset\images\2025-01-31\layers\2025-01-31_B02.tif,data\raw\SummerSchool_Subset\images\2025-01-31\layers\2025-01-31_VV.tif,data\raw\SummerSchool_Subset\images\2025-01-31\layers\2025-01-31_VH.tif,data\raw\SummerSchool_Subset\masks\2025_01_31.tiff,0 1 255,6081,0.1463256172096828,35477,0.8536743827903172,0,0.0,0,0.0,35477,0.8536743827903172,train,low,1
2025-01-31,2025-01-31_r1792_c1568,8,7,1792,1568,224,224,670002.3139905898,6050888.937680929,672248.6942669598,6053134.317814715,43582,0.8685825892857143,6594,True,True,True,data\raw\SummerSchool_Subset\images\2025-01-31\layers\2025-01-31_B04.tif,data\raw\SummerSchool_Subset\images\2025-01-31\layers\2025-01-31_B03.tif,data\raw\SummerSchool_Subset\images\2025-01-31\layers\2025-01-31_B02.tif,data\raw\SummerSchool_Subset\images\2025-01-31\layers\2025-01-31_VV.tif,data\raw\SummerSchool_Subset\images\2025-01-31\layers\2025-01-31_VH.tif,data\raw\SummerSchool_Subset\masks\2025_01_31.tiff,0 1 2 255,10969,0.2516864760681015,32611,0.748267633426644,2,4.589050525446285e-05,0,0.0,32613,0.7483135239318985,train,low,1
2025-01-31,2025-01-31_r1792_c1792,8,8,1792,1792,224,224,672248.6942669598,6050888.937680929,674495.0745433298,6053134.317814715,35330,0.7041214923469388,14846,True,True,True,data\raw\SummerSchool_Subset\images\2025-01-31\layers\2025-01-31_B04.tif,data\raw\SummerSchool_Subset\images\2025-01-31\layers\2025-01-31_B03.tif,data\raw\SummerSchool_Subset\images\2025-01-31\layers\2025-01-31_B02.tif,data\raw\SummerSchool_Subset\images\2025-01-31\layers\2025-01-31_VV.tif,data\raw\SummerSchool_Subset\images\2025-01-31\layers\2025-01-31_VH.tif,data\raw\SummerSchool_Subset\masks\2025_01_31.tiff,0 1 2 3 255,25900,0.7330880271723748,9067,0.2566374186243985,266,0.0075290121709595,97,0.0027455420322671,9430,0.2669119728276252,train,low,1
2025-01-31,2025-01-31_r1792_c2016,8,9,1792,2016,224,224,674495.0745433298,6050888.937680929,676741.4548196997,6053134.317814715,20472,0.4080038265306122,29704,True,True,True,data\raw\SummerSchool_Subset\images\2025-01-31\layers\2025-01-31_B04.tif,data\raw\SummerSchool_Subset\images\2025-01-31\layers\2025-01-31_B03.tif,data\raw\SummerSchool_Subset\images\2025-01-31\layers\2025-01-31_B02.tif,data\raw\SummerSchool_Subset\images\2025-01-31\layers\2025-01-31_VV.tif,data\raw\SummerSchool_Subset\images\2025-01-31\layers\2025-01-31_VH.tif,data\raw\SummerSchool_Subset\masks\2025_01_31.tiff,0 1 2 3 255,18767,0.9167155138726064,453,0.0221277842907385,1144,0.0558812035951543,108,0.0052754982415005,1705,0.0832844861273935,train,mid,2
2025-01-31,2025-01-31_r2016_c0224,9,1,2016,224,224,224,656524.0323323699,6048643.557547144,658770.4126087399,6050888.937680929,30974,0.6173070790816326,19202,True,True,True,data\raw\SummerSchool_Subset\images\2025-01-31\layers\2025-01-31_B04.tif,data\raw\SummerSchool_Subset\images\2025-01-31\layers\2025-01-31_B03.tif,data\raw\SummerSchool_Subset\images\2025-01-31\layers\2025-01-31_B02.tif,data\raw\SummerSchool_Subset\images\2025-01-31\layers\2025-01-31_VV.tif,data\raw\SummerSchool_Subset\images\2025-01-31\layers\2025-01-31_VH.tif,data\raw\SummerSchool_Subset\masks\2025_01_31.tiff,0 1 2 3 255,26831,0.8662426551301091,3746,0.1209401433460321,205,0.0066184541873829,192,0.0061987473364757,4143,0.1337573448698908,train,low,1
2025-01-31,2025-01-31_r2016_c0448,9,2,2016,448,224,224,658770.4126087399,6048643.557547144,661016.7928851099,6050888.937680929,42627,0.8495495854591837,7549,True,True,True,data\raw\SummerSchool_Subset\images\2025-01-31\layers\2025-01-31_B04.tif,data\raw\SummerSchool_Subset\images\2025-01-31\layers\2025-01-31_B03.tif,data\raw\SummerSchool_Subset\images\2025-01-31\layers\2025-01-31_B02.tif,data\raw\SummerSchool_Subset\images\2025-01-31\layers\2025-01-31_VV.tif,data\raw\SummerSchool_Subset\images\2025-01-31\layers\2025-01-31_VH.tif,data\raw\SummerSchool_Subset\masks\2025_01_31.tiff,0 1 2 255,29285,0.6870058882867666,13303,0.3120791986299763,39,0.000914913083257,0,0.0,13342,0.3129941117132334,train,low,1
2025-01-31,2025-01-31_r2016_c0672,9,3,2016,672,224,224,661016.7928851099,6048643.557547144,663263.1731614799,6050888.937680929,43482,0.8665896045918368,6694,True,True,True,data\raw\SummerSchool_Subset\images\2025-01-31\layers\2025-01-31_B04.tif,data\raw\SummerSchool_Subset\images\2025-01-31\layers\2025-01-31_B03.tif,data\raw\SummerSchool_Subset\images\2025-01-31\layers\2025-01-31_B02.tif,data\raw\SummerSchool_Subset\images\2025-01-31\layers\2025-01-31_VV.tif,data\raw\SummerSchool_Subset\images\2025-01-31\layers\2025-01-31_VH.tif,data\raw\SummerSchool_Subset\masks\2025_01_31.tiff,0 1 255,1059,0.0243549054781288,42423,0.9756450945218712,0,0.0,0,0.0,42423,0.9756450945218712,train,low,1
2025-01-31,2025-01-31_r2016_c0896,9,4,2016,896,224,224,663263.1731614799,6048643.557547144,665509.5534378499,6050888.937680929,43038,0.8577407525510204,7138,True,True,True,data\raw\SummerSchool_Subset\images\2025-01-31\layers\2025-01-31_B04.tif,data\raw\SummerSchool_Subset\images\2025-01-31\layers\2025-01-31_B03.tif,data\raw\SummerSchool_Subset\images\2025-01-31\layers\2025-01-31_B02.tif,data\raw\SummerSchool_Subset\images\2025-01-31\layers\2025-01-31_VV.tif,data\raw\SummerSchool_Subset\images\2025-01-31\layers\2025-01-31_VH.tif,data\raw\SummerSchool_Subset\masks\2025_01_31.tiff,0 1 255,114,0.0026488219712811,42924,0.9973511780287188,0,0.0,0,0.0,42924,0.9973511780287188,train,low,1
2025-01-31,2025-01-31_r2016_c1120,9,5,2016,1120,224,224,665509.5534378499,6048643.557547144,667755.9337142198,6050888.937680929,41498,0.8270487882653061,8678,True,True,True,data\raw\SummerSchool_Subset\images\2025-01-31\layers\2025-01-31_B04.tif,data\raw\SummerSchool_Subset\images\2025-01-31\layers\2025-01-31_B03.tif,data\raw\SummerSchool_Subset\images\2025-01-31\layers\2025-01-31_B02.tif,data\raw\SummerSchool_Subset\images\2025-01-31\layers\2025-01-31_VV.tif,data\raw\SummerSchool_Subset\images\2025-01-31\layers\2025-01-31_VH.tif,data\raw\SummerSchool_Subset\masks\2025_01_31.tiff,0 1 255,500,0.0120487734348643,40998,0.9879512265651356,0,0.0,0,0.0,40998,0.9879512265651356,train,low,1
2025-01-31,2025-01-31_r2016_c1344,9,6,2016,1344,224,224,667755.9337142198,6048643.557547144,670002.3139905898,6050888.937680929,42140,0.83984375,8036,True,True,True,data\raw\SummerSchool_Subset\images\2025-01-31\layers\2025-01-31_B04.tif,data\raw\SummerSchool_Subset\images\2025-01-31\layers\2025-01-31_B03.tif,data\raw\SummerSchool_Subset\images\2025-01-31\layers\2025-01-31_B02.tif,data\raw\SummerSchool_Subset\images\2025-01-31\layers\2025-01-31_VV.tif,data\raw\SummerSchool_Subset\images\2025-01-31\layers\2025-01-31_VH.tif,data\raw\SummerSchool_Subset\masks\2025_01_31.tiff,0 1 255,5075,0.1204318936877076,37065,0.8795681063122923,0,0.0,0,0.0,37065,0.8795681063122923,train,low,1
2025-01-31,2025-01-31_r2016_c1568,9,7,2016,1568,224,224,670002.3139905898,6048643.557547144,672248.6942669598,6050888.937680929,43917,0.8752590880102041,6259,True,True,True,data\raw\SummerSchool_Subset\images\2025-01-31\layers\2025-01-31_B04.tif,data\raw\SummerSchool_Subset\images\2025-01-31\layers\2025-01-31_B03.tif,data\raw\SummerSchool_Subset\images\2025-01-31\layers\2025-01-31_B02.tif,data\raw\SummerSchool_Subset\images\2025-01-31\layers\2025-01-31_VV.tif,data\raw\SummerSchool_Subset\images\2025-01-31\layers\2025-01-31_VH.tif,data\raw\SummerSchool_Subset\masks\2025_01_31.tiff,0 1 2 255,32132,0.7316528906801466,11773,0.2680738666120181,12,0.0002732427078352,0,0.0,11785,0.2683471093198533,train,low,1
2025-01-31,2025-01-31_r2016_c1792,9,8,2016,1792,224,224,672248.6942669598,6048643.557547144,674495.0745433298,6050888.937680929,27960,0.5572385204081632,22216,True,True,True,data\raw\SummerSchool_Subset\images\2025-01-31\layers\2025-01-31_B04.tif,data\raw\SummerSchool_Subset\images\2025-01-31\layers\2025-01-31_B03.tif,data\raw\SummerSchool_Subset\images\2025-01-31\layers\2025-01-31_B02.tif,data\raw\SummerSchool_Subset\images\2025-01-31\layers\2025-01-31_VV.tif,data\raw\SummerSchool_Subset\images\2025-01-31\layers\2025-01-31_VH.tif,data\raw\SummerSchool_Subset\masks\2025_01_31.tiff,0 1 2 3 255,25829,0.9237839771101574,821,0.0293633762517882,927,0.0331545064377682,383,0.0136981402002861,2131,0.0762160228898426,train,high,3
2025-01-31,2025-01-31_r2240_c0000,10,0,2240,0,224,224,654277.652056,6046398.177413358,656524.0323323699,6048643.557547144,21451,0.4275151466836734,28725,True,True,True,data\raw\SummerSchool_Subset\images\2025-01-31\layers\2025-01-31_B04.tif,data\raw\SummerSchool_Subset\images\2025-01-31\layers\2025-01-31_B03.tif,data\raw\SummerSchool_Subset\images\2025-01-31\layers\2025-01-31_B02.tif,data\raw\SummerSchool_Subset\images\2025-01-31\layers\2025-01-31_VV.tif,data\raw\SummerSchool_Subset\images\2025-01-31\layers\2025-01-31_VH.tif,data\raw\SummerSchool_Subset\masks\2025_01_31.tiff,0 1 2 3 255,15467,0.7210386462169596,5751,0.2680993893058598,165,0.0076919490932823,68,0.0031700153838981,5984,0.2789613537830404,train,low,1
2025-01-31,2025-01-31_r2240_c0224,10,1,2240,224,224,224,656524.0323323699,6046398.177413358,658770.4126087399,6048643.557547144,43297,0.8629025829081632,6879,True,True,True,data\raw\SummerSchool_Subset\images\2025-01-31\layers\2025-01-31_B04.tif,data\raw\SummerSchool_Subset\images\2025-01-31\layers\2025-01-31_B03.tif,data\raw\SummerSchool_Subset\images\2025-01-31\layers\2025-01-31_B02.tif,data\raw\SummerSchool_Subset\images\2025-01-31\layers\2025-01-31_VV.tif,data\raw\SummerSchool_Subset\images\2025-01-31\layers\2025-01-31_VH.tif,data\raw\SummerSchool_Subset\masks\2025_01_31.tiff,0 1 2 255,12473,0.2880800055431092,30820,0.711827609303185,4,9.238515370579948e-05,0,0.0,30824,0.7119199944568908,train,low,1
2025-01-31,2025-01-31_r2240_c0448,10,2,2240,448,224,224,658770.4126087399,6046398.177413358,661016.7928851099,6048643.557547144,42345,0.8439293686224489,7831,True,True,True,data\raw\SummerSchool_Subset\images\2025-01-31\layers\2025-01-31_B04.tif,data\raw\SummerSchool_Subset\images\2025-01-31\layers\2025-01-31_B03.tif,data\raw\SummerSchool_Subset\images\2025-01-31\layers\2025-01-31_B02.tif,data\raw\SummerSchool_Subset\images\2025-01-31\layers\2025-01-31_VV.tif,data\raw\SummerSchool_Subset\images\2025-01-31\layers\2025-01-31_VH.tif,data\raw\SummerSchool_Subset\masks\2025_01_31.tiff,0 1 255,19080,0.4505844845908608,23265,0.5494155154091392,0,0.0,0,0.0,23265,0.5494155154091392,train,low,1
2025-01-31,2025-01-31_r2240_c0672,10,3,2240,672,224,224,661016.7928851099,6046398.177413358,663263.1731614799,6048643.557547144,43124,0.8594547193877551,7052,True,True,True,data\raw\SummerSchool_Subset\images\2025-01-31\layers\2025-01-31_B04.tif,data\raw\SummerSchool_Subset\images\2025-01-31\layers\2025-01-31_B03.tif,data\raw\SummerSchool_Subset\images\2025-01-31\layers\2025-01-31_B02.tif,data\raw\SummerSchool_Subset\images\2025-01-31\layers\2025-01-31_VV.tif,data\raw\SummerSchool_Subset\images\2025-01-31\layers\2025-01-31_VH.tif,data\raw\SummerSchool_Subset\masks\2025_01_31.tiff,0 1 255,11061,0.2564929041832854,32063,0.7435070958167146,0,0.0,0,0.0,32063,0.7435070958167146,train,low,1
2025-01-31,2025-01-31_r2240_c0896,10,4,2240,896,224,224,663263.1731614799,6046398.177413358,665509.5534378499,6048643.557547144,42197,0.8409797512755102,7979,True,True,True,data\raw\SummerSchool_Subset\images\2025-01-31\layers\2025-01-31_B04.tif,data\raw\SummerSchool_Subset\images\2025-01-31\layers\2025-01-31_B03.tif,data\raw\SummerSchool_Subset\images\2025-01-31\layers\2025-01-31_B02.tif,data\raw\SummerSchool_Subset\images\2025-01-31\layers\2025-01-31_VV.tif,data\raw\SummerSchool_Subset\images\2025-01-31\layers\2025-01-31_VH.tif,data\raw\SummerSchool_Subset\masks\2025_01_31.tiff,0 1 255,3490,0.0827073014669289,38707,0.917292698533071,0,0.0,0,0.0,38707,0.917292698533071,train,low,1
2025-01-31,2025-01-31_r2240_c1120,10,5,2240,1120,224,224,665509.5534378499,6046398.177413358,667755.9337142198,6048643.557547144,41320,0.8235012755102041,8856,True,True,True,data\raw\SummerSchool_Subset\images\2025-01-31\layers\2025-01-31_B04.tif,data\raw\SummerSchool_Subset\images\2025-01-31\layers\2025-01-31_B03.tif,data\raw\SummerSchool_Subset\images\2025-01-31\layers\2025-01-31_B02.tif,data\raw\SummerSchool_Subset\images\2025-01-31\layers\2025-01-31_VV.tif,data\raw\SummerSchool_Subset\images\2025-01-31\layers\2025-01-31_VH.tif,data\raw\SummerSchool_Subset\masks\2025_01_31.tiff,0 1 255,6134,0.1484511132623427,35186,0.8515488867376573,0,0.0,0,0.0,35186,0.8515488867376573,train,low,1
2025-01-31,2025-01-31_r2240_c1344,10,6,2240,1344,224,224,667755.9337142198,6046398.177413358,670002.3139905898,6048643.557547144,43081,0.8585977359693877,7095,True,True,True,data\raw\SummerSchool_Subset\images\2025-01-31\layers\2025-01-31_B04.tif,data\raw\SummerSchool_Subset\images\2025-01-31\layers\2025-01-31_B03.tif,data\raw\SummerSchool_Subset\images\2025-01-31\layers\2025-01-31_B02.tif,data\raw\SummerSchool_Subset\images\2025-01-31\layers\2025-01-31_VV.tif,data\raw\SummerSchool_Subset\images\2025-01-31\layers\2025-01-31_VH.tif,data\raw\SummerSchool_Subset\masks\2025_01_31.tiff,0 1 2 255,26724,0.620319862584434,16355,0.3796337132378543,2,4.642417771175228e-05,0,0.0,16357,0.379680137415566,train,low,1
2025-01-31,2025-01-31_r2240_c1568,10,7,2240,1568,224,224,670002.3139905898,6046398.177413358,672248.6942669598,6048643.557547144,41817,0.8334064094387755,8359,True,True,True,data\raw\SummerSchool_Subset\images\2025-01-31\layers\2025-01-31_B04.tif,data\raw\SummerSchool_Subset\images\2025-01-31\layers\2025-01-31_B03.tif,data\raw\SummerSchool_Subset\images\2025-01-31\layers\2025-01-31_B02.tif,data\raw\SummerSchool_Subset\images\2025-01-31\layers\2025-01-31_VV.tif,data\raw\SummerSchool_Subset\images\2025-01-31\layers\2025-01-31_VH.tif,data\raw\SummerSchool_Subset\masks\2025_01_31.tiff,0 1 2 3 255,37991,0.9085061099552814,3543,0.0847263074826027,150,0.0035870578951144,133,0.0031805246670014,3826,0.0914938900447186,train,low,1
2025-01-31,2025-01-31_r2464_c0000,11,0,2464,0,224,224,654277.652056,6044152.797279572,656524.0323323699,6046398.177413358,14804,0.2950414540816326,35372,True,True,True,data\raw\SummerSchool_Subset\images\2025-01-31\layers\2025-01-31_B04.tif,data\raw\SummerSchool_Subset\images\2025-01-31\layers\2025-01-31_B03.tif,data\raw\SummerSchool_Subset\images\2025-01-31\layers\2025-01-31_B02.tif,data\raw\SummerSchool_Subset\images\2025-01-31\layers\2025-01-31_VV.tif,data\raw\SummerSchool_Subset\images\2025-01-31\layers\2025-01-31_VH.tif,data\raw\SummerSchool_Subset\masks\2025_01_31.tiff,0 1 2 3 255,12622,0.8526074034044853,2006,0.1355039178600378,101,0.0068224804106998,75,0.005066198324777,2182,0.1473925965955147,train,low,1
2025-01-31,2025-01-31_r2464_c0224,11,1,2464,224,224,224,656524.0323323699,6044152.797279572,658770.4126087399,6046398.177413358,40580,0.8087531887755102,9596,True,True,True,data\raw\SummerSchool_Subset\images\2025-01-31\layers\2025-01-31_B04.tif,data\raw\SummerSchool_Subset\images\2025-01-31\layers\2025-01-31_B03.tif,data\raw\SummerSchool_Subset\images\2025-01-31\layers\2025-01-31_B02.tif,data\raw\SummerSchool_Subset\images\2025-01-31\layers\2025-01-31_VV.tif,data\raw\SummerSchool_Subset\images\2025-01-31\layers\2025-01-31_VH.tif,data\raw\SummerSchool_Subset\masks\2025_01_31.tiff,0 1 2 3 255,25393,0.625751601774273,14991,0.3694184327254805,171,0.0042138984721537,25,0.0006160670280926,15187,0.374248398225727,train,low,1
2025-01-31,2025-01-31_r2464_c0448,11,2,2464,448,224,224,658770.4126087399,6044152.797279572,661016.7928851099,6046398.177413358,42474,0.8465003188775511,7702,True,True,True,data\raw\SummerSchool_Subset\images\2025-01-31\layers\2025-01-31_B04.tif,data\raw\SummerSchool_Subset\images\2025-01-31\layers\2025-01-31_B03.tif,data\raw\SummerSchool_Subset\images\2025-01-31\layers\2025-01-31_B02.tif,data\raw\SummerSchool_Subset\images\2025-01-31\layers\2025-01-31_VV.tif,data\raw\SummerSchool_Subset\images\2025-01-31\layers\2025-01-31_VH.tif,data\raw\SummerSchool_Subset\masks\2025_01_31.tiff,0 1 2 3 255,29693,0.6990864999764562,12609,0.2968639638367001,168,0.0039553609266845,4,9.41752601591562e-05,12781,0.3009135000235438,train,low,1
2025-01-31,2025-01-31_r2464_c0672,11,3,2464,672,224,224,661016.7928851099,6044152.797279572,663263.1731614799,6046398.177413358,41808,0.8332270408163265,8368,True,True,True,data\raw\SummerSchool_Subset\images\2025-01-31\layers\2025-01-31_B04.tif,data\raw\SummerSchool_Subset\images\2025-01-31\layers\2025-01-31_B03.tif,data\raw\SummerSchool_Subset\images\2025-01-31\layers\2025-01-31_B02.tif,data\raw\SummerSchool_Subset\images\2025-01-31\layers\2025-01-31_VV.tif,data\raw\SummerSchool_Subset\images\2025-01-31\layers\2025-01-31_VH.tif,data\raw\SummerSchool_Subset\masks\2025_01_31.tiff,0 1 2 3 255,34835,0.8332137389973211,6380,0.1526023727516264,477,0.0114092996555683,116,0.0027745885954841,6973,0.1667862610026789,train,mid,2
2025-01-31,2025-01-31_r2464_c0896,11,4,2464,896,224,224,663263.1731614799,6044152.797279572,665509.5534378499,6046398.177413358,42472,0.8464604591836735,7704,True,True,True,data\raw\SummerSchool_Subset\images\2025-01-31\layers\2025-01-31_B04.tif,data\raw\SummerSchool_Subset\images\2025-01-31\layers\2025-01-31_B03.tif,data\raw\SummerSchool_Subset\images\2025-01-31\layers\2025-01-31_B02.tif,data\raw\SummerSchool_Subset\images\2025-01-31\layers\2025-01-31_VV.tif,data\raw\SummerSchool_Subset\images\2025-01-31\layers\2025-01-31_VH.tif,data\raw\SummerSchool_Subset\masks\2025_01_31.tiff,0 1 2 3 255,37036,0.8720097946882652,5296,0.1246939159917121,133,0.0031314748540214,7,0.0001648144660011,5436,0.1279902053117348,train,low,1
2025-01-31,2025-01-31_r2464_c1120,11,5,2464,1120,224,224,665509.5534378499,6044152.797279572,667755.9337142198,6046398.177413358,42720,0.8514030612244898,7456,True,True,True,data\raw\SummerSchool_Subset\images\2025-01-31\layers\2025-01-31_B04.tif,data\raw\SummerSchool_Subset\images\2025-01-31\layers\2025-01-31_B03.tif,data\raw\SummerSchool_Subset\images\2025-01-31\layers\2025-01-31_B02.tif,data\raw\SummerSchool_Subset\images\2025-01-31\layers\2025-01-31_VV.tif,data\raw\SummerSchool_Subset\images\2025-01-31\layers\2025-01-31_VH.tif,data\raw\SummerSchool_Subset\masks\2025_01_31.tiff,0 1 2 255,39497,0.9245552434456928,3214,0.0752340823970037,9,0.0002106741573033,0,0.0,3223,0.0754447565543071,train,low,1
2025-01-31,2025-01-31_r2464_c1344,11,6,2464,1344,224,224,667755.9337142198,6044152.797279572,670002.3139905898,6046398.177413358,43132,0.8596141581632653,7044,True,True,True,data\raw\SummerSchool_Subset\images\2025-01-31\layers\2025-01-31_B04.tif,data\raw\SummerSchool_Subset\images\2025-01-31\layers\2025-01-31_B03.tif,data\raw\SummerSchool_Subset\images\2025-01-31\layers\2025-01-31_B02.tif,data\raw\SummerSchool_Subset\images\2025-01-31\layers\2025-01-31_VV.tif,data\raw\SummerSchool_Subset\images\2025-01-31\layers\2025-01-31_VH.tif,data\raw\SummerSchool_Subset\masks\2025_01_31.tiff,0 1 2 255,42508,0.9855327830844848,597,0.0138412315682092,27,0.0006259853473059,0,0.0,624,0.0144672169155151,train,low,1
2025-01-31,2025-01-31_r2464_c1568,11,7,2464,1568,224,224,670002.3139905898,6044152.797279572,672248.6942669598,6046398.177413358,31221,0.6222297512755102,18955,True,True,True,data\raw\SummerSchool_Subset\images\2025-01-31\layers\2025-01-31_B04.tif,data\raw\SummerSchool_Subset\images\2025-01-31\layers\2025-01-31_B03.tif,data\raw\SummerSchool_Subset\images\2025-01-31\layers\2025-01-31_B02.tif,data\raw\SummerSchool_Subset\images\2025-01-31\layers\2025-01-31_VV.tif,data\raw\SummerSchool_Subset\images\2025-01-31\layers\2025-01-31_VH.tif,data\raw\SummerSchool_Subset\masks\2025_01_31.tiff,0 1 2 3 255,30263,0.9693155248070208,121,0.0038755965536017,567,0.0181608532718362,270,0.008648025367541,958,0.030684475192979,train,mid,2
2025-01-31,2025-01-31_r2688_c0224,12,1,2688,224,224,224,656524.0323323699,6041907.417145787,658770.4126087399,6044152.797279572,11462,0.2284359056122449,38714,True,True,True,data\raw\SummerSchool_Subset\images\2025-01-31\layers\2025-01-31_B04.tif,data\raw\SummerSchool_Subset\images\2025-01-31\layers\2025-01-31_B03.tif,data\raw\SummerSchool_Subset\images\2025-01-31\layers\2025-01-31_B02.tif,data\raw\SummerSchool_Subset\images\2025-01-31\layers\2025-01-31_VV.tif,data\raw\SummerSchool_Subset\images\2025-01-31\layers\2025-01-31_VH.tif,data\raw\SummerSchool_Subset\masks\2025_01_31.tiff,0 1 2 3 255,9690,0.8454021985691851,1051,0.0916942941894957,236,0.0205897749083929,485,0.0423137323329261,1772,0.1545978014308148,train,high,3
2025-01-31,2025-01-31_r2688_c0448,12,2,2688,448,224,224,658770.4126087399,6041907.417145787,661016.7928851099,6044152.797279572,24589,0.490055006377551,25587,True,True,True,data\raw\SummerSchool_Subset\images\2025-01-31\layers\2025-01-31_B04.tif,data\raw\SummerSchool_Subset\images\2025-01-31\layers\2025-01-31_B03.tif,data\raw\SummerSchool_Subset\images\2025-01-31\layers\2025-01-31_B02.tif,data\raw\SummerSchool_Subset\images\2025-01-31\layers\2025-01-31_VV.tif,data\raw\SummerSchool_Subset\images\2025-01-31\layers\2025-01-31_VH.tif,data\raw\SummerSchool_Subset\masks\2025_01_31.tiff,0 1 2 3 255,23461,0.9541258286225548,500,0.0203342958233356,411,0.0167147911667818,217,0.0088250843873276,1128,0.0458741713774452,train,mid,2
2025-01-31,2025-01-31_r2688_c0896,12,4,2688,896,224,224,663263.1731614799,6041907.417145787,665509.5534378499,6044152.797279572,11774,0.2346540178571428,38402,True,True,True,data\raw\SummerSchool_Subset\images\2025-01-31\layers\2025-01-31_B04.tif,data\raw\SummerSchool_Subset\images\2025-01-31\layers\2025-01-31_B03.tif,data\raw\SummerSchool_Subset\images\2025-01-31\layers\2025-01-31_B02.tif,data\raw\SummerSchool_Subset\images\2025-01-31\layers\2025-01-31_VV.tif,data\raw\SummerSchool_Subset\images\2025-01-31\layers\2025-01-31_VH.tif,data\raw\SummerSchool_Subset\masks\2025_01_31.tiff,0 1 2 3 255,10866,0.9228809240699848,412,0.0349923560387294,308,0.0261593341260404,188,0.0159673857652454,908,0.0771190759300152,train,high,3
2025-01-31,2025-01-31_r2688_c1120,12,5,2688,1120,224,224,665509.5534378499,6041907.417145787,667755.9337142198,6044152.797279572,18883,0.3763352997448979,31293,True,True,True,data\raw\SummerSchool_Subset\images\2025-01-31\layers\2025-01-31_B04.tif,data\raw\SummerSchool_Subset\images\2025-01-31\layers\2025-01-31_B03.tif,data\raw\SummerSchool_Subset\images\2025-01-31\layers\2025-01-31_B02.tif,data\raw\SummerSchool_Subset\images\2025-01-31\layers\2025-01-31_VV.tif,data\raw\SummerSchool_Subset\images\2025-01-31\layers\2025-01-31_VH.tif,data\raw\SummerSchool_Subset\masks\2025_01_31.tiff,0 1 2 3 255,17672,0.9358682412752212,684,0.0362230577768363,368,0.0194884287454324,159,0.0084202722025101,1211,0.0641317587247789,train,mid,2
2025-01-31,2025-01-31_r2688_c1344,12,6,2688,1344,224,224,667755.9337142198,6041907.417145787,670002.3139905898,6044152.797279572,43236,0.861686862244898,6940,True,True,True,data\raw\SummerSchool_Subset\images\2025-01-31\layers\2025-01-31_B04.tif,data\raw\SummerSchool_Subset\images\2025-01-31\layers\2025-01-31_B03.tif,data\raw\SummerSchool_Subset\images\2025-01-31\layers\2025-01-31_B02.tif,data\raw\SummerSchool_Subset\images\2025-01-31\layers\2025-01-31_VV.tif,data\raw\SummerSchool_Subset\images\2025-01-31\layers\2025-01-31_VH.tif,data\raw\SummerSchool_Subset\masks\2025_01_31.tiff,0 1 2 3 255,42307,0.9785132759737256,20,0.0004625774817281,817,0.0188962901285965,92,0.0021278564159496,929,0.0214867240262744,train,mid,2
2025-01-31,2025-01-31_r2688_c1568,12,7,2688,1568,224,224,670002.3139905898,6041907.417145787,672248.6942669598,6044152.797279572,33509,0.6678292410714286,16667,True,True,True,data\raw\SummerSchool_Subset\images\2025-01-31\layers\2025-01-31_B04.tif,data\raw\SummerSchool_Subset\images\2025-01-31\layers\2025-01-31_B03.tif,data\raw\SummerSchool_Subset\images\2025-01-31\layers\2025-01-31_B02.tif,data\raw\SummerSchool_Subset\images\2025-01-31\layers\2025-01-31_VV.tif,data\raw\SummerSchool_Subset\images\2025-01-31\layers\2025-01-31_VH.tif,data\raw\SummerSchool_Subset\masks\2025_01_31.tiff,0 1 2 3 255,31762,0.9478647527529918,83,0.0024769464919872,1118,0.0333641708197797,546,0.0162941299352412,1747,0.0521352472470082,train,high,3
2025-01-31,2025-01-31_r2912_c1344,13,6,2912,1344,224,224,667755.9337142198,6039662.037012001,670002.3139905898,6041907.417145787,11386,0.2269212372448979,38790,True,True,True,data\raw\SummerSchool_Subset\images\2025-01-31\layers\2025-01-31_B04.tif,data\raw\SummerSchool_Subset\images\2025-01-31\layers\2025-01-31_B03.tif,data\raw\SummerSchool_Subset\images\2025-01-31\layers\2025-01-31_B02.tif,data\raw\SummerSchool_Subset\images\2025-01-31\layers\2025-01-31_VV.tif,data\raw\SummerSchool_Subset\images\2025-01-31\layers\2025-01-31_VH.tif,data\raw\SummerSchool_Subset\masks\2025_01_31.tiff,0 1 2 3 255,10310,0.9054979799754084,82,0.007201826804848,807,0.0708765150184437,187,0.0164236782012998,1076,0.0945020200245916,train,high,3
2025-03-12,2025-03-12_r0448_c0672,2,3,448,672,224,224,661016.7928851099,6064361.218483644,663263.1731614799,6066606.598617429,12902,0.2571348852040816,37274,True,True,True,data\raw\SummerSchool_Subset\images\2025-03-12\layers\2025-03-12_B04.tif,data\raw\SummerSchool_Subset\images\2025-03-12\layers\2025-03-12_B03.tif,data\raw\SummerSchool_Subset\images\2025-03-12\layers\2025-03-12_B02.tif,data\raw\SummerSchool_Subset\images\2025-03-12\layers\2025-03-12_VV.tif,data\raw\SummerSchool_Subset\images\2025-03-12\layers\2025-03-12_VH.tif,data\raw\SummerSchool_Subset\masks\2025_03_12.tiff,0 1 2 3 255,12446,0.9646566423810262,8,0.000620058905596,343,0.0265850255774298,105,0.0081382731359479,456,0.0353433576189738,train,mid,2
2025-03-12,2025-03-12_r0448_c1568,2,7,448,1568,224,224,670002.3139905898,6064361.218483644,672248.6942669598,6066606.598617429,10909,0.217414700255102,39267,True,True,True,data\raw\SummerSchool_Subset\images\2025-03-12\layers\2025-03-12_B04.tif,data\raw\SummerSchool_Subset\images\2025-03-12\layers\2025-03-12_B03.tif,data\raw\SummerSchool_Subset\images\2025-03-12\layers\2025-03-12_B02.tif,data\raw\SummerSchool_Subset\images\2025-03-12\layers\2025-03-12_VV.tif,data\raw\SummerSchool_Subset\images\2025-03-12\layers\2025-03-12_VH.tif,data\raw\SummerSchool_Subset\masks\2025_03_12.tiff,0 1 2 3 255,10173,0.932532771106426,4,0.0003666697222476,270,0.0247502062517187,462,0.0423503529196076,736,0.0674672288935741,train,high,3
2025-03-12,2025-03-12_r0448_c1792,2,8,448,1792,224,224,672248.6942669598,6064361.218483644,674495.0745433298,6066606.598617429,39596,0.7891422193877551,10580,True,True,True,data\raw\SummerSchool_Subset\images\2025-03-12\layers\2025-03-12_B04.tif,data\raw\SummerSchool_Subset\images\2025-03-12\layers\2025-03-12_B03.tif,data\raw\SummerSchool_Subset\images\2025-03-12\layers\2025-03-12_B02.tif,data\raw\SummerSchool_Subset\images\2025-03-12\layers\2025-03-12_VV.tif,data\raw\SummerSchool_Subset\images\2025-03-12\layers\2025-03-12_VH.tif,data\raw\SummerSchool_Subset\masks\2025_03_12.tiff,0 2 3 255,39448,0.9962622487119912,0,0.0,76,0.0019193857965451,72,0.0018183654914637,148,0.0037377512880088,train,background/no algae,0
2025-03-12,2025-03-12_r0448_c2016,2,9,448,2016,224,224,674495.0745433298,6064361.218483644,676741.4548196997,6066606.598617429,44053,0.8779695471938775,6123,True,True,True,data\raw\SummerSchool_Subset\images\2025-03-12\layers\2025-03-12_B04.tif,data\raw\SummerSchool_Subset\images\2025-03-12\layers\2025-03-12_B03.tif,data\raw\SummerSchool_Subset\images\2025-03-12\layers\2025-03-12_B02.tif,data\raw\SummerSchool_Subset\images\2025-03-12\layers\2025-03-12_VV.tif,data\raw\SummerSchool_Subset\images\2025-03-12\layers\2025-03-12_VH.tif,data\raw\SummerSchool_Subset\masks\2025_03_12.tiff,0 2 255,43890,0.9962999114702744,0,0.0,163,0.0037000885297255,0,0.0,163,0.0037000885297255,train,background/no algae,0
2025-03-12,2025-03-12_r0448_c2240,2,10,448,2240,224,224,676741.4548196997,6064361.218483644,678987.8350960697,6066606.598617429,25129,0.5008171237244898,25047,True,True,True,data\raw\SummerSchool_Subset\images\2025-03-12\layers\2025-03-12_B04.tif,data\raw\SummerSchool_Subset\images\2025-03-12\layers\2025-03-12_B03.tif,data\raw\SummerSchool_Subset\images\2025-03-12\layers\2025-03-12_B02.tif,data\raw\SummerSchool_Subset\images\2025-03-12\layers\2025-03-12_VV.tif,data\raw\SummerSchool_Subset\images\2025-03-12\layers\2025-03-12_VH.tif,data\raw\SummerSchool_Subset\masks\2025_03_12.tiff,0 1 2 3 255,23785,0.946515977555812,60,0.0023876795734012,1162,0.0462413944048708,122,0.0048549484659158,1344,0.0534840224441879,train,mid,2
2025-03-12,2025-03-12_r0672_c0448,3,2,672,448,224,224,658770.4126087399,6062115.838349857,661016.7928851099,6064361.218483644,19492,0.3884725765306122,30684,True,True,True,data\raw\SummerSchool_Subset\images\2025-03-12\layers\2025-03-12_B04.tif,data\raw\SummerSchool_Subset\images\2025-03-12\layers\2025-03-12_B03.tif,data\raw\SummerSchool_Subset\images\2025-03-12\layers\2025-03-12_B02.tif,data\raw\SummerSchool_Subset\images\2025-03-12\layers\2025-03-12_VV.tif,data\raw\SummerSchool_Subset\images\2025-03-12\layers\2025-03-12_VH.tif,data\raw\SummerSchool_Subset\masks\2025_03_12.tiff,0 1 2 3 255,19272,0.9887133182844244,107,0.0054894315616663,110,0.0056433408577878,3,0.0001539092961214,220,0.0112866817155756,train,background/no algae,0
2025-03-12,2025-03-12_r0672_c0672,3,3,672,672,224,224,661016.7928851099,6062115.838349857,663263.1731614799,6064361.218483644,33430,0.6662547831632653,16746,True,True,True,data\raw\SummerSchool_Subset\images\2025-03-12\layers\2025-03-12_B04.tif,data\raw\SummerSchool_Subset\images\2025-03-12\layers\2025-03-12_B03.tif,data\raw\SummerSchool_Subset\images\2025-03-12\layers\2025-03-12_B02.tif,data\raw\SummerSchool_Subset\images\2025-03-12\layers\2025-03-12_VV.tif,data\raw\SummerSchool_Subset\images\2025-03-12\layers\2025-03-12_VH.tif,data\raw\SummerSchool_Subset\masks\2025_03_12.tiff,0 1 2 255,33409,0.9993718217170208,11,0.0003290457672749,10,0.0002991325157044,0,0.0,21,0.0006281782829793,train,background/no algae,0
2025-03-12,2025-03-12_r0672_c0896,3,4,672,896,224,224,663263.1731614799,6062115.838349857,665509.5534378499,6064361.218483644,27495,0.5479711415816326,22681,True,True,True,data\raw\SummerSchool_Subset\images\2025-03-12\layers\2025-03-12_B04.tif,data\raw\SummerSchool_Subset\images\2025-03-12\layers\2025-03-12_B03.tif,data\raw\SummerSchool_Subset\images\2025-03-12\layers\2025-03-12_B02.tif,data\raw\SummerSchool_Subset\images\2025-03-12\layers\2025-03-12_VV.tif,data\raw\SummerSchool_Subset\images\2025-03-12\layers\2025-03-12_VH.tif,data\raw\SummerSchool_Subset\masks\2025_03_12.tiff,0 2 3 255,27443,0.9981087470449173,0,0.0,46,0.0016730314602655,6,0.0002182214948172,52,0.0018912529550827,train,background/no algae,0
2025-03-12,2025-03-12_r0672_c1120,3,5,672,1120,224,224,665509.5534378499,6062115.838349857,667755.9337142198,6064361.218483644,29211,0.5821707589285714,20965,True,True,True,data\raw\SummerSchool_Subset\images\2025-03-12\layers\2025-03-12_B04.tif,data\raw\SummerSchool_Subset\images\2025-03-12\layers\2025-03-12_B03.tif,data\raw\SummerSchool_Subset\images\2025-03-12\layers\2025-03-12_B02.tif,data\raw\SummerSchool_Subset\images\2025-03-12\layers\2025-03-12_VV.tif,data\raw\SummerSchool_Subset\images\2025-03-12\layers\2025-03-12_VH.tif,data\raw\SummerSchool_Subset\masks\2025_03_12.tiff,0 2 255,29152,0.997980212933484,0,0.0,59,0.002019787066516,0,0.0,59,0.002019787066516,train,background/no algae,0
2025-03-12,2025-03-12_r0672_c1344,3,6,672,1344,224,224,667755.9337142198,6062115.838349857,670002.3139905898,6064361.218483644,30658,0.6110092474489796,19518,True,True,True,data\raw\SummerSchool_Subset\images\2025-03-12\layers\2025-03-12_B04.tif,data\raw\SummerSchool_Subset\images\2025-03-12\layers\2025-03-12_B03.tif,data\raw\SummerSchool_Subset\images\2025-03-12\layers\2025-03-12_B02.tif,data\raw\SummerSchool_Subset\images\2025-03-12\layers\2025-03-12_VV.tif,data\raw\SummerSchool_Subset\images\2025-03-12\layers\2025-03-12_VH.tif,data\raw\SummerSchool_Subset\masks\2025_03_12.tiff,0 2 255,30645,0.9995759671211428,0,0.0,13,0.000424032878857,0,0.0,13,0.000424032878857,train,background/no algae,0
2025-03-12,2025-03-12_r0672_c1568,3,7,672,1568,224,224,670002.3139905898,6062115.838349857,672248.6942669598,6064361.218483644,32729,0.6522839604591837,17447,True,True,True,data\raw\SummerSchool_Subset\images\2025-03-12\layers\2025-03-12_B04.tif,data\raw\SummerSchool_Subset\images\2025-03-12\layers\2025-03-12_B03.tif,data\raw\SummerSchool_Subset\images\2025-03-12\layers\2025-03-12_B02.tif,data\raw\SummerSchool_Subset\images\2025-03-12\layers\2025-03-12_VV.tif,data\raw\SummerSchool_Subset\images\2025-03-12\layers\2025-03-12_VH.tif,data\raw\SummerSchool_Subset\masks\2025_03_12.tiff,0 2 255,32716,0.9996027987411776,0,0.0,13,0.0003972012588224,0,0.0,13,0.0003972012588224,train,background/no algae,0
2025-03-12,2025-03-12_r0672_c1792,3,8,672,1792,224,224,672248.6942669598,6062115.838349857,674495.0745433298,6064361.218483644,41307,0.8232421875,8869,True,True,True,data\raw\SummerSchool_Subset\images\2025-03-12\layers\2025-03-12_B04.tif,data\raw\SummerSchool_Subset\images\2025-03-12\layers\2025-03-12_B03.tif,data\raw\SummerSchool_Subset\images\2025-03-12\layers\2025-03-12_B02.tif,data\raw\SummerSchool_Subset\images\2025-03-12\layers\2025-03-12_VV.tif,data\raw\SummerSchool_Subset\images\2025-03-12\layers\2025-03-12_VH.tif,data\raw\SummerSchool_Subset\masks\2025_03_12.tiff,0 2 255,41240,0.9983779988863872,0,0.0,67,0.0016220011136127,0,0.0,67,0.0016220011136127,train,background/no algae,0
2025-03-12,2025-03-12_r0672_c2016,3,9,672,2016,224,224,674495.0745433298,6062115.838349857,676741.4548196997,6064361.218483644,36493,0.7272999043367347,13683,True,True,True,data\raw\SummerSchool_Subset\images\2025-03-12\layers\2025-03-12_B04.tif,data\raw\SummerSchool_Subset\images\2025-03-12\layers\2025-03-12_B03.tif,data\raw\SummerSchool_Subset\images\2025-03-12\layers\2025-03-12_B02.tif,data\raw\SummerSchool_Subset\images\2025-03-12\layers\2025-03-12_VV.tif,data\raw\SummerSchool_Subset\images\2025-03-12\layers\2025-03-12_VH.tif,data\raw\SummerSchool_Subset\masks\2025_03_12.tiff,0 1 2 3 255,35101,0.9618556983531088,5,0.0001370125777546,1337,0.0366371632915901,50,0.0013701257775463,1392,0.0381443016468911,train,mid,2
2025-03-12,2025-03-12_r0896_c0448,4,2,896,448,224,224,658770.4126087399,6059870.458216072,661016.7928851099,6062115.838349857,17662,0.3520009566326531,32514,True,True,True,data\raw\SummerSchool_Subset\images\2025-03-12\layers\2025-03-12_B04.tif,data\raw\SummerSchool_Subset\images\2025-03-12\layers\2025-03-12_B03.tif,data\raw\SummerSchool_Subset\images\2025-03-12\layers\2025-03-12_B02.tif,data\raw\SummerSchool_Subset\images\2025-03-12\layers\2025-03-12_VV.tif,data\raw\SummerSchool_Subset\images\2025-03-12\layers\2025-03-12_VH.tif,data\raw\SummerSchool_Subset\masks\2025_03_12.tiff,0 1 2 3 255,16991,0.9620088325217984,423,0.0239497225682255,149,0.0084361906918808,99,0.0056052542180953,671,0.0379911674782017,train,low,1
2025-03-12,2025-03-12_r0896_c0672,4,3,896,672,224,224,661016.7928851099,6059870.458216072,663263.1731614799,6062115.838349857,42490,0.8468191964285714,7686,True,True,True,data\raw\SummerSchool_Subset\images\2025-03-12\layers\2025-03-12_B04.tif,data\raw\SummerSchool_Subset\images\2025-03-12\layers\2025-03-12_B03.tif,data\raw\SummerSchool_Subset\images\2025-03-12\layers\2025-03-12_B02.tif,data\raw\SummerSchool_Subset\images\2025-03-12\layers\2025-03-12_VV.tif,data\raw\SummerSchool_Subset\images\2025-03-12\layers\2025-03-12_VH.tif,data\raw\SummerSchool_Subset\masks\2025_03_12.tiff,0 1 2 255,42089,0.9905624852906566,379,0.0089197458225464,22,0.0005177688867968,0,0.0,401,0.0094375147093433,train,background/no algae,0
2025-03-12,2025-03-12_r0896_c0896,4,4,896,896,224,224,663263.1731614799,6059870.458216072,665509.5534378499,6062115.838349857,41438,0.8258529974489796,8738,True,True,True,data\raw\SummerSchool_Subset\images\2025-03-12\layers\2025-03-12_B04.tif,data\raw\SummerSchool_Subset\images\2025-03-12\layers\2025-03-12_B03.tif,data\raw\SummerSchool_Subset\images\2025-03-12\layers\2025-03-12_B02.tif,data\raw\SummerSchool_Subset\images\2025-03-12\layers\2025-03-12_VV.tif,data\raw\SummerSchool_Subset\images\2025-03-12\layers\2025-03-12_VH.tif,data\raw\SummerSchool_Subset\masks\2025_03_12.tiff,0 2 255,41433,0.9998793378058788,0,0.0,5,0.0001206621941213,0,0.0,5,0.0001206621941213,train,background/no algae,0
2025-03-12,2025-03-12_r0896_c1120,4,5,896,1120,224,224,665509.5534378499,6059870.458216072,667755.9337142198,6062115.838349857,41566,0.8284040178571429,8610,True,True,True,data\raw\SummerSchool_Subset\images\2025-03-12\layers\2025-03-12_B04.tif,data\raw\SummerSchool_Subset\images\2025-03-12\layers\2025-03-12_B03.tif,data\raw\SummerSchool_Subset\images\2025-03-12\layers\2025-03-12_B02.tif,data\raw\SummerSchool_Subset\images\2025-03-12\layers\2025-03-12_VV.tif,data\raw\SummerSchool_Subset\images\2025-03-12\layers\2025-03-12_VH.tif,data\raw\SummerSchool_Subset\masks\2025_03_12.tiff,0 2 255,41538,0.9993263725159988,0,0.0,28,0.0006736274840013,0,0.0,28,0.0006736274840013,train,background/no algae,0
2025-03-12,2025-03-12_r0896_c1344,4,6,896,1344,224,224,667755.9337142198,6059870.458216072,670002.3139905898,6062115.838349857,32553,0.6487763073979592,17623,True,True,True,data\raw\SummerSchool_Subset\images\2025-03-12\layers\2025-03-12_B04.tif,data\raw\SummerSchool_Subset\images\2025-03-12\layers\2025-03-12_B03.tif,data\raw\SummerSchool_Subset\images\2025-03-12\layers\2025-03-12_B02.tif,data\raw\SummerSchool_Subset\images\2025-03-12\layers\2025-03-12_VV.tif,data\raw\SummerSchool_Subset\images\2025-03-12\layers\2025-03-12_VH.tif,data\raw\SummerSchool_Subset\masks\2025_03_12.tiff,0 1 2 255,32230,0.9900777194114214,1,3.0719134949159833e-05,322,0.0098915614536294,0,0.0,323,0.0099222805885786,train,background/no algae,0
2025-03-12,2025-03-12_r0896_c1568,4,7,896,1568,224,224,670002.3139905898,6059870.458216072,672248.6942669598,6062115.838349857,36382,0.7250876913265306,13794,True,True,True,data\raw\SummerSchool_Subset\images\2025-03-12\layers\2025-03-12_B04.tif,data\raw\SummerSchool_Subset\images\2025-03-12\layers\2025-03-12_B03.tif,data\raw\SummerSchool_Subset\images\2025-03-12\layers\2025-03-12_B02.tif,data\raw\SummerSchool_Subset\images\2025-03-12\layers\2025-03-12_VV.tif,data\raw\SummerSchool_Subset\images\2025-03-12\layers\2025-03-12_VH.tif,data\raw\SummerSchool_Subset\masks\2025_03_12.tiff,0 1 2 255,36289,0.9974437908856028,3,8.245835852894288e-05,90,0.0024737507558682,0,0.0,93,0.0025562091143972,train,background/no algae,0
2025-03-12,2025-03-12_r0896_c1792,4,8,896,1792,224,224,672248.6942669598,6059870.458216072,674495.0745433298,6062115.838349857,37290,0.7431839923469388,12886,True,True,True,data\raw\SummerSchool_Subset\images\2025-03-12\layers\2025-03-12_B04.tif,data\raw\SummerSchool_Subset\images\2025-03-12\layers\2025-03-12_B03.tif,data\raw\SummerSchool_Subset\images\2025-03-12\layers\2025-03-12_B02.tif,data\raw\SummerSchool_Subset\images\2025-03-12\layers\2025-03-12_VV.tif,data\raw\SummerSchool_Subset\images\2025-03-12\layers\2025-03-12_VH.tif,data\raw\SummerSchool_Subset\masks\2025_03_12.tiff,0 2 255,37165,0.9966478948779832,0,0.0,125,0.0033521051220166,0,0.0,125,0.0033521051220166,train,background/no algae,0
2025-03-12,2025-03-12_r0896_c2016,4,9,896,2016,224,224,674495.0745433298,6059870.458216072,676741.4548196997,6062115.838349857,10997,0.2191685267857142,39179,True,True,True,data\raw\SummerSchool_Subset\images\2025-03-12\layers\2025-03-12_B04.tif,data\raw\SummerSchool_Subset\images\2025-03-12\layers\2025-03-12_B03.tif,data\raw\SummerSchool_Subset\images\2025-03-12\layers\2025-03-12_B02.tif,data\raw\SummerSchool_Subset\images\2025-03-12\layers\2025-03-12_VV.tif,data\raw\SummerSchool_Subset\images\2025-03-12\layers\2025-03-12_VH.tif,data\raw\SummerSchool_Subset\masks\2025_03_12.tiff,0 1 2 3 255,9542,0.8676911885059562,22,0.0020005456033463,1208,0.1098481404019278,225,0.0204601254887696,1455,0.1323088114940438,train,high,3
2025-03-12,2025-03-12_r1120_c0672,5,3,1120,672,224,224,661016.7928851099,6057625.078082287,663263.1731614799,6059870.458216072,41491,0.8269092793367347,8685,True,True,True,data\raw\SummerSchool_Subset\images\2025-03-12\layers\2025-03-12_B04.tif,data\raw\SummerSchool_Subset\images\2025-03-12\layers\2025-03-12_B03.tif,data\raw\SummerSchool_Subset\images\2025-03-12\layers\2025-03-12_B02.tif,data\raw\SummerSchool_Subset\images\2025-03-12\layers\2025-03-12_VV.tif,data\raw\SummerSchool_Subset\images\2025-03-12\layers\2025-03-12_VH.tif,data\raw\SummerSchool_Subset\masks\2025_03_12.tiff,0 1 2 3 255,41277,0.994842254946856,27,0.0006507435347424,59,0.0014219951314742,128,0.0030850063869272,214,0.005157745053144,train,background/no algae,0
2025-03-12,2025-03-12_r1120_c0896,5,4,1120,896,224,224,663263.1731614799,6057625.078082287,665509.5534378499,6059870.458216072,42763,0.8522600446428571,7413,True,True,True,data\raw\SummerSchool_Subset\images\2025-03-12\layers\2025-03-12_B04.tif,data\raw\SummerSchool_Subset\images\2025-03-12\layers\2025-03-12_B03.tif,data\raw\SummerSchool_Subset\images\2025-03-12\layers\2025-03-12_B02.tif,data\raw\SummerSchool_Subset\images\2025-03-12\layers\2025-03-12_VV.tif,data\raw\SummerSchool_Subset\images\2025-03-12\layers\2025-03-12_VH.tif,data\raw\SummerSchool_Subset\masks\2025_03_12.tiff,0 1 2,42754,0.9997895376844468,1,2.3384701728129457e-05,8,0.000187077613825,0,0.0,9,0.0002104623155531,train,background/no algae,0
2025-03-12,2025-03-12_r1120_c1120,5,5,1120,1120,224,224,665509.5534378499,6057625.078082287,667755.9337142198,6059870.458216072,42336,0.84375,7840,True,True,True,data\raw\SummerSchool_Subset\images\2025-03-12\layers\2025-03-12_B04.tif,data\raw\SummerSchool_Subset\images\2025-03-12\layers\2025-03-12_B03.tif,data\raw\SummerSchool_Subset\images\2025-03-12\layers\2025-03-12_B02.tif,data\raw\SummerSchool_Subset\images\2025-03-12\layers\2025-03-12_VV.tif,data\raw\SummerSchool_Subset\images\2025-03-12\layers\2025-03-12_VH.tif,data\raw\SummerSchool_Subset\masks\2025_03_12.tiff,0 2 255,42323,0.999692932728647,0,0.0,13,0.0003070672713529,0,0.0,13,0.0003070672713529,train,background/no algae,0
2025-03-12,2025-03-12_r1120_c1344,5,6,1120,1344,224,224,667755.9337142198,6057625.078082287,670002.3139905898,6059870.458216072,37505,0.7474689094387755,12671,True,True,True,data\raw\SummerSchool_Subset\images\2025-03-12\layers\2025-03-12_B04.tif,data\raw\SummerSchool_Subset\images\2025-03-12\layers\2025-03-12_B03.tif,data\raw\SummerSchool_Subset\images\2025-03-12\layers\2025-03-12_B02.tif,data\raw\SummerSchool_Subset\images\2025-03-12\layers\2025-03-12_VV.tif,data\raw\SummerSchool_Subset\images\2025-03-12\layers\2025-03-12_VH.tif,data\raw\SummerSchool_Subset\masks\2025_03_12.tiff,0 1 2 255,37479,0.9993067590987867,8,0.0002133048926809,18,0.0004799360085321,0,0.0,26,0.0006932409012131,train,background/no algae,0
2025-03-12,2025-03-12_r1120_c1568,5,7,1120,1568,224,224,670002.3139905898,6057625.078082287,672248.6942669598,6059870.458216072,33902,0.6756616709183674,16274,True,True,True,data\raw\SummerSchool_Subset\images\2025-03-12\layers\2025-03-12_B04.tif,data\raw\SummerSchool_Subset\images\2025-03-12\layers\2025-03-12_B03.tif,data\raw\SummerSchool_Subset\images\2025-03-12\layers\2025-03-12_B02.tif,data\raw\SummerSchool_Subset\images\2025-03-12\layers\2025-03-12_VV.tif,data\raw\SummerSchool_Subset\images\2025-03-12\layers\2025-03-12_VH.tif,data\raw\SummerSchool_Subset\masks\2025_03_12.tiff,0 1 2 3 255,33847,0.9983776768332252,11,0.0003244646333549,43,0.0012683617485694,1,2.94967848504513e-05,55,0.0016223231667748,train,background/no algae,0
2025-03-12,2025-03-12_r1120_c1792,5,8,1120,1792,224,224,672248.6942669598,6057625.078082287,674495.0745433298,6059870.458216072,31572,0.6292251275510204,18604,True,True,True,data\raw\SummerSchool_Subset\images\2025-03-12\layers\2025-03-12_B04.tif,data\raw\SummerSchool_Subset\images\2025-03-12\layers\2025-03-12_B03.tif,data\raw\SummerSchool_Subset\images\2025-03-12\layers\2025-03-12_B02.tif,data\raw\SummerSchool_Subset\images\2025-03-12\layers\2025-03-12_VV.tif,data\raw\SummerSchool_Subset\images\2025-03-12\layers\2025-03-12_VH.tif,data\raw\SummerSchool_Subset\masks\2025_03_12.tiff,0 1 2 3 255,30284,0.9592043582921576,5,0.0001583681743316,948,0.0300266058532877,335,0.0106106676802229,1288,0.0407956417078423,train,high,3
2025-03-12,2025-03-12_r1344_c0672,6,3,1344,672,224,224,661016.7928851099,6055379.6979485005,663263.1731614799,6057625.078082287,37631,0.7499800701530612,12545,True,True,True,data\raw\SummerSchool_Subset\images\2025-03-12\layers\2025-03-12_B04.tif,data\raw\SummerSchool_Subset\images\2025-03-12\layers\2025-03-12_B03.tif,data\raw\SummerSchool_Subset\images\2025-03-12\layers\2025-03-12_B02.tif,data\raw\SummerSchool_Subset\images\2025-03-12\layers\2025-03-12_VV.tif,data\raw\SummerSchool_Subset\images\2025-03-12\layers\2025-03-12_VH.tif,data\raw\SummerSchool_Subset\masks\2025_03_12.tiff,0 1 2 3 255,37133,0.9867662299699717,62,0.0016475777949031,280,0.0074406739124657,156,0.0041455183226595,498,0.0132337700300284,train,background/no algae,0
2025-03-12,2025-03-12_r1344_c0896,6,4,1344,896,224,224,663263.1731614799,6055379.6979485005,665509.5534378499,6057625.078082287,42895,0.8548907844387755,7281,True,True,True,data\raw\SummerSchool_Subset\images\2025-03-12\layers\2025-03-12_B04.tif,data\raw\SummerSchool_Subset\images\2025-03-12\layers\2025-03-12_B03.tif,data\raw\SummerSchool_Subset\images\2025-03-12\layers\2025-03-12_B02.tif,data\raw\SummerSchool_Subset\images\2025-03-12\layers\2025-03-12_VV.tif,data\raw\SummerSchool_Subset\images\2025-03-12\layers\2025-03-12_VH.tif,data\raw\SummerSchool_Subset\masks\2025_03_12.tiff,0 2 255,42880,0.9996503088938103,0,0.0,15,0.0003496911061895,0,0.0,15,0.0003496911061895,train,background/no algae,0
2025-03-12,2025-03-12_r1344_c1120,6,5,1344,1120,224,224,665509.5534378499,6055379.6979485005,667755.9337142198,6057625.078082287,42056,0.8381696428571429,8120,True,True,True,data\raw\SummerSchool_Subset\images\2025-03-12\layers\2025-03-12_B04.tif,data\raw\SummerSchool_Subset\images\2025-03-12\layers\2025-03-12_B03.tif,data\raw\SummerSchool_Subset\images\2025-03-12\layers\2025-03-12_B02.tif,data\raw\SummerSchool_Subset\images\2025-03-12\layers\2025-03-12_VV.tif,data\raw\SummerSchool_Subset\images\2025-03-12\layers\2025-03-12_VH.tif,data\raw\SummerSchool_Subset\masks\2025_03_12.tiff,0 1 2 255,42039,0.9995957770591593,2,4.755564009891573e-05,15,0.0003566673007418,0,0.0,17,0.0004042229408407,train,background/no algae,0
2025-03-12,2025-03-12_r1344_c1344,6,6,1344,1344,224,224,667755.9337142198,6055379.6979485005,670002.3139905898,6057625.078082287,41157,0.8202527104591837,9019,True,True,True,data\raw\SummerSchool_Subset\images\2025-03-12\layers\2025-03-12_B04.tif,data\raw\SummerSchool_Subset\images\2025-03-12\layers\2025-03-12_B03.tif,data\raw\SummerSchool_Subset\images\2025-03-12\layers\2025-03-12_B02.tif,data\raw\SummerSchool_Subset\images\2025-03-12\layers\2025-03-12_VV.tif,data\raw\SummerSchool_Subset\images\2025-03-12\layers\2025-03-12_VH.tif,data\raw\SummerSchool_Subset\masks\2025_03_12.tiff,0 2 255,41133,0.9994168671185948,0,0.0,24,0.0005831328814053,0,0.0,24,0.0005831328814053,train,background/no algae,0
2025-03-12,2025-03-12_r1344_c1568,6,7,1344,1568,224,224,670002.3139905898,6055379.6979485005,672248.6942669598,6057625.078082287,42259,0.8422154017857143,7917,True,True,True,data\raw\SummerSchool_Subset\images\2025-03-12\layers\2025-03-12_B04.tif,data\raw\SummerSchool_Subset\images\2025-03-12\layers\2025-03-12_B03.tif,data\raw\SummerSchool_Subset\images\2025-03-12\layers\2025-03-12_B02.tif,data\raw\SummerSchool_Subset\images\2025-03-12\layers\2025-03-12_VV.tif,data\raw\SummerSchool_Subset\images\2025-03-12\layers\2025-03-12_VH.tif,data\raw\SummerSchool_Subset\masks\2025_03_12.tiff,0 1 2 3 255,42200,0.9986038477010816,13,0.0003076267777278,42,0.0009938711280437,4,9.465439314702194e-05,59,0.0013961522989185,train,background/no algae,0
2025-03-12,2025-03-12_r1344_c1792,6,8,1344,1792,224,224,672248.6942669598,6055379.6979485005,674495.0745433298,6057625.078082287,24740,0.4930644132653061,25436,True,True,True,data\raw\SummerSchool_Subset\images\2025-03-12\layers\2025-03-12_B04.tif,data\raw\SummerSchool_Subset\images\2025-03-12\layers\2025-03-12_B03.tif,data\raw\SummerSchool_Subset\images\2025-03-12\layers\2025-03-12_B02.tif,data\raw\SummerSchool_Subset\images\2025-03-12\layers\2025-03-12_VV.tif,data\raw\SummerSchool_Subset\images\2025-03-12\layers\2025-03-12_VH.tif,data\raw\SummerSchool_Subset\masks\2025_03_12.tiff,0 1 2 3 255,23591,0.953556992724333,3,0.0001212611156022,849,0.0343168957154405,297,0.012004850444624,1149,0.0464430072756669,train,high,3
2025-03-12,2025-03-12_r1568_c1120,7,5,1568,1120,224,224,665509.5534378499,6053134.317814715,667755.9337142198,6055379.6979485005,15905,0.3169842155612244,34271,True,True,True,data\raw\SummerSchool_Subset\images\2025-03-12\layers\2025-03-12_B04.tif,data\raw\SummerSchool_Subset\images\2025-03-12\layers\2025-03-12_B03.tif,data\raw\SummerSchool_Subset\images\2025-03-12\layers\2025-03-12_B02.tif,data\raw\SummerSchool_Subset\images\2025-03-12\layers\2025-03-12_VV.tif,data\raw\SummerSchool_Subset\images\2025-03-12\layers\2025-03-12_VH.tif,data\raw\SummerSchool_Subset\masks\2025_03_12.tiff,0 2 255,15896,0.999434140207482,0,0.0,9,0.000565859792518,0,0.0,9,0.000565859792518,train,background/no algae,0
2025-03-12,2025-03-12_r1568_c1344,7,6,1568,1344,224,224,667755.9337142198,6053134.317814715,670002.3139905898,6055379.6979485005,23326,0.4648836096938775,26850,True,True,True,data\raw\SummerSchool_Subset\images\2025-03-12\layers\2025-03-12_B04.tif,data\raw\SummerSchool_Subset\images\2025-03-12\layers\2025-03-12_B03.tif,data\raw\SummerSchool_Subset\images\2025-03-12\layers\2025-03-12_B02.tif,data\raw\SummerSchool_Subset\images\2025-03-12\layers\2025-03-12_VV.tif,data\raw\SummerSchool_Subset\images\2025-03-12\layers\2025-03-12_VH.tif,data\raw\SummerSchool_Subset\masks\2025_03_12.tiff,0 1 2 255,23314,0.9994855526022464,1,4.287061647946498e-05,11,0.0004715767812741,0,0.0,12,0.0005144473977535,train,background/no algae,0
2025-03-12,2025-03-12_r1568_c1568,7,7,1568,1568,224,224,670002.3139905898,6053134.317814715,672248.6942669598,6055379.6979485005,32387,0.6454679528061225,17789,True,True,True,data\raw\SummerSchool_Subset\images\2025-03-12\layers\2025-03-12_B04.tif,data\raw\SummerSchool_Subset\images\2025-03-12\layers\2025-03-12_B03.tif,data\raw\SummerSchool_Subset\images\2025-03-12\layers\2025-03-12_B02.tif,data\raw\SummerSchool_Subset\images\2025-03-12\layers\2025-03-12_VV.tif,data\raw\SummerSchool_Subset\images\2025-03-12\layers\2025-03-12_VH.tif,data\raw\SummerSchool_Subset\masks\2025_03_12.tiff,0 2 255,32363,0.9992589619291692,0,0.0,24,0.0007410380708308,0,0.0,24,0.0007410380708308,train,background/no algae,0
2025-03-12,2025-03-12_r1568_c1792,7,8,1568,1792,224,224,672248.6942669598,6053134.317814715,674495.0745433298,6055379.6979485005,23144,0.4612563775510204,27032,True,True,True,data\raw\SummerSchool_Subset\images\2025-03-12\layers\2025-03-12_B04.tif,data\raw\SummerSchool_Subset\images\2025-03-12\layers\2025-03-12_B03.tif,data\raw\SummerSchool_Subset\images\2025-03-12\layers\2025-03-12_B02.tif,data\raw\SummerSchool_Subset\images\2025-03-12\layers\2025-03-12_VV.tif,data\raw\SummerSchool_Subset\images\2025-03-12\layers\2025-03-12_VH.tif,data\raw\SummerSchool_Subset\masks\2025_03_12.tiff,0 1 2 3 255,22108,0.9552367784306948,17,0.0007345316280677,790,0.0341341168337366,229,0.0098945731075008,1036,0.0447632215693052,train,mid,2
2025-03-12,2025-03-12_r1568_c2016,7,9,1568,2016,224,224,674495.0745433298,6053134.317814715,676741.4548196997,6055379.6979485005,20539,0.4093391262755102,29637,True,True,True,data\raw\SummerSchool_Subset\images\2025-03-12\layers\2025-03-12_B04.tif,data\raw\SummerSchool_Subset\images\2025-03-12\layers\2025-03-12_B03.tif,data\raw\SummerSchool_Subset\images\2025-03-12\layers\2025-03-12_B02.tif,data\raw\SummerSchool_Subset\images\2025-03-12\layers\2025-03-12_VV.tif,data\raw\SummerSchool_Subset\images\2025-03-12\layers\2025-03-12_VH.tif,data\raw\SummerSchool_Subset\masks\2025_03_12.tiff,0 1 2 3 255,18507,0.90106626418034,2,9.737572423194896e-05,1757,0.0855445737377671,273,0.013291786357661,2032,0.0989337358196601,train,high,3
2025-04-08,2025-04-08_r0000_c0672,0,3,0,672,224,224,661016.7928851099,6068851.978751215,663263.1731614799,6071097.358885,21677,0.4320192920918367,28499,True,True,True,data\raw\SummerSchool_Subset\images\2025-04-08\layers\2025-04-08_B04.tif,data\raw\SummerSchool_Subset\images\2025-04-08\layers\2025-04-08_B03.tif,data\raw\SummerSchool_Subset\images\2025-04-08\layers\2025-04-08_B02.tif,data\raw\SummerSchool_Subset\images\2025-04-08\layers\2025-04-08_VV.tif,data\raw\SummerSchool_Subset\images\2025-04-08\layers\2025-04-08_VH.tif,data\raw\SummerSchool_Subset\masks\2025_04_08.tiff,0 1 2 3 255,18975,0.8753517553166951,455,0.0209899893896756,1871,0.0863126816441389,376,0.0173455736494902,2702,0.1246482446833048,train,high,3
2025-04-08,2025-04-08_r0224_c0448,1,2,224,448,224,224,658770.4126087399,6066606.598617429,661016.7928851099,6068851.978751215,18298,0.3646763392857143,31878,True,True,True,data\raw\SummerSchool_Subset\images\2025-04-08\layers\2025-04-08_B04.tif,data\raw\SummerSchool_Subset\images\2025-04-08\layers\2025-04-08_B03.tif,data\raw\SummerSchool_Subset\images\2025-04-08\layers\2025-04-08_B02.tif,data\raw\SummerSchool_Subset\images\2025-04-08\layers\2025-04-08_VV.tif,data\raw\SummerSchool_Subset\images\2025-04-08\layers\2025-04-08_VH.tif,data\raw\SummerSchool_Subset\masks\2025_04_08.tiff,0 1 2 3 255,15615,0.853371953218931,1131,0.0618100338834845,1401,0.0765657448901519,151,0.0082522680074325,2683,0.1466280467810689,train,mid,2
2025-04-08,2025-04-08_r0224_c0672,1,3,224,672,224,224,661016.7928851099,6066606.598617429,663263.1731614799,6068851.978751215,44431,0.8855030293367347,5745,True,True,True,data\raw\SummerSchool_Subset\images\2025-04-08\layers\2025-04-08_B04.tif,data\raw\SummerSchool_Subset\images\2025-04-08\layers\2025-04-08_B03.tif,data\raw\SummerSchool_Subset\images\2025-04-08\layers\2025-04-08_B02.tif,data\raw\SummerSchool_Subset\images\2025-04-08\layers\2025-04-08_VV.tif,data\raw\SummerSchool_Subset\images\2025-04-08\layers\2025-04-08_VH.tif,data\raw\SummerSchool_Subset\masks\2025_04_08.tiff,0 1 2 3 255,40588,0.9135063356665392,21,0.0004726429744997,3636,0.0818347550133915,186,0.0041862663455695,3843,0.0864936643334608,train,mid,2
2025-04-08,2025-04-08_r0224_c2016,1,9,224,2016,224,224,674495.0745433298,6066606.598617429,676741.4548196997,6068851.978751215,19267,0.3839883609693877,30909,True,True,True,data\raw\SummerSchool_Subset\images\2025-04-08\layers\2025-04-08_B04.tif,data\raw\SummerSchool_Subset\images\2025-04-08\layers\2025-04-08_B03.tif,data\raw\SummerSchool_Subset\images\2025-04-08\layers\2025-04-08_B02.tif,data\raw\SummerSchool_Subset\images\2025-04-08\layers\2025-04-08_VV.tif,data\raw\SummerSchool_Subset\images\2025-04-08\layers\2025-04-08_VH.tif,data\raw\SummerSchool_Subset\masks\2025_04_08.tiff,0 1 2 3 255,16742,0.8689469040328022,64,0.0033217418383764,2188,0.1135620490994965,273,0.0141693050293247,2525,0.1310530959671978,train,high,3
2025-04-08,2025-04-08_r0448_c0448,2,2,448,448,224,224,658770.4126087399,6064361.218483644,661016.7928851099,6066606.598617429,34682,0.6912069515306123,15494,True,True,True,data\raw\SummerSchool_Subset\images\2025-04-08\layers\2025-04-08_B04.tif,data\raw\SummerSchool_Subset\images\2025-04-08\layers\2025-04-08_B03.tif,data\raw\SummerSchool_Subset\images\2025-04-08\layers\2025-04-08_B02.tif,data\raw\SummerSchool_Subset\images\2025-04-08\layers\2025-04-08_VV.tif,data\raw\SummerSchool_Subset\images\2025-04-08\layers\2025-04-08_VH.tif,data\raw\SummerSchool_Subset\masks\2025_04_08.tiff,0 1 2 3 255,32682,0.9423331987774638,833,0.0240182227091863,946,0.0272763969782596,221,0.0063721815350902,2000,0.0576668012225361,train,mid,2
2025-04-08,2025-04-08_r0448_c0672,2,3,448,672,224,224,661016.7928851099,6064361.218483644,663263.1731614799,6066606.598617429,42563,0.848274075255102,7613,True,True,True,data\raw\SummerSchool_Subset\images\2025-04-08\layers\2025-04-08_B04.tif,data\raw\SummerSchool_Subset\images\2025-04-08\layers\2025-04-08_B03.tif,data\raw\SummerSchool_Subset\images\2025-04-08\layers\2025-04-08_B02.tif,data\raw\SummerSchool_Subset\images\2025-04-08\layers\2025-04-08_VV.tif,data\raw\SummerSchool_Subset\images\2025-04-08\layers\2025-04-08_VH.tif,data\raw\SummerSchool_Subset\masks\2025_04_08.tiff,0 1 2 3 255,40689,0.955971148650236,20,0.0004698916899654,1672,0.0392829452811127,182,0.0042760143786857,1874,0.0440288513497638,train,mid,2
2025-04-08,2025-04-08_r0448_c0896,2,4,448,896,224,224,663263.1731614799,6064361.218483644,665509.5534378499,6066606.598617429,20124,0.4010682397959184,30052,True,True,True,data\raw\SummerSchool_Subset\images\2025-04-08\layers\2025-04-08_B04.tif,data\raw\SummerSchool_Subset\images\2025-04-08\layers\2025-04-08_B03.tif,data\raw\SummerSchool_Subset\images\2025-04-08\layers\2025-04-08_B02.tif,data\raw\SummerSchool_Subset\images\2025-04-08\layers\2025-04-08_VV.tif,data\raw\SummerSchool_Subset\images\2025-04-08\layers\2025-04-08_VH.tif,data\raw\SummerSchool_Subset\masks\2025_04_08.tiff,0 1 2 3 255,12052,0.5988869012124826,104,0.0051679586563307,7392,0.3673225998807394,576,0.0286225402504472,8072,0.4011130987875174,train,high,3
2025-04-08,2025-04-08_r0448_c1568,2,7,448,1568,224,224,670002.3139905898,6064361.218483644,672248.6942669598,6066606.598617429,24871,0.4956752232142857,25305,True,True,True,data\raw\SummerSchool_Subset\images\2025-04-08\layers\2025-04-08_B04.tif,data\raw\SummerSchool_Subset\images\2025-04-08\layers\2025-04-08_B03.tif,data\raw\SummerSchool_Subset\images\2025-04-08\layers\2025-04-08_B02.tif,data\raw\SummerSchool_Subset\images\2025-04-08\layers\2025-04-08_VV.tif,data\raw\SummerSchool_Subset\images\2025-04-08\layers\2025-04-08_VH.tif,data\raw\SummerSchool_Subset\masks\2025_04_08.tiff,0 1 2 3 255,22323,0.8975513650436251,8,0.0003216597643842,2066,0.0830686341522254,474,0.0190583410397651,2548,0.1024486349563748,train,high,3
2025-04-08,2025-04-08_r0448_c1792,2,8,448,1792,224,224,672248.6942669598,6064361.218483644,674495.0745433298,6066606.598617429,40378,0.8047273596938775,9798,True,True,True,data\raw\SummerSchool_Subset\images\2025-04-08\layers\2025-04-08_B04.tif,data\raw\SummerSchool_Subset\images\2025-04-08\layers\2025-04-08_B03.tif,data\raw\SummerSchool_Subset\images\2025-04-08\layers\2025-04-08_B02.tif,data\raw\SummerSchool_Subset\images\2025-04-08\layers\2025-04-08_VV.tif,data\raw\SummerSchool_Subset\images\2025-04-08\layers\2025-04-08_VH.tif,data\raw\SummerSchool_Subset\masks\2025_04_08.tiff,0 1 2 3 255,38841,0.9619347169250582,3,7.429788498687404e-05,1453,0.0359849422953093,81,0.0020060428946455,1537,0.0380652830749418,train,mid,2
2025-04-08,2025-04-08_r0448_c2016,2,9,448,2016,224,224,674495.0745433298,6064361.218483644,676741.4548196997,6066606.598617429,42710,0.851203762755102,7466,True,True,True,data\raw\SummerSchool_Subset\images\2025-04-08\layers\2025-04-08_B04.tif,data\raw\SummerSchool_Subset\images\2025-04-08\layers\2025-04-08_B03.tif,data\raw\SummerSchool_Subset\images\2025-04-08\layers\2025-04-08_B02.tif,data\raw\SummerSchool_Subset\images\2025-04-08\layers\2025-04-08_VV.tif,data\raw\SummerSchool_Subset\images\2025-04-08\layers\2025-04-08_VH.tif,data\raw\SummerSchool_Subset\masks\2025_04_08.tiff,0 2,41292,0.9667993444158276,0,0.0,1418,0.0332006555841723,0,0.0,1418,0.0332006555841723,train,mid,2
2025-04-08,2025-04-08_r0448_c2240,2,10,448,2240,224,224,676741.4548196997,6064361.218483644,678987.8350960697,6066606.598617429,27485,0.5477718431122449,22691,True,True,True,data\raw\SummerSchool_Subset\images\2025-04-08\layers\2025-04-08_B04.tif,data\raw\SummerSchool_Subset\images\2025-04-08\layers\2025-04-08_B03.tif,data\raw\SummerSchool_Subset\images\2025-04-08\layers\2025-04-08_B02.tif,data\raw\SummerSchool_Subset\images\2025-04-08\layers\2025-04-08_VV.tif,data\raw\SummerSchool_Subset\images\2025-04-08\layers\2025-04-08_VH.tif,data\raw\SummerSchool_Subset\masks\2025_04_08.tiff,0 1 2 3 255,23629,0.8597052937966163,626,0.0227760596689103,2928,0.1065308350009095,302,0.0109878115335637,3856,0.1402947062033836,train,high,3
2025-04-08,2025-04-08_r0672_c0448,3,2,672,448,224,224,658770.4126087399,6062115.838349857,661016.7928851099,6064361.218483644,29638,0.5906808035714286,20538,True,True,True,data\raw\SummerSchool_Subset\images\2025-04-08\layers\2025-04-08_B04.tif,data\raw\SummerSchool_Subset\images\2025-04-08\layers\2025-04-08_B03.tif,data\raw\SummerSchool_Subset\images\2025-04-08\layers\2025-04-08_B02.tif,data\raw\SummerSchool_Subset\images\2025-04-08\layers\2025-04-08_VV.tif,data\raw\SummerSchool_Subset\images\2025-04-08\layers\2025-04-08_VH.tif,data\raw\SummerSchool_Subset\masks\2025_04_08.tiff,0 1 2 3 255,29039,0.9797894594776976,5,0.0001687023415885,588,0.0198393953708077,6,0.0002024428099062,599,0.0202105405223024,train,mid,2
2025-04-08,2025-04-08_r0672_c0672,3,3,672,672,224,224,661016.7928851099,6062115.838349857,663263.1731614799,6064361.218483644,41242,0.8219467474489796,8934,True,True,True,data\raw\SummerSchool_Subset\images\2025-04-08\layers\2025-04-08_B04.tif,data\raw\SummerSchool_Subset\images\2025-04-08\layers\2025-04-08_B03.tif,data\raw\SummerSchool_Subset\images\2025-04-08\layers\2025-04-08_B02.tif,data\raw\SummerSchool_Subset\images\2025-04-08\layers\2025-04-08_VV.tif,data\raw\SummerSchool_Subset\images\2025-04-08\layers\2025-04-08_VH.tif,data\raw\SummerSchool_Subset\masks\2025_04_08.tiff,0 1 2,40637,0.985330488337132,1,2.4247126715484216e-05,604,0.0146452645361524,0,0.0,605,0.0146695116628679,train,mid,2
2025-04-08,2025-04-08_r0672_c0896,3,4,672,896,224,224,663263.1731614799,6062115.838349857,665509.5534378499,6064361.218483644,40828,0.8136957908163265,9348,True,True,True,data\raw\SummerSchool_Subset\images\2025-04-08\layers\2025-04-08_B04.tif,data\raw\SummerSchool_Subset\images\2025-04-08\layers\2025-04-08_B03.tif,data\raw\SummerSchool_Subset\images\2025-04-08\layers\2025-04-08_B02.tif,data\raw\SummerSchool_Subset\images\2025-04-08\layers\2025-04-08_VV.tif,data\raw\SummerSchool_Subset\images\2025-04-08\layers\2025-04-08_VH.tif,data\raw\SummerSchool_Subset\masks\2025_04_08.tiff,0 1 2 3 255,39530,0.9682080924855492,4,9.797198001371608e-05,1289,0.03157147055942,5,0.0001224649750171,1298,0.0317919075144508,train,mid,2
2025-04-08,2025-04-08_r0672_c1120,3,5,672,1120,224,224,665509.5534378499,6062115.838349857,667755.9337142198,6064361.218483644,40645,0.8100486288265306,9531,True,True,True,data\raw\SummerSchool_Subset\images\2025-04-08\layers\2025-04-08_B04.tif,data\raw\SummerSchool_Subset\images\2025-04-08\layers\2025-04-08_B03.tif,data\raw\SummerSchool_Subset\images\2025-04-08\layers\2025-04-08_B02.tif,data\raw\SummerSchool_Subset\images\2025-04-08\layers\2025-04-08_VV.tif,data\raw\SummerSchool_Subset\images\2025-04-08\layers\2025-04-08_VH.tif,data\raw\SummerSchool_Subset\masks\2025_04_08.tiff,0 2,40337,0.992422192151556,0,0.0,308,0.0075778078484438,0,0.0,308,0.0075778078484438,train,background/no algae,0
2025-04-08,2025-04-08_r0672_c1344,3,6,672,1344,224,224,667755.9337142198,6062115.838349857,670002.3139905898,6064361.218483644,39122,0.7796954719387755,11054,True,True,True,data\raw\SummerSchool_Subset\images\2025-04-08\layers\2025-04-08_B04.tif,data\raw\SummerSchool_Subset\images\2025-04-08\layers\2025-04-08_B03.tif,data\raw\SummerSchool_Subset\images\2025-04-08\layers\2025-04-08_B02.tif,data\raw\SummerSchool_Subset\images\2025-04-08\layers\2025-04-08_VV.tif,data\raw\SummerSchool_Subset\images\2025-04-08\layers\2025-04-08_VH.tif,data\raw\SummerSchool_Subset\masks\2025_04_08.tiff,0 1 2 255,38836,0.9926895352998312,2,5.112213077041051e-05,284,0.0072593425693982,0,0.0,286,0.0073104647001687,train,background/no algae,0
2025-04-08,2025-04-08_r0672_c1568,3,7,672,1568,224,224,670002.3139905898,6062115.838349857,672248.6942669598,6064361.218483644,40213,0.8014389349489796,9963,True,True,True,data\raw\SummerSchool_Subset\images\2025-04-08\layers\2025-04-08_B04.tif,data\raw\SummerSchool_Subset\images\2025-04-08\layers\2025-04-08_B03.tif,data\raw\SummerSchool_Subset\images\2025-04-08\layers\2025-04-08_B02.tif,data\raw\SummerSchool_Subset\images\2025-04-08\layers\2025-04-08_VV.tif,data\raw\SummerSchool_Subset\images\2025-04-08\layers\2025-04-08_VH.tif,data\raw\SummerSchool_Subset\masks\2025_04_08.tiff,0 2,39945,0.9933354885236118,0,0.0,268,0.0066645114763882,0,0.0,268,0.0066645114763882,train,background/no algae,0
2025-04-08,2025-04-08_r0672_c1792,3,8,672,1792,224,224,672248.6942669598,6062115.838349857,674495.0745433298,6064361.218483644,41320,0.8235012755102041,8856,True,True,True,data\raw\SummerSchool_Subset\images\2025-04-08\layers\2025-04-08_B04.tif,data\raw\SummerSchool_Subset\images\2025-04-08\layers\2025-04-08_B03.tif,data\raw\SummerSchool_Subset\images\2025-04-08\layers\2025-04-08_B02.tif,data\raw\SummerSchool_Subset\images\2025-04-08\layers\2025-04-08_VV.tif,data\raw\SummerSchool_Subset\images\2025-04-08\layers\2025-04-08_VH.tif,data\raw\SummerSchool_Subset\masks\2025_04_08.tiff,0 2,40825,0.9880203291384316,0,0.0,495,0.0119796708615682,0,0.0,495,0.0119796708615682,train,mid,2
2025-04-08,2025-04-08_r0672_c2016,3,9,672,2016,224,224,674495.0745433298,6062115.838349857,676741.4548196997,6064361.218483644,40408,0.8053252551020408,9768,True,True,True,data\raw\SummerSchool_Subset\images\2025-04-08\layers\2025-04-08_B04.tif,data\raw\SummerSchool_Subset\images\2025-04-08\layers\2025-04-08_B03.tif,data\raw\SummerSchool_Subset\images\2025-04-08\layers\2025-04-08_B02.tif,data\raw\SummerSchool_Subset\images\2025-04-08\layers\2025-04-08_VV.tif,data\raw\SummerSchool_Subset\images\2025-04-08\layers\2025-04-08_VH.tif,data\raw\SummerSchool_Subset\masks\2025_04_08.tiff,0 1 2 3 255,38316,0.9482280736487824,8,0.0001979805979014,2012,0.0497921203722035,72,0.0017818253811126,2092,0.0517719263512175,train,mid,2
2025-04-08,2025-04-08_r0896_c0448,4,2,896,448,224,224,658770.4126087399,6059870.458216072,661016.7928851099,6062115.838349857,20987,0.4182676977040816,29189,True,True,True,data\raw\SummerSchool_Subset\images\2025-04-08\layers\2025-04-08_B04.tif,data\raw\SummerSchool_Subset\images\2025-04-08\layers\2025-04-08_B03.tif,data\raw\SummerSchool_Subset\images\2025-04-08\layers\2025-04-08_B02.tif,data\raw\SummerSchool_Subset\images\2025-04-08\layers\2025-04-08_VV.tif,data\raw\SummerSchool_Subset\images\2025-04-08\layers\2025-04-08_VH.tif,data\raw\SummerSchool_Subset\masks\2025_04_08.tiff,0 1 2 3 255,19583,0.9331014437508934,194,0.0092438176013722,1097,0.0522704531376566,113,0.0053842855100776,1404,0.0668985562491066,train,mid,2
2025-04-08,2025-04-08_r0896_c0672,4,3,896,672,224,224,661016.7928851099,6059870.458216072,663263.1731614799,6062115.838349857,41362,0.8243383290816326,8814,True,True,True,data\raw\SummerSchool_Subset\images\2025-04-08\layers\2025-04-08_B04.tif,data\raw\SummerSchool_Subset\images\2025-04-08\layers\2025-04-08_B03.tif,data\raw\SummerSchool_Subset\images\2025-04-08\layers\2025-04-08_B02.tif,data\raw\SummerSchool_Subset\images\2025-04-08\layers\2025-04-08_VV.tif,data\raw\SummerSchool_Subset\images\2025-04-08\layers\2025-04-08_VH.tif,data\raw\SummerSchool_Subset\masks\2025_04_08.tiff,0 1 2 255,41020,0.9917315410279968,21,0.0005077123930177,321,0.0077607465789855,0,0.0,342,0.0082684589720032,train,background/no algae,0
2025-04-08,2025-04-08_r0896_c0896,4,4,896,896,224,224,663263.1731614799,6059870.458216072,665509.5534378499,6062115.838349857,40341,0.8039899553571429,9835,True,True,True,data\raw\SummerSchool_Subset\images\2025-04-08\layers\2025-04-08_B04.tif,data\raw\SummerSchool_Subset\images\2025-04-08\layers\2025-04-08_B03.tif,data\raw\SummerSchool_Subset\images\2025-04-08\layers\2025-04-08_B02.tif,data\raw\SummerSchool_Subset\images\2025-04-08\layers\2025-04-08_VV.tif,data\raw\SummerSchool_Subset\images\2025-04-08\layers\2025-04-08_VH.tif,data\raw\SummerSchool_Subset\masks\2025_04_08.tiff,0 2,40162,0.9955628269006718,0,0.0,179,0.0044371730993282,0,0.0,179,0.0044371730993282,train,background/no algae,0
2025-04-08,2025-04-08_r0896_c1120,4,5,896,1120,224,224,665509.5534378499,6059870.458216072,667755.9337142198,6062115.838349857,40317,0.8035116390306123,9859,True,True,True,data\raw\SummerSchool_Subset\images\2025-04-08\layers\2025-04-08_B04.tif,data\raw\SummerSchool_Subset\images\2025-04-08\layers\2025-04-08_B03.tif,data\raw\SummerSchool_Subset\images\2025-04-08\layers\2025-04-08_B02.tif,data\raw\SummerSchool_Subset\images\2025-04-08\layers\2025-04-08_VV.tif,data\raw\SummerSchool_Subset\images\2025-04-08\layers\2025-04-08_VH.tif,data\raw\SummerSchool_Subset\masks\2025_04_08.tiff,0 2,40267,0.998759828360245,0,0.0,50,0.0012401716397549,0,0.0,50,0.0012401716397549,train,background/no algae,0
2025-04-08,2025-04-08_r0896_c1344,4,6,896,1344,224,224,667755.9337142198,6059870.458216072,670002.3139905898,6062115.838349857,39640,0.7900191326530612,10536,True,True,True,data\raw\SummerSchool_Subset\images\2025-04-08\layers\2025-04-08_B04.tif,data\raw\SummerSchool_Subset\images\2025-04-08\layers\2025-04-08_B03.tif,data\raw\SummerSchool_Subset\images\2025-04-08\layers\2025-04-08_B02.tif,data\raw\SummerSchool_Subset\images\2025-04-08\layers\2025-04-08_VV.tif,data\raw\SummerSchool_Subset\images\2025-04-08\layers\2025-04-08_VH.tif,data\raw\SummerSchool_Subset\masks\2025_04_08.tiff,0 2,39600,0.9989909182643796,0,0.0,40,0.0010090817356205,0,0.0,40,0.0010090817356205,train,background/no algae,0
2025-04-08,2025-04-08_r0896_c1568,4,7,896,1568,224,224,670002.3139905898,6059870.458216072,672248.6942669598,6062115.838349857,40659,0.8103276466836735,9517,True,True,True,data\raw\SummerSchool_Subset\images\2025-04-08\layers\2025-04-08_B04.tif,data\raw\SummerSchool_Subset\images\2025-04-08\layers\2025-04-08_B03.tif,data\raw\SummerSchool_Subset\images\2025-04-08\layers\2025-04-08_B02.tif,data\raw\SummerSchool_Subset\images\2025-04-08\layers\2025-04-08_VV.tif,data\raw\SummerSchool_Subset\images\2025-04-08\layers\2025-04-08_VH.tif,data\raw\SummerSchool_Subset\masks\2025_04_08.tiff,0 2,40591,0.9983275535551784,0,0.0,68,0.0016724464448215,0,0.0,68,0.0016724464448215,train,background/no algae,0
2025-04-08,2025-04-08_r0896_c1792,4,8,896,1792,224,224,672248.6942669598,6059870.458216072,674495.0745433298,6062115.838349857,40309,0.803352200255102,9867,True,True,True,data\raw\SummerSchool_Subset\images\2025-04-08\layers\2025-04-08_B04.tif,data\raw\SummerSchool_Subset\images\2025-04-08\layers\2025-04-08_B03.tif,data\raw\SummerSchool_Subset\images\2025-04-08\layers\2025-04-08_B02.tif,data\raw\SummerSchool_Subset\images\2025-04-08\layers\2025-04-08_VV.tif,data\raw\SummerSchool_Subset\images\2025-04-08\layers\2025-04-08_VH.tif,data\raw\SummerSchool_Subset\masks\2025_04_08.tiff,0 2,39793,0.9871988885856756,0,0.0,516,0.0128011114143243,0,0.0,516,0.0128011114143243,train,mid,2
2025-04-08,2025-04-08_r0896_c2016,4,9,896,2016,224,224,674495.0745433298,6059870.458216072,676741.4548196997,6062115.838349857,18028,0.3592952806122449,32148,True,True,True,data\raw\SummerSchool_Subset\images\2025-04-08\layers\2025-04-08_B04.tif,data\raw\SummerSchool_Subset\images\2025-04-08\layers\2025-04-08_B03.tif,data\raw\SummerSchool_Subset\images\2025-04-08\layers\2025-04-08_B02.tif,data\raw\SummerSchool_Subset\images\2025-04-08\layers\2025-04-08_VV.tif,data\raw\SummerSchool_Subset\images\2025-04-08\layers\2025-04-08_VH.tif,data\raw\SummerSchool_Subset\masks\2025_04_08.tiff,0 1 2 3 255,15646,0.8678721988018637,45,0.0024961171510982,2048,0.1136010650099844,289,0.0160306190370534,2382,0.1321278011981362,train,high,3
2025-04-08,2025-04-08_r1120_c0672,5,3,1120,672,224,224,661016.7928851099,6057625.078082287,663263.1731614799,6059870.458216072,39715,0.7915138711734694,10461,True,True,True,data\raw\SummerSchool_Subset\images\2025-04-08\layers\2025-04-08_B04.tif,data\raw\SummerSchool_Subset\images\2025-04-08\layers\2025-04-08_B03.tif,data\raw\SummerSchool_Subset\images\2025-04-08\layers\2025-04-08_B02.tif,data\raw\SummerSchool_Subset\images\2025-04-08\layers\2025-04-08_VV.tif,data\raw\SummerSchool_Subset\images\2025-04-08\layers\2025-04-08_VH.tif,data\raw\SummerSchool_Subset\masks\2025_04_08.tiff,0 1 2 3 255,38564,0.9710185068613874,13,0.0003273322422258,1018,0.0256326325066095,120,0.0030215283897771,1151,0.0289814931386126,train,mid,2
2025-04-08,2025-04-08_r1120_c0896,5,4,1120,896,224,224,663263.1731614799,6057625.078082287,665509.5534378499,6059870.458216072,40360,0.8043686224489796,9816,True,True,True,data\raw\SummerSchool_Subset\images\2025-04-08\layers\2025-04-08_B04.tif,data\raw\SummerSchool_Subset\images\2025-04-08\layers\2025-04-08_B03.tif,data\raw\SummerSchool_Subset\images\2025-04-08\layers\2025-04-08_B02.tif,data\raw\SummerSchool_Subset\images\2025-04-08\layers\2025-04-08_VV.tif,data\raw\SummerSchool_Subset\images\2025-04-08\layers\2025-04-08_VH.tif,data\raw\SummerSchool_Subset\masks\2025_04_08.tiff,0 1 2 255,40265,0.9976461843409316,9,0.000222993062438,86,0.0021308225966303,0,0.0,95,0.0023538156590683,train,background/no algae,0
2025-04-08,2025-04-08_r1120_c1120,5,5,1120,1120,224,224,665509.5534378499,6057625.078082287,667755.9337142198,6059870.458216072,38238,0.762077487244898,11938,True,True,True,data\raw\SummerSchool_Subset\images\2025-04-08\layers\2025-04-08_B04.tif,data\raw\SummerSchool_Subset\images\2025-04-08\layers\2025-04-08_B03.tif,data\raw\SummerSchool_Subset\images\2025-04-08\layers\2025-04-08_B02.tif,data\raw\SummerSchool_Subset\images\2025-04-08\layers\2025-04-08_VV.tif,data\raw\SummerSchool_Subset\images\2025-04-08\layers\2025-04-08_VH.tif,data\raw\SummerSchool_Subset\masks\2025_04_08.tiff,0 2 255,38147,0.9976201684188504,0,0.0,91,0.0023798315811496,0,0.0,91,0.0023798315811496,train,background/no algae,0
2025-04-08,2025-04-08_r1120_c1344,5,6,1120,1344,224,224,667755.9337142198,6057625.078082287,670002.3139905898,6059870.458216072,37557,0.7485052614795918,12619,True,True,True,data\raw\SummerSchool_Subset\images\2025-04-08\layers\2025-04-08_B04.tif,data\raw\SummerSchool_Subset\images\2025-04-08\layers\2025-04-08_B03.tif,data\raw\SummerSchool_Subset\images\2025-04-08\layers\2025-04-08_B02.tif,data\raw\SummerSchool_Subset\images\2025-04-08\layers\2025-04-08_VV.tif,data\raw\SummerSchool_Subset\images\2025-04-08\layers\2025-04-08_VH.tif,data\raw\SummerSchool_Subset\masks\2025_04_08.tiff,0 2,37522,0.9990680831802328,0,0.0,35,0.0009319168197672,0,0.0,35,0.0009319168197672,train,background/no algae,0
2025-04-08,2025-04-08_r1120_c1568,5,7,1120,1568,224,224,670002.3139905898,6057625.078082287,672248.6942669598,6059870.458216072,38779,0.7728595344387755,11397,True,True,True,data\raw\SummerSchool_Subset\images\2025-04-08\layers\2025-04-08_B04.tif,data\raw\SummerSchool_Subset\images\2025-04-08\layers\2025-04-08_B03.tif,data\raw\SummerSchool_Subset\images\2025-04-08\layers\2025-04-08_B02.tif,data\raw\SummerSchool_Subset\images\2025-04-08\layers\2025-04-08_VV.tif,data\raw\SummerSchool_Subset\images\2025-04-08\layers\2025-04-08_VH.tif,data\raw\SummerSchool_Subset\masks\2025_04_08.tiff,0 2,38732,0.9987880038164986,0,0.0,47,0.0012119961835013,0,0.0,47,0.0012119961835013,train,background/no algae,0
2025-04-08,2025-04-08_r1120_c1792,5,8,1120,1792,224,224,672248.6942669598,6057625.078082287,674495.0745433298,6059870.458216072,36797,0.7333585778061225,13379,True,True,True,data\raw\SummerSchool_Subset\images\2025-04-08\layers\2025-04-08_B04.tif,data\raw\SummerSchool_Subset\images\2025-04-08\layers\2025-04-08_B03.tif,data\raw\SummerSchool_Subset\images\2025-04-08\layers\2025-04-08_B02.tif,data\raw\SummerSchool_Subset\images\2025-04-08\layers\2025-04-08_VV.tif,data\raw\SummerSchool_Subset\images\2025-04-08\layers\2025-04-08_VH.tif,data\raw\SummerSchool_Subset\masks\2025_04_08.tiff,0 1 2 3 255,34245,0.930646520096747,5,0.0001358806424436,2054,0.0558197679158627,493,0.0133978313449466,2552,0.0693534799032529,train,high,3
2025-04-08,2025-04-08_r1344_c0672,6,3,1344,672,224,224,661016.7928851099,6055379.6979485005,663263.1731614799,6057625.078082287,40681,0.8107661033163265,9495,True,True,True,data\raw\SummerSchool_Subset\images\2025-04-08\layers\2025-04-08_B04.tif,data\raw\SummerSchool_Subset\images\2025-04-08\layers\2025-04-08_B03.tif,data\raw\SummerSchool_Subset\images\2025-04-08\layers\2025-04-08_B02.tif,data\raw\SummerSchool_Subset\images\2025-04-08\layers\2025-04-08_VV.tif,data\raw\SummerSchool_Subset\images\2025-04-08\layers\2025-04-08_VH.tif,data\raw\SummerSchool_Subset\masks\2025_04_08.tiff,0 1 2 3 255,38744,0.9523856345714216,364,0.0089476659865785,1369,0.0336520734495218,204,0.005014625992478,1937,0.0476143654285784,train,mid,2
2025-04-08,2025-04-08_r1344_c0896,6,4,1344,896,224,224,663263.1731614799,6055379.6979485005,665509.5534378499,6057625.078082287,38872,0.7747130102040817,11304,True,True,True,data\raw\SummerSchool_Subset\images\2025-04-08\layers\2025-04-08_B04.tif,data\raw\SummerSchool_Subset\images\2025-04-08\layers\2025-04-08_B03.tif,data\raw\SummerSchool_Subset\images\2025-04-08\layers\2025-04-08_B02.tif,data\raw\SummerSchool_Subset\images\2025-04-08\layers\2025-04-08_VV.tif,data\raw\SummerSchool_Subset\images\2025-04-08\layers\2025-04-08_VH.tif,data\raw\SummerSchool_Subset\masks\2025_04_08.tiff,0 2,38687,0.995240790286067,0,0.0,185,0.0047592097139329,0,0.0,185,0.0047592097139329,train,background/no algae,0
2025-04-08,2025-04-08_r1344_c1120,6,5,1344,1120,224,224,665509.5534378499,6055379.6979485005,667755.9337142198,6057625.078082287,36120,0.7198660714285714,14056,True,True,True,data\raw\SummerSchool_Subset\images\2025-04-08\layers\2025-04-08_B04.tif,data\raw\SummerSchool_Subset\images\2025-04-08\layers\2025-04-08_B03.tif,data\raw\SummerSchool_Subset\images\2025-04-08\layers\2025-04-08_B02.tif,data\raw\SummerSchool_Subset\images\2025-04-08\layers\2025-04-08_VV.tif,data\raw\SummerSchool_Subset\images\2025-04-08\layers\2025-04-08_VH.tif,data\raw\SummerSchool_Subset\masks\2025_04_08.tiff,0 1 2 3 255,35988,0.996345514950166,3,8.305647840531562e-05,114,0.0031561461794019,15,0.0004152823920265,132,0.0036544850498338,train,background/no algae,0
2025-04-08,2025-04-08_r1344_c1344,6,6,1344,1344,224,224,667755.9337142198,6055379.6979485005,670002.3139905898,6057625.078082287,37185,0.7410913584183674,12991,True,True,True,data\raw\SummerSchool_Subset\images\2025-04-08\layers\2025-04-08_B04.tif,data\raw\SummerSchool_Subset\images\2025-04-08\layers\2025-04-08_B03.tif,data\raw\SummerSchool_Subset\images\2025-04-08\layers\2025-04-08_B02.tif,data\raw\SummerSchool_Subset\images\2025-04-08\layers\2025-04-08_VV.tif,data\raw\SummerSchool_Subset\images\2025-04-08\layers\2025-04-08_VH.tif,data\raw\SummerSchool_Subset\masks\2025_04_08.tiff,0 2,37064,0.9967459997310744,0,0.0,121,0.0032540002689256,0,0.0,121,0.0032540002689256,train,background/no algae,0
2025-04-08,2025-04-08_r1344_c1568,6,7,1344,1568,224,224,670002.3139905898,6055379.6979485005,672248.6942669598,6057625.078082287,38532,0.767936862244898,11644,True,True,True,data\raw\SummerSchool_Subset\images\2025-04-08\layers\2025-04-08_B04.tif,data\raw\SummerSchool_Subset\images\2025-04-08\layers\2025-04-08_B03.tif,data\raw\SummerSchool_Subset\images\2025-04-08\layers\2025-04-08_B02.tif,data\raw\SummerSchool_Subset\images\2025-04-08\layers\2025-04-08_VV.tif,data\raw\SummerSchool_Subset\images\2025-04-08\layers\2025-04-08_VH.tif,data\raw\SummerSchool_Subset\masks\2025_04_08.tiff,0 2,38375,0.9959254645489464,0,0.0,157,0.0040745354510536,0,0.0,157,0.0040745354510536,train,background/no algae,0
2025-04-08,2025-04-08_r1344_c1792,6,8,1344,1792,224,224,672248.6942669598,6055379.6979485005,674495.0745433298,6057625.078082287,29653,0.5909797512755102,20523,True,True,True,data\raw\SummerSchool_Subset\images\2025-04-08\layers\2025-04-08_B04.tif,data\raw\SummerSchool_Subset\images\2025-04-08\layers\2025-04-08_B03.tif,data\raw\SummerSchool_Subset\images\2025-04-08\layers\2025-04-08_B02.tif,data\raw\SummerSchool_Subset\images\2025-04-08\layers\2025-04-08_VV.tif,data\raw\SummerSchool_Subset\images\2025-04-08\layers\2025-04-08_VH.tif,data\raw\SummerSchool_Subset\masks\2025_04_08.tiff,0 1 2 3 255,27226,0.9181533065794356,2,6.744680133544667e-05,2158,0.0727750986409469,267,0.0090041479782821,2427,0.0818466934205645,train,mid,2
2025-04-08,2025-04-08_r1568_c0672,7,3,1568,672,224,224,661016.7928851099,6053134.317814715,663263.1731614799,6055379.6979485005,41095,0.8190170599489796,9081,True,True,True,data\raw\SummerSchool_Subset\images\2025-04-08\layers\2025-04-08_B04.tif,data\raw\SummerSchool_Subset\images\2025-04-08\layers\2025-04-08_B03.tif,data\raw\SummerSchool_Subset\images\2025-04-08\layers\2025-04-08_B02.tif,data\raw\SummerSchool_Subset\images\2025-04-08\layers\2025-04-08_VV.tif,data\raw\SummerSchool_Subset\images\2025-04-08\layers\2025-04-08_VH.tif,data\raw\SummerSchool_Subset\masks\2025_04_08.tiff,0 1 2 3 255,40502,0.9855700206837816,41,0.0009976882832461,513,0.0124832704708602,39,0.0009490205621121,593,0.0144299793162185,train,mid,2
2025-04-08,2025-04-08_r1568_c0896,7,4,1568,896,224,224,663263.1731614799,6053134.317814715,665509.5534378499,6055379.6979485005,38721,0.7717036033163265,11455,True,True,True,data\raw\SummerSchool_Subset\images\2025-04-08\layers\2025-04-08_B04.tif,data\raw\SummerSchool_Subset\images\2025-04-08\layers\2025-04-08_B03.tif,data\raw\SummerSchool_Subset\images\2025-04-08\layers\2025-04-08_B02.tif,data\raw\SummerSchool_Subset\images\2025-04-08\layers\2025-04-08_VV.tif,data\raw\SummerSchool_Subset\images\2025-04-08\layers\2025-04-08_VH.tif,data\raw\SummerSchool_Subset\masks\2025_04_08.tiff,0 2,38502,0.994344154334857,0,0.0,219,0.0056558456651429,0,0.0,219,0.0056558456651429,train,background/no algae,0
2025-04-08,2025-04-08_r1568_c1120,7,5,1568,1120,224,224,665509.5534378499,6053134.317814715,667755.9337142198,6055379.6979485005,37482,0.7470105229591837,12694,True,True,True,data\raw\SummerSchool_Subset\images\2025-04-08\layers\2025-04-08_B04.tif,data\raw\SummerSchool_Subset\images\2025-04-08\layers\2025-04-08_B03.tif,data\raw\SummerSchool_Subset\images\2025-04-08\layers\2025-04-08_B02.tif,data\raw\SummerSchool_Subset\images\2025-04-08\layers\2025-04-08_VV.tif,data\raw\SummerSchool_Subset\images\2025-04-08\layers\2025-04-08_VH.tif,data\raw\SummerSchool_Subset\masks\2025_04_08.tiff,0 2,37364,0.9968518222079932,0,0.0,118,0.0031481777920068,0,0.0,118,0.0031481777920068,train,background/no algae,0
2025-04-08,2025-04-08_r1568_c1344,7,6,1568,1344,224,224,667755.9337142198,6053134.317814715,670002.3139905898,6055379.6979485005,36676,0.7309470663265306,13500,True,True,True,data\raw\SummerSchool_Subset\images\2025-04-08\layers\2025-04-08_B04.tif,data\raw\SummerSchool_Subset\images\2025-04-08\layers\2025-04-08_B03.tif,data\raw\SummerSchool_Subset\images\2025-04-08\layers\2025-04-08_B02.tif,data\raw\SummerSchool_Subset\images\2025-04-08\layers\2025-04-08_VV.tif,data\raw\SummerSchool_Subset\images\2025-04-08\layers\2025-04-08_VH.tif,data\raw\SummerSchool_Subset\masks\2025_04_08.tiff,0 2,36407,0.992665503326426,0,0.0,269,0.007334496673574,0,0.0,269,0.007334496673574,train,background/no algae,0
2025-04-08,2025-04-08_r1568_c1568,7,7,1568,1568,224,224,670002.3139905898,6053134.317814715,672248.6942669598,6055379.6979485005,37395,0.7452766262755102,12781,True,True,True,data\raw\SummerSchool_Subset\images\2025-04-08\layers\2025-04-08_B04.tif,data\raw\SummerSchool_Subset\images\2025-04-08\layers\2025-04-08_B03.tif,data\raw\SummerSchool_Subset\images\2025-04-08\layers\2025-04-08_B02.tif,data\raw\SummerSchool_Subset\images\2025-04-08\layers\2025-04-08_VV.tif,data\raw\SummerSchool_Subset\images\2025-04-08\layers\2025-04-08_VH.tif,data\raw\SummerSchool_Subset\masks\2025_04_08.tiff,0 2,37132,0.992966974194411,0,0.0,263,0.0070330258055889,0,0.0,263,0.0070330258055889,train,background/no algae,0
2025-04-08,2025-04-08_r1568_c1792,7,8,1568,1792,224,224,672248.6942669598,6053134.317814715,674495.0745433298,6055379.6979485005,32161,0.6409638073979592,18015,True,True,True,data\raw\SummerSchool_Subset\images\2025-04-08\layers\2025-04-08_B04.tif,data\raw\SummerSchool_Subset\images\2025-04-08\layers\2025-04-08_B03.tif,data\raw\SummerSchool_Subset\images\2025-04-08\layers\2025-04-08_B02.tif,data\raw\SummerSchool_Subset\images\2025-04-08\layers\2025-04-08_VV.tif,data\raw\SummerSchool_Subset\images\2025-04-08\layers\2025-04-08_VH.tif,data\raw\SummerSchool_Subset\masks\2025_04_08.tiff,0 1 2 3 255,30330,0.94306769068126,13,0.000404216286807,1611,0.0500917260035446,207,0.0064363670283884,1831,0.05693230931874,train,mid,2
2025-04-08,2025-04-08_r1568_c2016,7,9,1568,2016,224,224,674495.0745433298,6053134.317814715,676741.4548196997,6055379.6979485005,30011,0.5981146364795918,20165,True,True,True,data\raw\SummerSchool_Subset\images\2025-04-08\layers\2025-04-08_B04.tif,data\raw\SummerSchool_Subset\images\2025-04-08\layers\2025-04-08_B03.tif,data\raw\SummerSchool_Subset\images\2025-04-08\layers\2025-04-08_B02.tif,data\raw\SummerSchool_Subset\images\2025-04-08\layers\2025-04-08_VV.tif,data\raw\SummerSchool_Subset\images\2025-04-08\layers\2025-04-08_VH.tif,data\raw\SummerSchool_Subset\masks\2025_04_08.tiff,0 1 2 3 255,24141,0.8044050514811236,2213,0.0737396288027723,2860,0.0952983905901169,797,0.0265569291259871,5870,0.1955949485188764,train,high,3
2025-04-08,2025-04-08_r1792_c0448,8,2,1792,448,224,224,658770.4126087399,6050888.937680929,661016.7928851099,6053134.317814715,29123,0.5804169323979592,21053,True,True,True,data\raw\SummerSchool_Subset\images\2025-04-08\layers\2025-04-08_B04.tif,data\raw\SummerSchool_Subset\images\2025-04-08\layers\2025-04-08_B03.tif,data\raw\SummerSchool_Subset\images\2025-04-08\layers\2025-04-08_B02.tif,data\raw\SummerSchool_Subset\images\2025-04-08\layers\2025-04-08_VV.tif,data\raw\SummerSchool_Subset\images\2025-04-08\layers\2025-04-08_VH.tif,data\raw\SummerSchool_Subset\masks\2025_04_08.tiff,0 1 2 3 255,26452,0.908285547505408,1391,0.0477629365106616,1163,0.0399340727260241,117,0.0040174432579061,2671,0.0917144524945919,train,mid,2
2025-04-08,2025-04-08_r1792_c0672,8,3,1792,672,224,224,661016.7928851099,6050888.937680929,663263.1731614799,6053134.317814715,39884,0.7948820153061225,10292,True,True,True,data\raw\SummerSchool_Subset\images\2025-04-08\layers\2025-04-08_B04.tif,data\raw\SummerSchool_Subset\images\2025-04-08\layers\2025-04-08_B03.tif,data\raw\SummerSchool_Subset\images\2025-04-08\layers\2025-04-08_B02.tif,data\raw\SummerSchool_Subset\images\2025-04-08\layers\2025-04-08_VV.tif,data\raw\SummerSchool_Subset\images\2025-04-08\layers\2025-04-08_VH.tif,data\raw\SummerSchool_Subset\masks\2025_04_08.tiff,0 2,39797,0.9978186741550495,0,0.0,87,0.0021813258449503,0,0.0,87,0.0021813258449503,train,background/no algae,0
2025-04-08,2025-04-08_r1792_c0896,8,4,1792,896,224,224,663263.1731614799,6050888.937680929,665509.5534378499,6053134.317814715,38244,0.7621970663265306,11932,True,True,True,data\raw\SummerSchool_Subset\images\2025-04-08\layers\2025-04-08_B04.tif,data\raw\SummerSchool_Subset\images\2025-04-08\layers\2025-04-08_B03.tif,data\raw\SummerSchool_Subset\images\2025-04-08\layers\2025-04-08_B02.tif,data\raw\SummerSchool_Subset\images\2025-04-08\layers\2025-04-08_VV.tif,data\raw\SummerSchool_Subset\images\2025-04-08\layers\2025-04-08_VH.tif,data\raw\SummerSchool_Subset\masks\2025_04_08.tiff,0 2,38164,0.9979081686016108,0,0.0,80,0.0020918313983892,0,0.0,80,0.0020918313983892,train,background/no algae,0
2025-04-08,2025-04-08_r1792_c1120,8,5,1792,1120,224,224,665509.5534378499,6050888.937680929,667755.9337142198,6053134.317814715,36598,0.7293925382653061,13578,True,True,True,data\raw\SummerSchool_Subset\images\2025-04-08\layers\2025-04-08_B04.tif,data\raw\SummerSchool_Subset\images\2025-04-08\layers\2025-04-08_B03.tif,data\raw\SummerSchool_Subset\images\2025-04-08\layers\2025-04-08_B02.tif,data\raw\SummerSchool_Subset\images\2025-04-08\layers\2025-04-08_VV.tif,data\raw\SummerSchool_Subset\images\2025-04-08\layers\2025-04-08_VH.tif,data\raw\SummerSchool_Subset\masks\2025_04_08.tiff,0 2 255,36554,0.9987977485108476,0,0.0,44,0.0012022514891524,0,0.0,44,0.0012022514891524,train,background/no algae,0
2025-04-08,2025-04-08_r1792_c1344,8,6,1792,1344,224,224,667755.9337142198,6050888.937680929,670002.3139905898,6053134.317814715,36203,0.7215202487244898,13973,True,True,True,data\raw\SummerSchool_Subset\images\2025-04-08\layers\2025-04-08_B04.tif,data\raw\SummerSchool_Subset\images\2025-04-08\layers\2025-04-08_B03.tif,data\raw\SummerSchool_Subset\images\2025-04-08\layers\2025-04-08_B02.tif,data\raw\SummerSchool_Subset\images\2025-04-08\layers\2025-04-08_VV.tif,data\raw\SummerSchool_Subset\images\2025-04-08\layers\2025-04-08_VH.tif,data\raw\SummerSchool_Subset\masks\2025_04_08.tiff,0 2,36041,0.9955252327155208,0,0.0,162,0.0044747672844791,0,0.0,162,0.0044747672844791,train,background/no algae,0
2025-04-08,2025-04-08_r1792_c1568,8,7,1792,1568,224,224,670002.3139905898,6050888.937680929,672248.6942669598,6053134.317814715,38640,0.7700892857142857,11536,True,True,True,data\raw\SummerSchool_Subset\images\2025-04-08\layers\2025-04-08_B04.tif,data\raw\SummerSchool_Subset\images\2025-04-08\layers\2025-04-08_B03.tif,data\raw\SummerSchool_Subset\images\2025-04-08\layers\2025-04-08_B02.tif,data\raw\SummerSchool_Subset\images\2025-04-08\layers\2025-04-08_VV.tif,data\raw\SummerSchool_Subset\images\2025-04-08\layers\2025-04-08_VH.tif,data\raw\SummerSchool_Subset\masks\2025_04_08.tiff,0 2,38278,0.990631469979296,0,0.0,362,0.0093685300207039,0,0.0,362,0.0093685300207039,train,background/no algae,0
2025-04-08,2025-04-08_r1792_c1792,8,8,1792,1792,224,224,672248.6942669598,6050888.937680929,674495.0745433298,6053134.317814715,39674,0.7906967474489796,10502,True,True,True,data\raw\SummerSchool_Subset\images\2025-04-08\layers\2025-04-08_B04.tif,data\raw\SummerSchool_Subset\images\2025-04-08\layers\2025-04-08_B03.tif,data\raw\SummerSchool_Subset\images\2025-04-08\layers\2025-04-08_B02.tif,data\raw\SummerSchool_Subset\images\2025-04-08\layers\2025-04-08_VV.tif,data\raw\SummerSchool_Subset\images\2025-04-08\layers\2025-04-08_VH.tif,data\raw\SummerSchool_Subset\masks\2025_04_08.tiff,0 1 2 3 255,37996,0.9577052981801684,14,0.000352875938902,1568,0.0395221051570297,96,0.0024197207238997,1678,0.0422947018198316,train,mid,2
2025-04-08,2025-04-08_r1792_c2016,8,9,1792,2016,224,224,674495.0745433298,6050888.937680929,676741.4548196997,6053134.317814715,36385,0.7251474808673469,13791,True,True,True,data\raw\SummerSchool_Subset\images\2025-04-08\layers\2025-04-08_B04.tif,data\raw\SummerSchool_Subset\images\2025-04-08\layers\2025-04-08_B03.tif,data\raw\SummerSchool_Subset\images\2025-04-08\layers\2025-04-08_B02.tif,data\raw\SummerSchool_Subset\images\2025-04-08\layers\2025-04-08_VV.tif,data\raw\SummerSchool_Subset\images\2025-04-08\layers\2025-04-08_VH.tif,data\raw\SummerSchool_Subset\masks\2025_04_08.tiff,0 1 2 3 255,32945,0.9054555448673904,288,0.0079153497320324,2791,0.0767074343823004,361,0.0099216710182767,3440,0.0945444551326095,train,mid,2
2025-04-08,2025-04-08_r2016_c0224,9,1,2016,224,224,224,656524.0323323699,6048643.557547144,658770.4126087399,6050888.937680929,30622,0.6102917729591837,19554,True,True,True,data\raw\SummerSchool_Subset\images\2025-04-08\layers\2025-04-08_B04.tif,data\raw\SummerSchool_Subset\images\2025-04-08\layers\2025-04-08_B03.tif,data\raw\SummerSchool_Subset\images\2025-04-08\layers\2025-04-08_B02.tif,data\raw\SummerSchool_Subset\images\2025-04-08\layers\2025-04-08_VV.tif,data\raw\SummerSchool_Subset\images\2025-04-08\layers\2025-04-08_VH.tif,data\raw\SummerSchool_Subset\masks\2025_04_08.tiff,0 1 2 3 255,28398,0.9273724773038992,249,0.0081314087910652,1785,0.0582914244660701,190,0.0062046894389654,2224,0.0726275226961008,train,mid,2
2025-04-08,2025-04-08_r2016_c0448,9,2,2016,448,224,224,658770.4126087399,6048643.557547144,661016.7928851099,6050888.937680929,40946,0.816047512755102,9230,True,True,True,data\raw\SummerSchool_Subset\images\2025-04-08\layers\2025-04-08_B04.tif,data\raw\SummerSchool_Subset\images\2025-04-08\layers\2025-04-08_B03.tif,data\raw\SummerSchool_Subset\images\2025-04-08\layers\2025-04-08_B02.tif,data\raw\SummerSchool_Subset\images\2025-04-08\layers\2025-04-08_VV.tif,data\raw\SummerSchool_Subset\images\2025-04-08\layers\2025-04-08_VH.tif,data\raw\SummerSchool_Subset\masks\2025_04_08.tiff,0 2,40851,0.9976798710496751,0,0.0,95,0.0023201289503248,0,0.0,95,0.0023201289503248,train,background/no algae,0
2025-04-08,2025-04-08_r2016_c0672,9,3,2016,672,224,224,661016.7928851099,6048643.557547144,663263.1731614799,6050888.937680929,37480,0.7469706632653061,12696,True,True,True,data\raw\SummerSchool_Subset\images\2025-04-08\layers\2025-04-08_B04.tif,data\raw\SummerSchool_Subset\images\2025-04-08\layers\2025-04-08_B03.tif,data\raw\SummerSchool_Subset\images\2025-04-08\layers\2025-04-08_B02.tif,data\raw\SummerSchool_Subset\images\2025-04-08\layers\2025-04-08_VV.tif,data\raw\SummerSchool_Subset\images\2025-04-08\layers\2025-04-08_VH.tif,data\raw\SummerSchool_Subset\masks\2025_04_08.tiff,0 2,37219,0.9930362860192102,0,0.0,261,0.0069637139807897,0,0.0,261,0.0069637139807897,train,background/no algae,0
2025-04-08,2025-04-08_r2016_c0896,9,4,2016,896,224,224,663263.1731614799,6048643.557547144,665509.5534378499,6050888.937680929,34348,0.6845503826530612,15828,True,True,True,data\raw\SummerSchool_Subset\images\2025-04-08\layers\2025-04-08_B04.tif,data\raw\SummerSchool_Subset\images\2025-04-08\layers\2025-04-08_B03.tif,data\raw\SummerSchool_Subset\images\2025-04-08\layers\2025-04-08_B02.tif,data\raw\SummerSchool_Subset\images\2025-04-08\layers\2025-04-08_VV.tif,data\raw\SummerSchool_Subset\images\2025-04-08\layers\2025-04-08_VH.tif,data\raw\SummerSchool_Subset\masks\2025_04_08.tiff,0 2,34075,0.9920519389775242,0,0.0,273,0.0079480610224758,0,0.0,273,0.0079480610224758,train,background/no algae,0
2025-04-08,2025-04-08_r2016_c1120,9,5,2016,1120,224,224,665509.5534378499,6048643.557547144,667755.9337142198,6050888.937680929,35620,0.7099011479591837,14556,True,True,True,data\raw\SummerSchool_Subset\images\2025-04-08\layers\2025-04-08_B04.tif,data\raw\SummerSchool_Subset\images\2025-04-08\layers\2025-04-08_B03.tif,data\raw\SummerSchool_Subset\images\2025-04-08\layers\2025-04-08_B02.tif,data\raw\SummerSchool_Subset\images\2025-04-08\layers\2025-04-08_VV.tif,data\raw\SummerSchool_Subset\images\2025-04-08\layers\2025-04-08_VH.tif,data\raw\SummerSchool_Subset\masks\2025_04_08.tiff,0 1 2 255,35472,0.9958450308815272,2,5.614823133071308e-05,146,0.004098820887142,0,0.0,148,0.0041549691184727,train,background/no algae,0
2025-04-08,2025-04-08_r2016_c1344,9,6,2016,1344,224,224,667755.9337142198,6048643.557547144,670002.3139905898,6050888.937680929,36403,0.7255062181122449,13773,True,True,True,data\raw\SummerSchool_Subset\images\2025-04-08\layers\2025-04-08_B04.tif,data\raw\SummerSchool_Subset\images\2025-04-08\layers\2025-04-08_B03.tif,data\raw\SummerSchool_Subset\images\2025-04-08\layers\2025-04-08_B02.tif,data\raw\SummerSchool_Subset\images\2025-04-08\layers\2025-04-08_VV.tif,data\raw\SummerSchool_Subset\images\2025-04-08\layers\2025-04-08_VH.tif,data\raw\SummerSchool_Subset\masks\2025_04_08.tiff,0 2,36287,0.9968134494409802,0,0.0,116,0.0031865505590198,0,0.0,116,0.0031865505590198,train,background/no algae,0
2025-04-08,2025-04-08_r2016_c1568,9,7,2016,1568,224,224,670002.3139905898,6048643.557547144,672248.6942669598,6050888.937680929,39603,0.7892817283163265,10573,True,True,True,data\raw\SummerSchool_Subset\images\2025-04-08\layers\2025-04-08_B04.tif,data\raw\SummerSchool_Subset\images\2025-04-08\layers\2025-04-08_B03.tif,data\raw\SummerSchool_Subset\images\2025-04-08\layers\2025-04-08_B02.tif,data\raw\SummerSchool_Subset\images\2025-04-08\layers\2025-04-08_VV.tif,data\raw\SummerSchool_Subset\images\2025-04-08\layers\2025-04-08_VH.tif,data\raw\SummerSchool_Subset\masks\2025_04_08.tiff,0 2,39267,0.9915157942580108,0,0.0,336,0.0084842057419892,0,0.0,336,0.0084842057419892,train,background/no algae,0
2025-04-08,2025-04-08_r2016_c1792,9,8,2016,1792,224,224,672248.6942669598,6048643.557547144,674495.0745433298,6050888.937680929,28050,0.5590322066326531,22126,True,True,True,data\raw\SummerSchool_Subset\images\2025-04-08\layers\2025-04-08_B04.tif,data\raw\SummerSchool_Subset\images\2025-04-08\layers\2025-04-08_B03.tif,data\raw\SummerSchool_Subset\images\2025-04-08\layers\2025-04-08_B02.tif,data\raw\SummerSchool_Subset\images\2025-04-08\layers\2025-04-08_VV.tif,data\raw\SummerSchool_Subset\images\2025-04-08\layers\2025-04-08_VH.tif,data\raw\SummerSchool_Subset\masks\2025_04_08.tiff,0 1 2 3 255,25106,0.8950445632798574,26,0.0009269162210338,2622,0.093475935828877,296,0.0105525846702317,2944,0.1049554367201426,train,high,3
2025-04-08,2025-04-08_r2240_c0000,10,0,2240,0,224,224,654277.652056,6046398.177413358,656524.0323323699,6048643.557547144,23723,0.4727957589285714,26453,True,True,True,data\raw\SummerSchool_Subset\images\2025-04-08\layers\2025-04-08_B04.tif,data\raw\SummerSchool_Subset\images\2025-04-08\layers\2025-04-08_B03.tif,data\raw\SummerSchool_Subset\images\2025-04-08\layers\2025-04-08_B02.tif,data\raw\SummerSchool_Subset\images\2025-04-08\layers\2025-04-08_VV.tif,data\raw\SummerSchool_Subset\images\2025-04-08\layers\2025-04-08_VH.tif,data\raw\SummerSchool_Subset\masks\2025_04_08.tiff,0 1 2 3 255,20218,0.8522530877207773,2067,0.0871306327193019,1361,0.0573704843400918,77,0.0032457952198288,3505,0.1477469122792227,train,mid,2
2025-04-08,2025-04-08_r2240_c0224,10,1,2240,224,224,224,656524.0323323699,6046398.177413358,658770.4126087399,6048643.557547144,42381,0.8446468431122449,7795,True,True,True,data\raw\SummerSchool_Subset\images\2025-04-08\layers\2025-04-08_B04.tif,data\raw\SummerSchool_Subset\images\2025-04-08\layers\2025-04-08_B03.tif,data\raw\SummerSchool_Subset\images\2025-04-08\layers\2025-04-08_B02.tif,data\raw\SummerSchool_Subset\images\2025-04-08\layers\2025-04-08_VV.tif,data\raw\SummerSchool_Subset\images\2025-04-08\layers\2025-04-08_VH.tif,data\raw\SummerSchool_Subset\masks\2025_04_08.tiff,0 2,41328,0.975153960501168,0,0.0,1053,0.024846039498832,0,0.0,1053,0.024846039498832,train,mid,2
2025-04-08,2025-04-08_r2240_c0448,10,2,2240,448,224,224,658770.4126087399,6046398.177413358,661016.7928851099,6048643.557547144,38888,0.775031887755102,11288,True,True,True,data\raw\SummerSchool_Subset\images\2025-04-08\layers\2025-04-08_B04.tif,data\raw\SummerSchool_Subset\images\2025-04-08\layers\2025-04-08_B03.tif,data\raw\SummerSchool_Subset\images\2025-04-08\layers\2025-04-08_B02.tif,data\raw\SummerSchool_Subset\images\2025-04-08\layers\2025-04-08_VV.tif,data\raw\SummerSchool_Subset\images\2025-04-08\layers\2025-04-08_VH.tif,data\raw\SummerSchool_Subset\masks\2025_04_08.tiff,0 2,38532,0.9908455050401151,0,0.0,356,0.0091544949598847,0,0.0,356,0.0091544949598847,train,background/no algae,0
2025-04-08,2025-04-08_r2240_c0672,10,3,2240,672,224,224,661016.7928851099,6046398.177413358,663263.1731614799,6048643.557547144,36043,0.7183314732142857,14133,True,True,True,data\raw\SummerSchool_Subset\images\2025-04-08\layers\2025-04-08_B04.tif,data\raw\SummerSchool_Subset\images\2025-04-08\layers\2025-04-08_B03.tif,data\raw\SummerSchool_Subset\images\2025-04-08\layers\2025-04-08_B02.tif,data\raw\SummerSchool_Subset\images\2025-04-08\layers\2025-04-08_VV.tif,data\raw\SummerSchool_Subset\images\2025-04-08\layers\2025-04-08_VH.tif,data\raw\SummerSchool_Subset\masks\2025_04_08.tiff,0 2,35483,0.984463002524762,0,0.0,560,0.0155369974752379,0,0.0,560,0.0155369974752379,train,mid,2
2025-04-08,2025-04-08_r2240_c0896,10,4,2240,896,224,224,663263.1731614799,6046398.177413358,665509.5534378499,6048643.557547144,32880,0.6552933673469388,17296,True,True,True,data\raw\SummerSchool_Subset\images\2025-04-08\layers\2025-04-08_B04.tif,data\raw\SummerSchool_Subset\images\2025-04-08\layers\2025-04-08_B03.tif,data\raw\SummerSchool_Subset\images\2025-04-08\layers\2025-04-08_B02.tif,data\raw\SummerSchool_Subset\images\2025-04-08\layers\2025-04-08_VV.tif,data\raw\SummerSchool_Subset\images\2025-04-08\layers\2025-04-08_VH.tif,data\raw\SummerSchool_Subset\masks\2025_04_08.tiff,0 2,32300,0.982360097323601,0,0.0,580,0.017639902676399,0,0.0,580,0.017639902676399,train,mid,2
2025-04-08,2025-04-08_r2240_c1120,10,5,2240,1120,224,224,665509.5534378499,6046398.177413358,667755.9337142198,6048643.557547144,33834,0.6743064413265306,16342,True,True,True,data\raw\SummerSchool_Subset\images\2025-04-08\layers\2025-04-08_B04.tif,data\raw\SummerSchool_Subset\images\2025-04-08\layers\2025-04-08_B03.tif,data\raw\SummerSchool_Subset\images\2025-04-08\layers\2025-04-08_B02.tif,data\raw\SummerSchool_Subset\images\2025-04-08\layers\2025-04-08_VV.tif,data\raw\SummerSchool_Subset\images\2025-04-08\layers\2025-04-08_VH.tif,data\raw\SummerSchool_Subset\masks\2025_04_08.tiff,0 2,33589,0.9927587633741208,0,0.0,245,0.0072412366258792,0,0.0,245,0.0072412366258792,train,background/no algae,0
2025-04-08,2025-04-08_r2240_c1344,10,6,2240,1344,224,224,667755.9337142198,6046398.177413358,670002.3139905898,6048643.557547144,39066,0.7785794005102041,11110,True,True,True,data\raw\SummerSchool_Subset\images\2025-04-08\layers\2025-04-08_B04.tif,data\raw\SummerSchool_Subset\images\2025-04-08\layers\2025-04-08_B03.tif,data\raw\SummerSchool_Subset\images\2025-04-08\layers\2025-04-08_B02.tif,data\raw\SummerSchool_Subset\images\2025-04-08\layers\2025-04-08_VV.tif,data\raw\SummerSchool_Subset\images\2025-04-08\layers\2025-04-08_VH.tif,data\raw\SummerSchool_Subset\masks\2025_04_08.tiff,0 2,38779,0.9926534582501408,0,0.0,287,0.0073465417498592,0,0.0,287,0.0073465417498592,train,background/no algae,0
2025-04-08,2025-04-08_r2240_c1568,10,7,2240,1568,224,224,670002.3139905898,6046398.177413358,672248.6942669598,6048643.557547144,39931,0.7958187181122449,10245,True,True,True,data\raw\SummerSchool_Subset\images\2025-04-08\layers\2025-04-08_B04.tif,data\raw\SummerSchool_Subset\images\2025-04-08\layers\2025-04-08_B03.tif,data\raw\SummerSchool_Subset\images\2025-04-08\layers\2025-04-08_B02.tif,data\raw\SummerSchool_Subset\images\2025-04-08\layers\2025-04-08_VV.tif,data\raw\SummerSchool_Subset\images\2025-04-08\layers\2025-04-08_VH.tif,data\raw\SummerSchool_Subset\masks\2025_04_08.tiff,0 1 2 3 255,38850,0.9729283013197766,3,7.51295985575117e-05,930,0.0232901755528286,148,0.0037063935288372,1081,0.0270716986802233,train,mid,2
2025-04-08,2025-04-08_r2464_c0000,11,0,2464,0,224,224,654277.652056,6044152.797279572,656524.0323323699,6046398.177413358,22150,0.4414461096938775,28026,True,True,True,data\raw\SummerSchool_Subset\images\2025-04-08\layers\2025-04-08_B04.tif,data\raw\SummerSchool_Subset\images\2025-04-08\layers\2025-04-08_B03.tif,data\raw\SummerSchool_Subset\images\2025-04-08\layers\2025-04-08_B02.tif,data\raw\SummerSchool_Subset\images\2025-04-08\layers\2025-04-08_VV.tif,data\raw\SummerSchool_Subset\images\2025-04-08\layers\2025-04-08_VH.tif,data\raw\SummerSchool_Subset\masks\2025_04_08.tiff,0 1 2 3 255,18867,0.8517832957110609,1912,0.0863205417607223,1128,0.0509255079006772,243,0.0109706546275395,3283,0.148216704288939,train,high,3
2025-04-08,2025-04-08_r2464_c0224,11,1,2464,224,224,224,656524.0323323699,6044152.797279572,658770.4126087399,6046398.177413358,43217,0.8613081951530612,6959,True,True,True,data\raw\SummerSchool_Subset\images\2025-04-08\layers\2025-04-08_B04.tif,data\raw\SummerSchool_Subset\images\2025-04-08\layers\2025-04-08_B03.tif,data\raw\SummerSchool_Subset\images\2025-04-08\layers\2025-04-08_B02.tif,data\raw\SummerSchool_Subset\images\2025-04-08\layers\2025-04-08_VV.tif,data\raw\SummerSchool_Subset\images\2025-04-08\layers\2025-04-08_VH.tif,data\raw\SummerSchool_Subset\masks\2025_04_08.tiff,0 1 2 3 255,40523,0.9376634194877016,59,0.0013652035078788,2566,0.0593747830714765,69,0.001596593932943,2694,0.0623365805122984,train,mid,2
2025-04-08,2025-04-08_r2464_c0448,11,2,2464,448,224,224,658770.4126087399,6044152.797279572,661016.7928851099,6046398.177413358,40772,0.8125797193877551,9404,True,True,True,data\raw\SummerSchool_Subset\images\2025-04-08\layers\2025-04-08_B04.tif,data\raw\SummerSchool_Subset\images\2025-04-08\layers\2025-04-08_B03.tif,data\raw\SummerSchool_Subset\images\2025-04-08\layers\2025-04-08_B02.tif,data\raw\SummerSchool_Subset\images\2025-04-08\layers\2025-04-08_VV.tif,data\raw\SummerSchool_Subset\images\2025-04-08\layers\2025-04-08_VH.tif,data\raw\SummerSchool_Subset\masks\2025_04_08.tiff,0 1 2 3 255,38623,0.9472922593937017,5,0.000122633179633,2136,0.0523888943392524,8,0.0001962130874129,2149,0.0527077406062984,train,mid,2
2025-04-08,2025-04-08_r2464_c0672,11,3,2464,672,224,224,661016.7928851099,6044152.797279572,663263.1731614799,6046398.177413358,36829,0.7339963329081632,13347,True,True,True,data\raw\SummerSchool_Subset\images\2025-04-08\layers\2025-04-08_B04.tif,data\raw\SummerSchool_Subset\images\2025-04-08\layers\2025-04-08_B03.tif,data\raw\SummerSchool_Subset\images\2025-04-08\layers\2025-04-08_B02.tif,data\raw\SummerSchool_Subset\images\2025-04-08\layers\2025-04-08_VV.tif,data\raw\SummerSchool_Subset\images\2025-04-08\layers\2025-04-08_VH.tif,data\raw\SummerSchool_Subset\masks\2025_04_08.tiff,0 1 2 3 255,33651,0.9137093051671238,12,0.0003258301881669,2929,0.0795297184284123,237,0.0064351462162969,3178,0.0862906948328762,train,mid,2
2025-04-08,2025-04-08_r2464_c0896,11,4,2464,896,224,224,663263.1731614799,6044152.797279572,665509.5534378499,6046398.177413358,35282,0.7031648596938775,14894,True,True,True,data\raw\SummerSchool_Subset\images\2025-04-08\layers\2025-04-08_B04.tif,data\raw\SummerSchool_Subset\images\2025-04-08\layers\2025-04-08_B03.tif,data\raw\SummerSchool_Subset\images\2025-04-08\layers\2025-04-08_B02.tif,data\raw\SummerSchool_Subset\images\2025-04-08\layers\2025-04-08_VV.tif,data\raw\SummerSchool_Subset\images\2025-04-08\layers\2025-04-08_VH.tif,data\raw\SummerSchool_Subset\masks\2025_04_08.tiff,0 1 2 3 255,33913,0.961198344765036,5,0.0001417153222606,1283,0.0363641516920809,81,0.0022957882206224,1369,0.038801655234964,train,mid,2
2025-04-08,2025-04-08_r2464_c1120,11,5,2464,1120,224,224,665509.5534378499,6044152.797279572,667755.9337142198,6046398.177413358,36285,0.7231544961734694,13891,True,True,True,data\raw\SummerSchool_Subset\images\2025-04-08\layers\2025-04-08_B04.tif,data\raw\SummerSchool_Subset\images\2025-04-08\layers\2025-04-08_B03.tif,data\raw\SummerSchool_Subset\images\2025-04-08\layers\2025-04-08_B02.tif,data\raw\SummerSchool_Subset\images\2025-04-08\layers\2025-04-08_VV.tif,data\raw\SummerSchool_Subset\images\2025-04-08\layers\2025-04-08_VH.tif,data\raw\SummerSchool_Subset\masks\2025_04_08.tiff,0 2,35737,0.9848973404988288,0,0.0,548,0.0151026595011712,0,0.0,548,0.0151026595011712,train,mid,2
2025-04-08,2025-04-08_r2464_c1344,11,6,2464,1344,224,224,667755.9337142198,6044152.797279572,670002.3139905898,6046398.177413358,39588,0.7889827806122449,10588,True,True,True,data\raw\SummerSchool_Subset\images\2025-04-08\layers\2025-04-08_B04.tif,data\raw\SummerSchool_Subset\images\2025-04-08\layers\2025-04-08_B03.tif,data\raw\SummerSchool_Subset\images\2025-04-08\layers\2025-04-08_B02.tif,data\raw\SummerSchool_Subset\images\2025-04-08\layers\2025-04-08_VV.tif,data\raw\SummerSchool_Subset\images\2025-04-08\layers\2025-04-08_VH.tif,data\raw\SummerSchool_Subset\masks\2025_04_08.tiff,0 2,39037,0.9860816409012833,0,0.0,551,0.0139183590987167,0,0.0,551,0.0139183590987167,train,mid,2
2025-04-08,2025-04-08_r2464_c1568,11,7,2464,1568,224,224,670002.3139905898,6044152.797279572,672248.6942669598,6046398.177413358,31243,0.6226682079081632,18933,True,True,True,data\raw\SummerSchool_Subset\images\2025-04-08\layers\2025-04-08_B04.tif,data\raw\SummerSchool_Subset\images\2025-04-08\layers\2025-04-08_B03.tif,data\raw\SummerSchool_Subset\images\2025-04-08\layers\2025-04-08_B02.tif,data\raw\SummerSchool_Subset\images\2025-04-08\layers\2025-04-08_VV.tif,data\raw\SummerSchool_Subset\images\2025-04-08\layers\2025-04-08_VH.tif,data\raw\SummerSchool_Subset\masks\2025_04_08.tiff,0 1 2 3 255,28488,0.9118202477354928,96,0.0030726882821752,2283,0.0730723682104791,376,0.0120346957718528,2755,0.0881797522645072,train,high,3
2025-04-08,2025-04-08_r2688_c0224,12,1,2688,224,224,224,656524.0323323699,6041907.417145787,658770.4126087399,6044152.797279572,15715,0.3131975446428571,34461,True,True,True,data\raw\SummerSchool_Subset\images\2025-04-08\layers\2025-04-08_B04.tif,data\raw\SummerSchool_Subset\images\2025-04-08\layers\2025-04-08_B03.tif,data\raw\SummerSchool_Subset\images\2025-04-08\layers\2025-04-08_B02.tif,data\raw\SummerSchool_Subset\images\2025-04-08\layers\2025-04-08_VV.tif,data\raw\SummerSchool_Subset\images\2025-04-08\layers\2025-04-08_VH.tif,data\raw\SummerSchool_Subset\masks\2025_04_08.tiff,0 1 2 3 255,12210,0.7769646834234808,502,0.0319440025453388,2307,0.1468024180719058,696,0.0442888959592745,3505,0.2230353165765192,train,high,3
2025-04-08,2025-04-08_r2688_c0448,12,2,2688,448,224,224,658770.4126087399,6041907.417145787,661016.7928851099,6044152.797279572,27583,0.5497249681122449,22593,True,True,True,data\raw\SummerSchool_Subset\images\2025-04-08\layers\2025-04-08_B04.tif,data\raw\SummerSchool_Subset\images\2025-04-08\layers\2025-04-08_B03.tif,data\raw\SummerSchool_Subset\images\2025-04-08\layers\2025-04-08_B02.tif,data\raw\SummerSchool_Subset\images\2025-04-08\layers\2025-04-08_VV.tif,data\raw\SummerSchool_Subset\images\2025-04-08\layers\2025-04-08_VH.tif,data\raw\SummerSchool_Subset\masks\2025_04_08.tiff,0 1 2 3 255,22657,0.8214117391146721,633,0.0229489178116956,3896,0.1412464198963129,397,0.0143929231773193,4926,0.1785882608853279,train,high,3
2025-04-08,2025-04-08_r2688_c0896,12,4,2688,896,224,224,663263.1731614799,6041907.417145787,665509.5534378499,6044152.797279572,12614,0.2513950892857143,37562,True,True,True,data\raw\SummerSchool_Subset\images\2025-04-08\layers\2025-04-08_B04.tif,data\raw\SummerSchool_Subset\images\2025-04-08\layers\2025-04-08_B03.tif,data\raw\SummerSchool_Subset\images\2025-04-08\layers\2025-04-08_B02.tif,data\raw\SummerSchool_Subset\images\2025-04-08\layers\2025-04-08_VV.tif,data\raw\SummerSchool_Subset\images\2025-04-08\layers\2025-04-08_VH.tif,data\raw\SummerSchool_Subset\masks\2025_04_08.tiff,0 1 2 3 255,9865,0.7820675439987316,861,0.0682574916759156,1483,0.117567781829713,405,0.0321071824956397,2749,0.2179324560012684,train,high,3
2025-04-08,2025-04-08_r2688_c1120,12,5,2688,1120,224,224,665509.5534378499,6041907.417145787,667755.9337142198,6044152.797279572,19132,0.3812978316326531,31044,True,True,True,data\raw\SummerSchool_Subset\images\2025-04-08\layers\2025-04-08_B04.tif,data\raw\SummerSchool_Subset\images\2025-04-08\layers\2025-04-08_B03.tif,data\raw\SummerSchool_Subset\images\2025-04-08\layers\2025-04-08_B02.tif,data\raw\SummerSchool_Subset\images\2025-04-08\layers\2025-04-08_VV.tif,data\raw\SummerSchool_Subset\images\2025-04-08\layers\2025-04-08_VH.tif,data\raw\SummerSchool_Subset\masks\2025_04_08.tiff,0 1 2 3 255,16585,0.866872255906335,604,0.0315701442609241,1623,0.0848316955885427,320,0.0167259042441982,2547,0.133127744093665,train,high,3
2025-04-08,2025-04-08_r2688_c1344,12,6,2688,1344,224,224,667755.9337142198,6041907.417145787,670002.3139905898,6044152.797279572,40668,0.8105070153061225,9508,True,True,True,data\raw\SummerSchool_Subset\images\2025-04-08\layers\2025-04-08_B04.tif,data\raw\SummerSchool_Subset\images\2025-04-08\layers\2025-04-08_B03.tif,data\raw\SummerSchool_Subset\images\2025-04-08\layers\2025-04-08_B02.tif,data\raw\SummerSchool_Subset\images\2025-04-08\layers\2025-04-08_VV.tif,data\raw\SummerSchool_Subset\images\2025-04-08\layers\2025-04-08_VH.tif,data\raw\SummerSchool_Subset\masks\2025_04_08.tiff,0 1 2 3 255,39211,0.9641733057932528,6,0.0001475361463558,1302,0.032015343759221,149,0.0036638143011704,1457,0.0358266942067473,train,mid,2
2025-04-08,2025-04-08_r2688_c1568,12,7,2688,1568,224,224,670002.3139905898,6041907.417145787,672248.6942669598,6044152.797279572,33051,0.6587013711734694,17125,True,True,True,data\raw\SummerSchool_Subset\images\2025-04-08\layers\2025-04-08_B04.tif,data\raw\SummerSchool_Subset\images\2025-04-08\layers\2025-04-08_B03.tif,data\raw\SummerSchool_Subset\images\2025-04-08\layers\2025-04-08_B02.tif,data\raw\SummerSchool_Subset\images\2025-04-08\layers\2025-04-08_VV.tif,data\raw\SummerSchool_Subset\images\2025-04-08\layers\2025-04-08_VH.tif,data\raw\SummerSchool_Subset\masks\2025_04_08.tiff,0 1 2 3 255,29752,0.9001845632507337,40,0.0012102508244833,2549,0.077123233790203,710,0.0214819521345798,3299,0.0998154367492662,train,high,3
2025-04-08,2025-04-08_r2912_c1344,13,6,2912,1344,224,224,667755.9337142198,6039662.037012001,670002.3139905898,6041907.417145787,12339,0.245914381377551,37837,True,True,True,data\raw\SummerSchool_Subset\images\2025-04-08\layers\2025-04-08_B04.tif,data\raw\SummerSchool_Subset\images\2025-04-08\layers\2025-04-08_B03.tif,data\raw\SummerSchool_Subset\images\2025-04-08\layers\2025-04-08_B02.tif,data\raw\SummerSchool_Subset\images\2025-04-08\layers\2025-04-08_VV.tif,data\raw\SummerSchool_Subset\images\2025-04-08\layers\2025-04-08_VH.tif,data\raw\SummerSchool_Subset\masks\2025_04_08.tiff,0 1 2 3 255,10062,0.8154631655725748,276,0.0223681011427182,1696,0.137450360645109,305,0.024718372639598,2277,0.1845368344274252,train,high,3
2025-04-09,2025-04-09_r0000_c0672,0,3,0,672,224,224,661016.7928851099,6068851.978751215,663263.1731614799,6071097.358885,21946,0.4373804209183674,28230,True,True,True,data\raw\SummerSchool_Subset\images\2025-04-09\layers\2025-04-09_B04.tif,data\raw\SummerSchool_Subset\images\2025-04-09\layers\2025-04-09_B03.tif,data\raw\SummerSchool_Subset\images\2025-04-09\layers\2025-04-09_B02.tif,data\raw\SummerSchool_Subset\images\2025-04-09\layers\2025-04-09_VV.tif,data\raw\SummerSchool_Subset\images\2025-04-09\layers\2025-04-09_VH.tif,data\raw\SummerSchool_Subset\masks\2025_04_09.tiff,0 1 2 3 255,19586,0.8924633190558644,412,0.0187733527749931,1535,0.0699444090039187,413,0.0188189191652237,2360,0.1075366809441356,train,high,3
2025-04-09,2025-04-09_r0224_c0448,1,2,224,448,224,224,658770.4126087399,6066606.598617429,661016.7928851099,6068851.978751215,18347,0.3656529017857143,31829,True,True,True,data\raw\SummerSchool_Subset\images\2025-04-09\layers\2025-04-09_B04.tif,data\raw\SummerSchool_Subset\images\2025-04-09\layers\2025-04-09_B03.tif,data\raw\SummerSchool_Subset\images\2025-04-09\layers\2025-04-09_B02.tif,data\raw\SummerSchool_Subset\images\2025-04-09\layers\2025-04-09_VV.tif,data\raw\SummerSchool_Subset\images\2025-04-09\layers\2025-04-09_VH.tif,data\raw\SummerSchool_Subset\masks\2025_04_09.tiff,0 1 2 3 255,15722,0.8569248378481495,1155,0.0629530713468141,1294,0.0705292418379026,176,0.0095928489671335,2625,0.1430751621518504,train,mid,2
2025-04-09,2025-04-09_r0224_c0672,1,3,224,672,224,224,661016.7928851099,6066606.598617429,663263.1731614799,6068851.978751215,44527,0.8874162946428571,5649,True,True,True,data\raw\SummerSchool_Subset\images\2025-04-09\layers\2025-04-09_B04.tif,data\raw\SummerSchool_Subset\images\2025-04-09\layers\2025-04-09_B03.tif,data\raw\SummerSchool_Subset\images\2025-04-09\layers\2025-04-09_B02.tif,data\raw\SummerSchool_Subset\images\2025-04-09\layers\2025-04-09_VV.tif,data\raw\SummerSchool_Subset\images\2025-04-09\layers\2025-04-09_VH.tif,data\raw\SummerSchool_Subset\masks\2025_04_09.tiff,0 1 2 3 255,42517,0.954858849686707,29,0.0006512902284007,1765,0.0396388707974936,216,0.0048509892873986,2010,0.045141150313293,train,mid,2
2025-04-09,2025-04-09_r0224_c2016,1,9,224,2016,224,224,674495.0745433298,6066606.598617429,676741.4548196997,6068851.978751215,19358,0.3858019770408163,30818,True,True,True,data\raw\SummerSchool_Subset\images\2025-04-09\layers\2025-04-09_B04.tif,data\raw\SummerSchool_Subset\images\2025-04-09\layers\2025-04-09_B03.tif,data\raw\SummerSchool_Subset\images\2025-04-09\layers\2025-04-09_B02.tif,data\raw\SummerSchool_Subset\images\2025-04-09\layers\2025-04-09_VV.tif,data\raw\SummerSchool_Subset\images\2025-04-09\layers\2025-04-09_VH.tif,data\raw\SummerSchool_Subset\masks\2025_04_09.tiff,0 1 2 3 255,16530,0.853910527947102,105,0.0054241140613699,2460,0.1270792437235251,263,0.0135861142680028,2828,0.146089472052898,train,high,3
2025-04-09,2025-04-09_r0448_c0448,2,2,448,448,224,224,658770.4126087399,6064361.218483644,661016.7928851099,6066606.598617429,34766,0.6928810586734694,15410,True,True,True,data\raw\SummerSchool_Subset\images\2025-04-09\layers\2025-04-09_B04.tif,data\raw\SummerSchool_Subset\images\2025-04-09\layers\2025-04-09_B03.tif,data\raw\SummerSchool_Subset\images\2025-04-09\layers\2025-04-09_B02.tif,data\raw\SummerSchool_Subset\images\2025-04-09\layers\2025-04-09_VV.tif,data\raw\SummerSchool_Subset\images\2025-04-09\layers\2025-04-09_VH.tif,data\raw\SummerSchool_Subset\masks\2025_04_09.tiff,0 1 2 3 255,32925,0.947045964448024,823,0.0236725536443651,774,0.0222631306448829,244,0.0070183512627279,1841,0.052954035551976,train,mid,2
2025-04-09,2025-04-09_r0448_c0672,2,3,448,672,224,224,661016.7928851099,6064361.218483644,663263.1731614799,6066606.598617429,42602,0.8490513392857143,7574,True,True,True,data\raw\SummerSchool_Subset\images\2025-04-09\layers\2025-04-09_B04.tif,data\raw\SummerSchool_Subset\images\2025-04-09\layers\2025-04-09_B03.tif,data\raw\SummerSchool_Subset\images\2025-04-09\layers\2025-04-09_B02.tif,data\raw\SummerSchool_Subset\images\2025-04-09\layers\2025-04-09_VV.tif,data\raw\SummerSchool_Subset\images\2025-04-09\layers\2025-04-09_VH.tif,data\raw\SummerSchool_Subset\masks\2025_04_09.tiff,0 1 2 3 255,41667,0.9780526735834,27,0.0006337730622975,705,0.0165485188488803,203,0.0047650345054222,935,0.0219473264166001,train,mid,2
2025-04-09,2025-04-09_r0448_c0896,2,4,448,896,224,224,663263.1731614799,6064361.218483644,665509.5534378499,6066606.598617429,20439,0.4073461415816326,29737,True,True,True,data\raw\SummerSchool_Subset\images\2025-04-09\layers\2025-04-09_B04.tif,data\raw\SummerSchool_Subset\images\2025-04-09\layers\2025-04-09_B03.tif,data\raw\SummerSchool_Subset\images\2025-04-09\layers\2025-04-09_B02.tif,data\raw\SummerSchool_Subset\images\2025-04-09\layers\2025-04-09_VV.tif,data\raw\SummerSchool_Subset\images\2025-04-09\layers\2025-04-09_VH.tif,data\raw\SummerSchool_Subset\masks\2025_04_09.tiff,0 1 2 3 255,13808,0.6755712118988209,108,0.0052840158520475,5889,0.2881256421547042,634,0.0310191300944273,6631,0.3244287881011791,train,high,3
2025-04-09,2025-04-09_r0448_c1120,2,5,448,1120,224,224,665509.5534378499,6064361.218483644,667755.9337142198,6066606.598617429,10058,0.200454400510204,40118,True,True,True,data\raw\SummerSchool_Subset\images\2025-04-09\layers\2025-04-09_B04.tif,data\raw\SummerSchool_Subset\images\2025-04-09\layers\2025-04-09_B03.tif,data\raw\SummerSchool_Subset\images\2025-04-09\layers\2025-04-09_B02.tif,data\raw\SummerSchool_Subset\images\2025-04-09\layers\2025-04-09_VV.tif,data\raw\SummerSchool_Subset\images\2025-04-09\layers\2025-04-09_VH.tif,data\raw\SummerSchool_Subset\masks\2025_04_09.tiff,0 1 2 3 255,7705,0.766056870153112,10,0.0009942334460131,2021,0.2009345794392523,322,0.0320143169616225,2353,0.233943129846888,train,high,3
2025-04-09,2025-04-09_r0448_c1568,2,7,448,1568,224,224,670002.3139905898,6064361.218483644,672248.6942669598,6066606.598617429,25046,0.4991629464285714,25130,True,True,True,data\raw\SummerSchool_Subset\images\2025-04-09\layers\2025-04-09_B04.tif,data\raw\SummerSchool_Subset\images\2025-04-09\layers\2025-04-09_B03.tif,data\raw\SummerSchool_Subset\images\2025-04-09\layers\2025-04-09_B02.tif,data\raw\SummerSchool_Subset\images\2025-04-09\layers\2025-04-09_VV.tif,data\raw\SummerSchool_Subset\images\2025-04-09\layers\2025-04-09_VH.tif,data\raw\SummerSchool_Subset\masks\2025_04_09.tiff,0 1 2 3 255,22062,0.880859219036972,7,0.0002794857462269,2499,0.0997764114030184,478,0.0190848838137826,2984,0.119140780963028,train,high,3
2025-04-09,2025-04-09_r0448_c1792,2,8,448,1792,224,224,672248.6942669598,6064361.218483644,674495.0745433298,6066606.598617429,40418,0.8055245535714286,9758,True,True,True,data\raw\SummerSchool_Subset\images\2025-04-09\layers\2025-04-09_B04.tif,data\raw\SummerSchool_Subset\images\2025-04-09\layers\2025-04-09_B03.tif,data\raw\SummerSchool_Subset\images\2025-04-09\layers\2025-04-09_B02.tif,data\raw\SummerSchool_Subset\images\2025-04-09\layers\2025-04-09_VV.tif,data\raw\SummerSchool_Subset\images\2025-04-09\layers\2025-04-09_VH.tif,data\raw\SummerSchool_Subset\masks\2025_04_09.tiff,0 1 2 3 255,39239,0.9708298282943244,0,0.0,1102,0.0272650799148894,77,0.0019050917907862,1179,0.0291701717056756,train,mid,2
2025-04-09,2025-04-09_r0448_c2016,2,9,448,2016,224,224,674495.0745433298,6064361.218483644,676741.4548196997,6066606.598617429,42710,0.851203762755102,7466,True,True,True,data\raw\SummerSchool_Subset\images\2025-04-09\layers\2025-04-09_B04.tif,data\raw\SummerSchool_Subset\images\2025-04-09\layers\2025-04-09_B03.tif,data\raw\SummerSchool_Subset\images\2025-04-09\layers\2025-04-09_B02.tif,data\raw\SummerSchool_Subset\images\2025-04-09\layers\2025-04-09_VV.tif,data\raw\SummerSchool_Subset\images\2025-04-09\layers\2025-04-09_VH.tif,data\raw\SummerSchool_Subset\masks\2025_04_09.tiff,0 2,42324,0.9909623039100912,0,0.0,386,0.0090376960899086,0,0.0,386,0.0090376960899086,train,background/no algae,0
2025-04-09,2025-04-09_r0448_c2240,2,10,448,2240,224,224,676741.4548196997,6064361.218483644,678987.8350960697,6066606.598617429,27490,0.5478714923469388,22686,True,True,True,data\raw\SummerSchool_Subset\images\2025-04-09\layers\2025-04-09_B04.tif,data\raw\SummerSchool_Subset\images\2025-04-09\layers\2025-04-09_B03.tif,data\raw\SummerSchool_Subset\images\2025-04-09\layers\2025-04-09_B02.tif,data\raw\SummerSchool_Subset\images\2025-04-09\layers\2025-04-09_VV.tif,data\raw\SummerSchool_Subset\images\2025-04-09\layers\2025-04-09_VH.tif,data\raw\SummerSchool_Subset\masks\2025_04_09.tiff,0 1 2 3 255,23375,0.8503092033466715,621,0.0225900327391778,3208,0.1166969807202619,286,0.0104037831938886,4115,0.1496907966533285,train,high,3
2025-04-09,2025-04-09_r0672_c0448,3,2,672,448,224,224,658770.4126087399,6062115.838349857,661016.7928851099,6064361.218483644,29688,0.5916772959183674,20488,True,True,True,data\raw\SummerSchool_Subset\images\2025-04-09\layers\2025-04-09_B04.tif,data\raw\SummerSchool_Subset\images\2025-04-09\layers\2025-04-09_B03.tif,data\raw\SummerSchool_Subset\images\2025-04-09\layers\2025-04-09_B02.tif,data\raw\SummerSchool_Subset\images\2025-04-09\layers\2025-04-09_VV.tif,data\raw\SummerSchool_Subset\images\2025-04-09\layers\2025-04-09_VH.tif,data\raw\SummerSchool_Subset\masks\2025_04_09.tiff,0 1 2 3 255,29163,0.9823160873080032,8,0.0002694691457828,511,0.0172123416868768,6,0.0002021018593371,525,0.0176839126919967,train,mid,2
2025-04-09,2025-04-09_r0672_c0672,3,3,672,672,224,224,661016.7928851099,6062115.838349857,663263.1731614799,6064361.218483644,41242,0.8219467474489796,8934,True,True,True,data\raw\SummerSchool_Subset\images\2025-04-09\layers\2025-04-09_B04.tif,data\raw\SummerSchool_Subset\images\2025-04-09\layers\2025-04-09_B03.tif,data\raw\SummerSchool_Subset\images\2025-04-09\layers\2025-04-09_B02.tif,data\raw\SummerSchool_Subset\images\2025-04-09\layers\2025-04-09_VV.tif,data\raw\SummerSchool_Subset\images\2025-04-09\layers\2025-04-09_VH.tif,data\raw\SummerSchool_Subset\masks\2025_04_09.tiff,0 2,41239,0.9999272586198537,0,0.0,3,7.274138014645265e-05,0,0.0,3,7.274138014645265e-05,train,background/no algae,0
2025-04-09,2025-04-09_r0672_c0896,3,4,672,896,224,224,663263.1731614799,6062115.838349857,665509.5534378499,6064361.218483644,40841,0.8139548788265306,9335,True,True,True,data\raw\SummerSchool_Subset\images\2025-04-09\layers\2025-04-09_B04.tif,data\raw\SummerSchool_Subset\images\2025-04-09\layers\2025-04-09_B03.tif,data\raw\SummerSchool_Subset\images\2025-04-09\layers\2025-04-09_B02.tif,data\raw\SummerSchool_Subset\images\2025-04-09\layers\2025-04-09_VV.tif,data\raw\SummerSchool_Subset\images\2025-04-09\layers\2025-04-09_VH.tif,data\raw\SummerSchool_Subset\masks\2025_04_09.tiff,0 1 2 3 255,40263,0.98584755515291,8,0.000195881589579,564,0.0138096520653265,6,0.0001469111921843,578,0.0141524448470899,train,mid,2
2025-04-09,2025-04-09_r0672_c1120,3,5,672,1120,224,224,665509.5534378499,6062115.838349857,667755.9337142198,6064361.218483644,40645,0.8100486288265306,9531,True,True,True,data\raw\SummerSchool_Subset\images\2025-04-09\layers\2025-04-09_B04.tif,data\raw\SummerSchool_Subset\images\2025-04-09\layers\2025-04-09_B03.tif,data\raw\SummerSchool_Subset\images\2025-04-09\layers\2025-04-09_B02.tif,data\raw\SummerSchool_Subset\images\2025-04-09\layers\2025-04-09_VV.tif,data\raw\SummerSchool_Subset\images\2025-04-09\layers\2025-04-09_VH.tif,data\raw\SummerSchool_Subset\masks\2025_04_09.tiff,0 2,40587,0.998573010210358,0,0.0,58,0.001426989789642,0,0.0,58,0.001426989789642,train,background/no algae,0
2025-04-09,2025-04-09_r0672_c1344,3,6,672,1344,224,224,667755.9337142198,6062115.838349857,670002.3139905898,6064361.218483644,39125,0.7797552614795918,11051,True,True,True,data\raw\SummerSchool_Subset\images\2025-04-09\layers\2025-04-09_B04.tif,data\raw\SummerSchool_Subset\images\2025-04-09\layers\2025-04-09_B03.tif,data\raw\SummerSchool_Subset\images\2025-04-09\layers\2025-04-09_B02.tif,data\raw\SummerSchool_Subset\images\2025-04-09\layers\2025-04-09_VV.tif,data\raw\SummerSchool_Subset\images\2025-04-09\layers\2025-04-09_VH.tif,data\raw\SummerSchool_Subset\masks\2025_04_09.tiff,0 2,39077,0.9987731629392972,0,0.0,48,0.0012268370607028,0,0.0,48,0.0012268370607028,train,background/no algae,0
2025-04-09,2025-04-09_r0672_c1568,3,7,672,1568,224,224,670002.3139905898,6062115.838349857,672248.6942669598,6064361.218483644,40213,0.8014389349489796,9963,True,True,True,data\raw\SummerSchool_Subset\images\2025-04-09\layers\2025-04-09_B04.tif,data\raw\SummerSchool_Subset\images\2025-04-09\layers\2025-04-09_B03.tif,data\raw\SummerSchool_Subset\images\2025-04-09\layers\2025-04-09_B02.tif,data\raw\SummerSchool_Subset\images\2025-04-09\layers\2025-04-09_VV.tif,data\raw\SummerSchool_Subset\images\2025-04-09\layers\2025-04-09_VH.tif,data\raw\SummerSchool_Subset\masks\2025_04_09.tiff,0 2,40193,0.9995026483972844,0,0.0,20,0.0004973516027155,0,0.0,20,0.0004973516027155,train,background/no algae,0
2025-04-09,2025-04-09_r0672_c1792,3,8,672,1792,224,224,672248.6942669598,6062115.838349857,674495.0745433298,6064361.218483644,41320,0.8235012755102041,8856,True,True,True,data\raw\SummerSchool_Subset\images\2025-04-09\layers\2025-04-09_B04.tif,data\raw\SummerSchool_Subset\images\2025-04-09\layers\2025-04-09_B03.tif,data\raw\SummerSchool_Subset\images\2025-04-09\layers\2025-04-09_B02.tif,data\raw\SummerSchool_Subset\images\2025-04-09\layers\2025-04-09_VV.tif,data\raw\SummerSchool_Subset\images\2025-04-09\layers\2025-04-09_VH.tif,data\raw\SummerSchool_Subset\masks\2025_04_09.tiff,0 2,41248,0.9982575024201356,0,0.0,72,0.0017424975798644,0,0.0,72,0.0017424975798644,train,background/no algae,0
2025-04-09,2025-04-09_r0672_c2016,3,9,672,2016,224,224,674495.0745433298,6062115.838349857,676741.4548196997,6064361.218483644,40385,0.8048668686224489,9791,True,True,True,data\raw\SummerSchool_Subset\images\2025-04-09\layers\2025-04-09_B04.tif,data\raw\SummerSchool_Subset\images\2025-04-09\layers\2025-04-09_B03.tif,data\raw\SummerSchool_Subset\images\2025-04-09\layers\2025-04-09_B02.tif,data\raw\SummerSchool_Subset\images\2025-04-09\layers\2025-04-09_VV.tif,data\raw\SummerSchool_Subset\images\2025-04-09\layers\2025-04-09_VH.tif,data\raw\SummerSchool_Subset\masks\2025_04_09.tiff,0 1 2 3 255,38019,0.9414138912962734,13,0.0003219016961743,2301,0.056976600222855,52,0.0012876067846972,2366,0.0585861087037266,train,mid,2
2025-04-09,2025-04-09_r0896_c0448,4,2,896,448,224,224,658770.4126087399,6059870.458216072,661016.7928851099,6062115.838349857,21064,0.4198022959183674,29112,True,True,True,data\raw\SummerSchool_Subset\images\2025-04-09\layers\2025-04-09_B04.tif,data\raw\SummerSchool_Subset\images\2025-04-09\layers\2025-04-09_B03.tif,data\raw\SummerSchool_Subset\images\2025-04-09\layers\2025-04-09_B02.tif,data\raw\SummerSchool_Subset\images\2025-04-09\layers\2025-04-09_VV.tif,data\raw\SummerSchool_Subset\images\2025-04-09\layers\2025-04-09_VH.tif,data\raw\SummerSchool_Subset\masks\2025_04_09.tiff,0 1 2 3 255,19608,0.9308773262438284,385,0.0182776300797569,949,0.0450531712875047,122,0.0057918723889099,1456,0.0691226737561716,train,mid,2
2025-04-09,2025-04-09_r0896_c0672,4,3,896,672,224,224,661016.7928851099,6059870.458216072,663263.1731614799,6062115.838349857,41363,0.8243582589285714,8813,True,True,True,data\raw\SummerSchool_Subset\images\2025-04-09\layers\2025-04-09_B04.tif,data\raw\SummerSchool_Subset\images\2025-04-09\layers\2025-04-09_B03.tif,data\raw\SummerSchool_Subset\images\2025-04-09\layers\2025-04-09_B02.tif,data\raw\SummerSchool_Subset\images\2025-04-09\layers\2025-04-09_VV.tif,data\raw\SummerSchool_Subset\images\2025-04-09\layers\2025-04-09_VH.tif,data\raw\SummerSchool_Subset\masks\2025_04_09.tiff,0 1 2 255,41329,0.9991780093320116,19,0.0004593477262287,15,0.0003626429417595,0,0.0,34,0.0008219906679882,train,background/no algae,0
2025-04-09,2025-04-09_r0896_c0896,4,4,896,896,224,224,663263.1731614799,6059870.458216072,665509.5534378499,6062115.838349857,40334,0.8038504464285714,9842,True,True,True,data\raw\SummerSchool_Subset\images\2025-04-09\layers\2025-04-09_B04.tif,data\raw\SummerSchool_Subset\images\2025-04-09\layers\2025-04-09_B03.tif,data\raw\SummerSchool_Subset\images\2025-04-09\layers\2025-04-09_B02.tif,data\raw\SummerSchool_Subset\images\2025-04-09\layers\2025-04-09_VV.tif,data\raw\SummerSchool_Subset\images\2025-04-09\layers\2025-04-09_VH.tif,data\raw\SummerSchool_Subset\masks\2025_04_09.tiff,0 1 2 255,40327,0.9998264491496008,3,7.437893588535726e-05,4,9.91719145138097e-05,0,0.0,7,0.0001735508503991,train,background/no algae,0
2025-04-09,2025-04-09_r0896_c1120,4,5,896,1120,224,224,665509.5534378499,6059870.458216072,667755.9337142198,6062115.838349857,40317,0.8035116390306123,9859,True,True,True,data\raw\SummerSchool_Subset\images\2025-04-09\layers\2025-04-09_B04.tif,data\raw\SummerSchool_Subset\images\2025-04-09\layers\2025-04-09_B03.tif,data\raw\SummerSchool_Subset\images\2025-04-09\layers\2025-04-09_B02.tif,data\raw\SummerSchool_Subset\images\2025-04-09\layers\2025-04-09_VV.tif,data\raw\SummerSchool_Subset\images\2025-04-09\layers\2025-04-09_VH.tif,data\raw\SummerSchool_Subset\masks\2025_04_09.tiff,0,40317,1.0,0,0.0,0,0.0,0,0.0,0,0.0,train,background/no algae,0
2025-04-09,2025-04-09_r0896_c1344,4,6,896,1344,224,224,667755.9337142198,6059870.458216072,670002.3139905898,6062115.838349857,39640,0.7900191326530612,10536,True,True,True,data\raw\SummerSchool_Subset\images\2025-04-09\layers\2025-04-09_B04.tif,data\raw\SummerSchool_Subset\images\2025-04-09\layers\2025-04-09_B03.tif,data\raw\SummerSchool_Subset\images\2025-04-09\layers\2025-04-09_B02.tif,data\raw\SummerSchool_Subset\images\2025-04-09\layers\2025-04-09_VV.tif,data\raw\SummerSchool_Subset\images\2025-04-09\layers\2025-04-09_VH.tif,data\raw\SummerSchool_Subset\masks\2025_04_09.tiff,0 2,39637,0.9999243188698284,0,0.0,3,7.56811301715439e-05,0,0.0,3,7.56811301715439e-05,train,background/no algae,0
2025-04-09,2025-04-09_r0896_c1568,4,7,896,1568,224,224,670002.3139905898,6059870.458216072,672248.6942669598,6062115.838349857,40659,0.8103276466836735,9517,True,True,True,data\raw\SummerSchool_Subset\images\2025-04-09\layers\2025-04-09_B04.tif,data\raw\SummerSchool_Subset\images\2025-04-09\layers\2025-04-09_B03.tif,data\raw\SummerSchool_Subset\images\2025-04-09\layers\2025-04-09_B02.tif,data\raw\SummerSchool_Subset\images\2025-04-09\layers\2025-04-09_VV.tif,data\raw\SummerSchool_Subset\images\2025-04-09\layers\2025-04-09_VH.tif,data\raw\SummerSchool_Subset\masks\2025_04_09.tiff,0 2,40653,0.9998524311960452,0,0.0,6,0.0001475688039548,0,0.0,6,0.0001475688039548,train,background/no algae,0
2025-04-09,2025-04-09_r0896_c1792,4,8,896,1792,224,224,672248.6942669598,6059870.458216072,674495.0745433298,6062115.838349857,40306,0.8032924107142857,9870,True,True,True,data\raw\SummerSchool_Subset\images\2025-04-09\layers\2025-04-09_B04.tif,data\raw\SummerSchool_Subset\images\2025-04-09\layers\2025-04-09_B03.tif,data\raw\SummerSchool_Subset\images\2025-04-09\layers\2025-04-09_B02.tif,data\raw\SummerSchool_Subset\images\2025-04-09\layers\2025-04-09_VV.tif,data\raw\SummerSchool_Subset\images\2025-04-09\layers\2025-04-09_VH.tif,data\raw\SummerSchool_Subset\masks\2025_04_09.tiff,0 1 2 255,40147,0.996055177889148,3,7.443060586513174e-05,156,0.0038703915049868,0,0.0,159,0.0039448221108519,train,background/no algae,0
2025-04-09,2025-04-09_r0896_c2016,4,9,896,2016,224,224,674495.0745433298,6059870.458216072,676741.4548196997,6062115.838349857,18008,0.3588966836734694,32168,True,True,True,data\raw\SummerSchool_Subset\images\2025-04-09\layers\2025-04-09_B04.tif,data\raw\SummerSchool_Subset\images\2025-04-09\layers\2025-04-09_B03.tif,data\raw\SummerSchool_Subset\images\2025-04-09\layers\2025-04-09_B02.tif,data\raw\SummerSchool_Subset\images\2025-04-09\layers\2025-04-09_VV.tif,data\raw\SummerSchool_Subset\images\2025-04-09\layers\2025-04-09_VH.tif,data\raw\SummerSchool_Subset\masks\2025_04_09.tiff,0 1 2 3 255,15505,0.8610062194580187,38,0.0021101732563305,2195,0.1218902709906708,270,0.01499333629498,2503,0.1389937805419813,train,high,3
2025-04-09,2025-04-09_r1120_c0672,5,3,1120,672,224,224,661016.7928851099,6057625.078082287,663263.1731614799,6059870.458216072,39758,0.7923708545918368,10418,True,True,True,data\raw\SummerSchool_Subset\images\2025-04-09\layers\2025-04-09_B04.tif,data\raw\SummerSchool_Subset\images\2025-04-09\layers\2025-04-09_B03.tif,data\raw\SummerSchool_Subset\images\2025-04-09\layers\2025-04-09_B02.tif,data\raw\SummerSchool_Subset\images\2025-04-09\layers\2025-04-09_VV.tif,data\raw\SummerSchool_Subset\images\2025-04-09\layers\2025-04-09_VH.tif,data\raw\SummerSchool_Subset\masks\2025_04_09.tiff,0 1 2 3 255,39062,0.9824940892399014,10,0.0002515217063232,581,0.0146134111373811,105,0.0026409779163941,696,0.0175059107600985,train,mid,2
2025-04-09,2025-04-09_r1120_c0896,5,4,1120,896,224,224,663263.1731614799,6057625.078082287,665509.5534378499,6059870.458216072,40364,0.8044483418367347,9812,True,True,True,data\raw\SummerSchool_Subset\images\2025-04-09\layers\2025-04-09_B04.tif,data\raw\SummerSchool_Subset\images\2025-04-09\layers\2025-04-09_B03.tif,data\raw\SummerSchool_Subset\images\2025-04-09\layers\2025-04-09_B02.tif,data\raw\SummerSchool_Subset\images\2025-04-09\layers\2025-04-09_VV.tif,data\raw\SummerSchool_Subset\images\2025-04-09\layers\2025-04-09_VH.tif,data\raw\SummerSchool_Subset\masks\2025_04_09.tiff,0,40364,1.0,0,0.0,0,0.0,0,0.0,0,0.0,train,background/no algae,0
2025-04-09,2025-04-09_r1120_c1120,5,5,1120,1120,224,224,665509.5534378499,6057625.078082287,667755.9337142198,6059870.458216072,38240,0.7621173469387755,11936,True,True,True,data\raw\SummerSchool_Subset\images\2025-04-09\layers\2025-04-09_B04.tif,data\raw\SummerSchool_Subset\images\2025-04-09\layers\2025-04-09_B03.tif,data\raw\SummerSchool_Subset\images\2025-04-09\layers\2025-04-09_B02.tif,data\raw\SummerSchool_Subset\images\2025-04-09\layers\2025-04-09_VV.tif,data\raw\SummerSchool_Subset\images\2025-04-09\layers\2025-04-09_VH.tif,data\raw\SummerSchool_Subset\masks\2025_04_09.tiff,0 2,38239,0.999973849372385,0,0.0,1,2.615062761506276e-05,0,0.0,1,2.615062761506276e-05,train,background/no algae,0
2025-04-09,2025-04-09_r1120_c1344,5,6,1120,1344,224,224,667755.9337142198,6057625.078082287,670002.3139905898,6059870.458216072,37557,0.7485052614795918,12619,True,True,True,data\raw\SummerSchool_Subset\images\2025-04-09\layers\2025-04-09_B04.tif,data\raw\SummerSchool_Subset\images\2025-04-09\layers\2025-04-09_B03.tif,data\raw\SummerSchool_Subset\images\2025-04-09\layers\2025-04-09_B02.tif,data\raw\SummerSchool_Subset\images\2025-04-09\layers\2025-04-09_VV.tif,data\raw\SummerSchool_Subset\images\2025-04-09\layers\2025-04-09_VH.tif,data\raw\SummerSchool_Subset\masks\2025_04_09.tiff,0 2,37556,0.9999733738051496,0,0.0,1,2.662619485049392e-05,0,0.0,1,2.662619485049392e-05,train,background/no algae,0
2025-04-09,2025-04-09_r1120_c1568,5,7,1120,1568,224,224,670002.3139905898,6057625.078082287,672248.6942669598,6059870.458216072,38779,0.7728595344387755,11397,True,True,True,data\raw\SummerSchool_Subset\images\2025-04-09\layers\2025-04-09_B04.tif,data\raw\SummerSchool_Subset\images\2025-04-09\layers\2025-04-09_B03.tif,data\raw\SummerSchool_Subset\images\2025-04-09\layers\2025-04-09_B02.tif,data\raw\SummerSchool_Subset\images\2025-04-09\layers\2025-04-09_VV.tif,data\raw\SummerSchool_Subset\images\2025-04-09\layers\2025-04-09_VH.tif,data\raw\SummerSchool_Subset\masks\2025_04_09.tiff,0 2,38775,0.9998968513886382,0,0.0,4,0.0001031486113618,0,0.0,4,0.0001031486113618,train,background/no algae,0
2025-04-09,2025-04-09_r1120_c1792,5,8,1120,1792,224,224,672248.6942669598,6057625.078082287,674495.0745433298,6059870.458216072,36876,0.7349330357142857,13300,True,True,True,data\raw\SummerSchool_Subset\images\2025-04-09\layers\2025-04-09_B04.tif,data\raw\SummerSchool_Subset\images\2025-04-09\layers\2025-04-09_B03.tif,data\raw\SummerSchool_Subset\images\2025-04-09\layers\2025-04-09_B02.tif,data\raw\SummerSchool_Subset\images\2025-04-09\layers\2025-04-09_VV.tif,data\raw\SummerSchool_Subset\images\2025-04-09\layers\2025-04-09_VH.tif,data\raw\SummerSchool_Subset\masks\2025_04_09.tiff,0 1 2 3 255,34545,0.9367881548974945,7,0.0001898253606681,1807,0.0490020609610586,517,0.0140199587807788,2331,0.0632118451025057,train,high,3
2025-04-09,2025-04-09_r1344_c0672,6,3,1344,672,224,224,661016.7928851099,6055379.6979485005,663263.1731614799,6057625.078082287,40763,0.8124003507653061,9413,True,True,True,data\raw\SummerSchool_Subset\images\2025-04-09\layers\2025-04-09_B04.tif,data\raw\SummerSchool_Subset\images\2025-04-09\layers\2025-04-09_B03.tif,data\raw\SummerSchool_Subset\images\2025-04-09\layers\2025-04-09_B02.tif,data\raw\SummerSchool_Subset\images\2025-04-09\layers\2025-04-09_VV.tif,data\raw\SummerSchool_Subset\images\2025-04-09\layers\2025-04-09_VH.tif,data\raw\SummerSchool_Subset\masks\2025_04_09.tiff,0 1 2 3 255,39444,0.967642224566396,416,0.0102053332679145,697,0.0170988396339818,206,0.0050536025317076,1319,0.032357775433604,train,mid,2
2025-04-09,2025-04-09_r1344_c0896,6,4,1344,896,224,224,663263.1731614799,6055379.6979485005,665509.5534378499,6057625.078082287,38872,0.7747130102040817,11304,True,True,True,data\raw\SummerSchool_Subset\images\2025-04-09\layers\2025-04-09_B04.tif,data\raw\SummerSchool_Subset\images\2025-04-09\layers\2025-04-09_B03.tif,data\raw\SummerSchool_Subset\images\2025-04-09\layers\2025-04-09_B02.tif,data\raw\SummerSchool_Subset\images\2025-04-09\layers\2025-04-09_VV.tif,data\raw\SummerSchool_Subset\images\2025-04-09\layers\2025-04-09_VH.tif,data\raw\SummerSchool_Subset\masks\2025_04_09.tiff,0,38872,1.0,0,0.0,0,0.0,0,0.0,0,0.0,train,background/no algae,0
2025-04-09,2025-04-09_r1344_c1120,6,5,1344,1120,224,224,665509.5534378499,6055379.6979485005,667755.9337142198,6057625.078082287,36145,0.7203643176020408,14031,True,True,True,data\raw\SummerSchool_Subset\images\2025-04-09\layers\2025-04-09_B04.tif,data\raw\SummerSchool_Subset\images\2025-04-09\layers\2025-04-09_B03.tif,data\raw\SummerSchool_Subset\images\2025-04-09\layers\2025-04-09_B02.tif,data\raw\SummerSchool_Subset\images\2025-04-09\layers\2025-04-09_VV.tif,data\raw\SummerSchool_Subset\images\2025-04-09\layers\2025-04-09_VH.tif,data\raw\SummerSchool_Subset\masks\2025_04_09.tiff,0,36145,1.0,0,0.0,0,0.0,0,0.0,0,0.0,train,background/no algae,0
2025-04-09,2025-04-09_r1344_c1344,6,6,1344,1344,224,224,667755.9337142198,6055379.6979485005,670002.3139905898,6057625.078082287,37185,0.7410913584183674,12991,True,True,True,data\raw\SummerSchool_Subset\images\2025-04-09\layers\2025-04-09_B04.tif,data\raw\SummerSchool_Subset\images\2025-04-09\layers\2025-04-09_B03.tif,data\raw\SummerSchool_Subset\images\2025-04-09\layers\2025-04-09_B02.tif,data\raw\SummerSchool_Subset\images\2025-04-09\layers\2025-04-09_VV.tif,data\raw\SummerSchool_Subset\images\2025-04-09\layers\2025-04-09_VH.tif,data\raw\SummerSchool_Subset\masks\2025_04_09.tiff,0 2,37184,0.999973107435794,0,0.0,1,2.6892564205997043e-05,0,0.0,1,2.6892564205997043e-05,train,background/no algae,0
2025-04-09,2025-04-09_r1344_c1568,6,7,1344,1568,224,224,670002.3139905898,6055379.6979485005,672248.6942669598,6057625.078082287,38532,0.767936862244898,11644,True,True,True,data\raw\SummerSchool_Subset\images\2025-04-09\layers\2025-04-09_B04.tif,data\raw\SummerSchool_Subset\images\2025-04-09\layers\2025-04-09_B03.tif,data\raw\SummerSchool_Subset\images\2025-04-09\layers\2025-04-09_B02.tif,data\raw\SummerSchool_Subset\images\2025-04-09\layers\2025-04-09_VV.tif,data\raw\SummerSchool_Subset\images\2025-04-09\layers\2025-04-09_VH.tif,data\raw\SummerSchool_Subset\masks\2025_04_09.tiff,0 2,38531,0.9999740475448976,0,0.0,1,2.5952455102252672e-05,0,0.0,1,2.5952455102252672e-05,train,background/no algae,0
2025-04-09,2025-04-09_r1344_c1792,6,8,1344,1792,224,224,672248.6942669598,6055379.6979485005,674495.0745433298,6057625.078082287,29699,0.5918965242346939,20477,True,True,True,data\raw\SummerSchool_Subset\images\2025-04-09\layers\2025-04-09_B04.tif,data\raw\SummerSchool_Subset\images\2025-04-09\layers\2025-04-09_B03.tif,data\raw\SummerSchool_Subset\images\2025-04-09\layers\2025-04-09_B02.tif,data\raw\SummerSchool_Subset\images\2025-04-09\layers\2025-04-09_VV.tif,data\raw\SummerSchool_Subset\images\2025-04-09\layers\2025-04-09_VH.tif,data\raw\SummerSchool_Subset\masks\2025_04_09.tiff,0 1 2 3 255,27623,0.9300986565204216,5,0.0001683558368968,1845,0.0621233038149432,226,0.0076096838277383,2076,0.0699013434795784,train,mid,2
2025-04-09,2025-04-09_r1568_c0672,7,3,1568,672,224,224,661016.7928851099,6053134.317814715,663263.1731614799,6055379.6979485005,41101,0.8191366390306123,9075,True,True,True,data\raw\SummerSchool_Subset\images\2025-04-09\layers\2025-04-09_B04.tif,data\raw\SummerSchool_Subset\images\2025-04-09\layers\2025-04-09_B03.tif,data\raw\SummerSchool_Subset\images\2025-04-09\layers\2025-04-09_B02.tif,data\raw\SummerSchool_Subset\images\2025-04-09\layers\2025-04-09_VV.tif,data\raw\SummerSchool_Subset\images\2025-04-09\layers\2025-04-09_VH.tif,data\raw\SummerSchool_Subset\masks\2025_04_09.tiff,0 1 2 3 255,40783,0.992262961971728,49,0.0011921851049852,231,0.0056203012092163,38,0.0009245517140702,318,0.0077370380282718,train,background/no algae,0
2025-04-09,2025-04-09_r1568_c0896,7,4,1568,896,224,224,663263.1731614799,6053134.317814715,665509.5534378499,6055379.6979485005,38714,0.7715640943877551,11462,True,True,True,data\raw\SummerSchool_Subset\images\2025-04-09\layers\2025-04-09_B04.tif,data\raw\SummerSchool_Subset\images\2025-04-09\layers\2025-04-09_B03.tif,data\raw\SummerSchool_Subset\images\2025-04-09\layers\2025-04-09_B02.tif,data\raw\SummerSchool_Subset\images\2025-04-09\layers\2025-04-09_VV.tif,data\raw\SummerSchool_Subset\images\2025-04-09\layers\2025-04-09_VH.tif,data\raw\SummerSchool_Subset\masks\2025_04_09.tiff,0 1 2 255,38705,0.9997675259596012,6,0.0001549826935992,3,7.749134679960738e-05,0,0.0,9,0.0002324740403988,train,background/no algae,0
2025-04-09,2025-04-09_r1568_c1120,7,5,1568,1120,224,224,665509.5534378499,6053134.317814715,667755.9337142198,6055379.6979485005,37482,0.7470105229591837,12694,True,True,True,data\raw\SummerSchool_Subset\images\2025-04-09\layers\2025-04-09_B04.tif,data\raw\SummerSchool_Subset\images\2025-04-09\layers\2025-04-09_B03.tif,data\raw\SummerSchool_Subset\images\2025-04-09\layers\2025-04-09_B02.tif,data\raw\SummerSchool_Subset\images\2025-04-09\layers\2025-04-09_VV.tif,data\raw\SummerSchool_Subset\images\2025-04-09\layers\2025-04-09_VH.tif,data\raw\SummerSchool_Subset\masks\2025_04_09.tiff,0,37482,1.0,0,0.0,0,0.0,0,0.0,0,0.0,train,background/no algae,0
2025-04-09,2025-04-09_r1568_c1344,7,6,1568,1344,224,224,667755.9337142198,6053134.317814715,670002.3139905898,6055379.6979485005,36676,0.7309470663265306,13500,True,True,True,data\raw\SummerSchool_Subset\images\2025-04-09\layers\2025-04-09_B04.tif,data\raw\SummerSchool_Subset\images\2025-04-09\layers\2025-04-09_B03.tif,data\raw\SummerSchool_Subset\images\2025-04-09\layers\2025-04-09_B02.tif,data\raw\SummerSchool_Subset\images\2025-04-09\layers\2025-04-09_VV.tif,data\raw\SummerSchool_Subset\images\2025-04-09\layers\2025-04-09_VH.tif,data\raw\SummerSchool_Subset\masks\2025_04_09.tiff,0 1 2,36673,0.9999182026393282,1,2.7265786890609663e-05,2,5.4531573781219325e-05,0,0.0,3,8.1797360671829e-05,train,background/no algae,0
2025-04-09,2025-04-09_r1568_c1568,7,7,1568,1568,224,224,670002.3139905898,6053134.317814715,672248.6942669598,6055379.6979485005,37395,0.7452766262755102,12781,True,True,True,data\raw\SummerSchool_Subset\images\2025-04-09\layers\2025-04-09_B04.tif,data\raw\SummerSchool_Subset\images\2025-04-09\layers\2025-04-09_B03.tif,data\raw\SummerSchool_Subset\images\2025-04-09\layers\2025-04-09_B02.tif,data\raw\SummerSchool_Subset\images\2025-04-09\layers\2025-04-09_VV.tif,data\raw\SummerSchool_Subset\images\2025-04-09\layers\2025-04-09_VH.tif,data\raw\SummerSchool_Subset\masks\2025_04_09.tiff,0,37395,1.0,0,0.0,0,0.0,0,0.0,0,0.0,train,background/no algae,0
2025-04-09,2025-04-09_r1568_c1792,7,8,1568,1792,224,224,672248.6942669598,6053134.317814715,674495.0745433298,6055379.6979485005,32297,0.6436742665816326,17879,True,True,True,data\raw\SummerSchool_Subset\images\2025-04-09\layers\2025-04-09_B04.tif,data\raw\SummerSchool_Subset\images\2025-04-09\layers\2025-04-09_B03.tif,data\raw\SummerSchool_Subset\images\2025-04-09\layers\2025-04-09_B02.tif,data\raw\SummerSchool_Subset\images\2025-04-09\layers\2025-04-09_VV.tif,data\raw\SummerSchool_Subset\images\2025-04-09\layers\2025-04-09_VH.tif,data\raw\SummerSchool_Subset\masks\2025_04_09.tiff,0 1 2 3 255,30650,0.949004551506332,16,0.0004954020497259,1423,0.0440598197975044,208,0.0064402266464377,1647,0.0509954484936681,train,mid,2
2025-04-09,2025-04-09_r1568_c2016,7,9,1568,2016,224,224,674495.0745433298,6053134.317814715,676741.4548196997,6055379.6979485005,30143,0.6007453762755102,20033,True,True,True,data\raw\SummerSchool_Subset\images\2025-04-09\layers\2025-04-09_B04.tif,data\raw\SummerSchool_Subset\images\2025-04-09\layers\2025-04-09_B03.tif,data\raw\SummerSchool_Subset\images\2025-04-09\layers\2025-04-09_B02.tif,data\raw\SummerSchool_Subset\images\2025-04-09\layers\2025-04-09_VV.tif,data\raw\SummerSchool_Subset\images\2025-04-09\layers\2025-04-09_VH.tif,data\raw\SummerSchool_Subset\masks\2025_04_09.tiff,0 1 2 3 255,23875,0.7920578575456988,2174,0.0721228809342135,3222,0.1068904886706698,872,0.0289287728494177,6268,0.2079421424543011,train,high,3
2025-04-09,2025-04-09_r1792_c0448,8,2,1792,448,224,224,658770.4126087399,6050888.937680929,661016.7928851099,6053134.317814715,29186,0.581672512755102,20990,True,True,True,data\raw\SummerSchool_Subset\images\2025-04-09\layers\2025-04-09_B04.tif,data\raw\SummerSchool_Subset\images\2025-04-09\layers\2025-04-09_B03.tif,data\raw\SummerSchool_Subset\images\2025-04-09\layers\2025-04-09_B02.tif,data\raw\SummerSchool_Subset\images\2025-04-09\layers\2025-04-09_VV.tif,data\raw\SummerSchool_Subset\images\2025-04-09\layers\2025-04-09_VH.tif,data\raw\SummerSchool_Subset\masks\2025_04_09.tiff,0 1 2 3 255,26749,0.9165010621530872,1447,0.0495785650654423,859,0.0294319194134173,131,0.0044884533680531,2437,0.0834989378469129,train,mid,2
2025-04-09,2025-04-09_r1792_c0672,8,3,1792,672,224,224,661016.7928851099,6050888.937680929,663263.1731614799,6053134.317814715,39884,0.7948820153061225,10292,True,True,True,data\raw\SummerSchool_Subset\images\2025-04-09\layers\2025-04-09_B04.tif,data\raw\SummerSchool_Subset\images\2025-04-09\layers\2025-04-09_B03.tif,data\raw\SummerSchool_Subset\images\2025-04-09\layers\2025-04-09_B02.tif,data\raw\SummerSchool_Subset\images\2025-04-09\layers\2025-04-09_VV.tif,data\raw\SummerSchool_Subset\images\2025-04-09\layers\2025-04-09_VH.tif,data\raw\SummerSchool_Subset\masks\2025_04_09.tiff,0,39884,1.0,0,0.0,0,0.0,0,0.0,0,0.0,train,background/no algae,0
2025-04-09,2025-04-09_r1792_c0896,8,4,1792,896,224,224,663263.1731614799,6050888.937680929,665509.5534378499,6053134.317814715,38244,0.7621970663265306,11932,True,True,True,data\raw\SummerSchool_Subset\images\2025-04-09\layers\2025-04-09_B04.tif,data\raw\SummerSchool_Subset\images\2025-04-09\layers\2025-04-09_B03.tif,data\raw\SummerSchool_Subset\images\2025-04-09\layers\2025-04-09_B02.tif,data\raw\SummerSchool_Subset\images\2025-04-09\layers\2025-04-09_VV.tif,data\raw\SummerSchool_Subset\images\2025-04-09\layers\2025-04-09_VH.tif,data\raw\SummerSchool_Subset\masks\2025_04_09.tiff,0,38244,1.0,0,0.0,0,0.0,0,0.0,0,0.0,train,background/no algae,0
2025-04-09,2025-04-09_r1792_c1120,8,5,1792,1120,224,224,665509.5534378499,6050888.937680929,667755.9337142198,6053134.317814715,36598,0.7293925382653061,13578,True,True,True,data\raw\SummerSchool_Subset\images\2025-04-09\layers\2025-04-09_B04.tif,data\raw\SummerSchool_Subset\images\2025-04-09\layers\2025-04-09_B03.tif,data\raw\SummerSchool_Subset\images\2025-04-09\layers\2025-04-09_B02.tif,data\raw\SummerSchool_Subset\images\2025-04-09\layers\2025-04-09_VV.tif,data\raw\SummerSchool_Subset\images\2025-04-09\layers\2025-04-09_VH.tif,data\raw\SummerSchool_Subset\masks\2025_04_09.tiff,0,36598,1.0,0,0.0,0,0.0,0,0.0,0,0.0,train,background/no algae,0
2025-04-09,2025-04-09_r1792_c1344,8,6,1792,1344,224,224,667755.9337142198,6050888.937680929,670002.3139905898,6053134.317814715,36203,0.7215202487244898,13973,True,True,True,data\raw\SummerSchool_Subset\images\2025-04-09\layers\2025-04-09_B04.tif,data\raw\SummerSchool_Subset\images\2025-04-09\layers\2025-04-09_B03.tif,data\raw\SummerSchool_Subset\images\2025-04-09\layers\2025-04-09_B02.tif,data\raw\SummerSchool_Subset\images\2025-04-09\layers\2025-04-09_VV.tif,data\raw\SummerSchool_Subset\images\2025-04-09\layers\2025-04-09_VH.tif,data\raw\SummerSchool_Subset\masks\2025_04_09.tiff,0,36203,1.0,0,0.0,0,0.0,0,0.0,0,0.0,train,background/no algae,0
2025-04-09,2025-04-09_r1792_c1568,8,7,1792,1568,224,224,670002.3139905898,6050888.937680929,672248.6942669598,6053134.317814715,38640,0.7700892857142857,11536,True,True,True,data\raw\SummerSchool_Subset\images\2025-04-09\layers\2025-04-09_B04.tif,data\raw\SummerSchool_Subset\images\2025-04-09\layers\2025-04-09_B03.tif,data\raw\SummerSchool_Subset\images\2025-04-09\layers\2025-04-09_B02.tif,data\raw\SummerSchool_Subset\images\2025-04-09\layers\2025-04-09_VV.tif,data\raw\SummerSchool_Subset\images\2025-04-09\layers\2025-04-09_VH.tif,data\raw\SummerSchool_Subset\masks\2025_04_09.tiff,0,38640,1.0,0,0.0,0,0.0,0,0.0,0,0.0,train,background/no algae,0
2025-04-09,2025-04-09_r1792_c1792,8,8,1792,1792,224,224,672248.6942669598,6050888.937680929,674495.0745433298,6053134.317814715,39739,0.7919921875,10437,True,True,True,data\raw\SummerSchool_Subset\images\2025-04-09\layers\2025-04-09_B04.tif,data\raw\SummerSchool_Subset\images\2025-04-09\layers\2025-04-09_B03.tif,data\raw\SummerSchool_Subset\images\2025-04-09\layers\2025-04-09_B02.tif,data\raw\SummerSchool_Subset\images\2025-04-09\layers\2025-04-09_VV.tif,data\raw\SummerSchool_Subset\images\2025-04-09\layers\2025-04-09_VH.tif,data\raw\SummerSchool_Subset\masks\2025_04_09.tiff,0 1 2 3 255,38300,0.963788721407182,13,0.000327134552958,1328,0.033418052794484,98,0.002466091245376,1439,0.0362112785928181,train,mid,2
2025-04-09,2025-04-09_r1792_c2016,8,9,1792,2016,224,224,674495.0745433298,6050888.937680929,676741.4548196997,6053134.317814715,36491,0.7272600446428571,13685,True,True,True,data\raw\SummerSchool_Subset\images\2025-04-09\layers\2025-04-09_B04.tif,data\raw\SummerSchool_Subset\images\2025-04-09\layers\2025-04-09_B03.tif,data\raw\SummerSchool_Subset\images\2025-04-09\layers\2025-04-09_B02.tif,data\raw\SummerSchool_Subset\images\2025-04-09\layers\2025-04-09_VV.tif,data\raw\SummerSchool_Subset\images\2025-04-09\layers\2025-04-09_VH.tif,data\raw\SummerSchool_Subset\masks\2025_04_09.tiff,0 1 2 3 255,32681,0.8955906935956811,436,0.0119481515990244,3009,0.0824586884437258,365,0.0100024663615686,3810,0.1044093064043188,train,high,3
2025-04-09,2025-04-09_r2016_c0224,9,1,2016,224,224,224,656524.0323323699,6048643.557547144,658770.4126087399,6050888.937680929,30694,0.6117267219387755,19482,True,True,True,data\raw\SummerSchool_Subset\images\2025-04-09\layers\2025-04-09_B04.tif,data\raw\SummerSchool_Subset\images\2025-04-09\layers\2025-04-09_B03.tif,data\raw\SummerSchool_Subset\images\2025-04-09\layers\2025-04-09_B02.tif,data\raw\SummerSchool_Subset\images\2025-04-09\layers\2025-04-09_VV.tif,data\raw\SummerSchool_Subset\images\2025-04-09\layers\2025-04-09_VH.tif,data\raw\SummerSchool_Subset\masks\2025_04_09.tiff,0 1 2 3 255,28644,0.9332117026128884,266,0.0086661888316934,1581,0.0515084381312308,203,0.0066136704241871,2050,0.0667882973871114,train,mid,2
2025-04-09,2025-04-09_r2016_c0448,9,2,2016,448,224,224,658770.4126087399,6048643.557547144,661016.7928851099,6050888.937680929,40946,0.816047512755102,9230,True,True,True,data\raw\SummerSchool_Subset\images\2025-04-09\layers\2025-04-09_B04.tif,data\raw\SummerSchool_Subset\images\2025-04-09\layers\2025-04-09_B03.tif,data\raw\SummerSchool_Subset\images\2025-04-09\layers\2025-04-09_B02.tif,data\raw\SummerSchool_Subset\images\2025-04-09\layers\2025-04-09_VV.tif,data\raw\SummerSchool_Subset\images\2025-04-09\layers\2025-04-09_VH.tif,data\raw\SummerSchool_Subset\masks\2025_04_09.tiff,0,40946,1.0,0,0.0,0,0.0,0,0.0,0,0.0,train,background/no algae,0
2025-04-09,2025-04-09_r2016_c0672,9,3,2016,672,224,224,661016.7928851099,6048643.557547144,663263.1731614799,6050888.937680929,37480,0.7469706632653061,12696,True,True,True,data\raw\SummerSchool_Subset\images\2025-04-09\layers\2025-04-09_B04.tif,data\raw\SummerSchool_Subset\images\2025-04-09\layers\2025-04-09_B03.tif,data\raw\SummerSchool_Subset\images\2025-04-09\layers\2025-04-09_B02.tif,data\raw\SummerSchool_Subset\images\2025-04-09\layers\2025-04-09_VV.tif,data\raw\SummerSchool_Subset\images\2025-04-09\layers\2025-04-09_VH.tif,data\raw\SummerSchool_Subset\masks\2025_04_09.tiff,0 2,37479,0.9999733191035218,0,0.0,1,2.6680896478121665e-05,0,0.0,1,2.6680896478121665e-05,train,background/no algae,0
2025-04-09,2025-04-09_r2016_c0896,9,4,2016,896,224,224,663263.1731614799,6048643.557547144,665509.5534378499,6050888.937680929,34348,0.6845503826530612,15828,True,True,True,data\raw\SummerSchool_Subset\images\2025-04-09\layers\2025-04-09_B04.tif,data\raw\SummerSchool_Subset\images\2025-04-09\layers\2025-04-09_B03.tif,data\raw\SummerSchool_Subset\images\2025-04-09\layers\2025-04-09_B02.tif,data\raw\SummerSchool_Subset\images\2025-04-09\layers\2025-04-09_VV.tif,data\raw\SummerSchool_Subset\images\2025-04-09\layers\2025-04-09_VH.tif,data\raw\SummerSchool_Subset\masks\2025_04_09.tiff,0 2,34346,0.9999417724467218,0,0.0,2,5.822755327821125e-05,0,0.0,2,5.822755327821125e-05,train,background/no algae,0
2025-04-09,2025-04-09_r2016_c1120,9,5,2016,1120,224,224,665509.5534378499,6048643.557547144,667755.9337142198,6050888.937680929,35624,0.7099808673469388,14552,True,True,True,data\raw\SummerSchool_Subset\images\2025-04-09\layers\2025-04-09_B04.tif,data\raw\SummerSchool_Subset\images\2025-04-09\layers\2025-04-09_B03.tif,data\raw\SummerSchool_Subset\images\2025-04-09\layers\2025-04-09_B02.tif,data\raw\SummerSchool_Subset\images\2025-04-09\layers\2025-04-09_VV.tif,data\raw\SummerSchool_Subset\images\2025-04-09\layers\2025-04-09_VH.tif,data\raw\SummerSchool_Subset\masks\2025_04_09.tiff,0 2,35623,0.9999719290366046,0,0.0,1,2.8070963395463733e-05,0,0.0,1,2.8070963395463733e-05,train,background/no algae,0
2025-04-09,2025-04-09_r2016_c1344,9,6,2016,1344,224,224,667755.9337142198,6048643.557547144,670002.3139905898,6050888.937680929,36403,0.7255062181122449,13773,True,True,True,data\raw\SummerSchool_Subset\images\2025-04-09\layers\2025-04-09_B04.tif,data\raw\SummerSchool_Subset\images\2025-04-09\layers\2025-04-09_B03.tif,data\raw\SummerSchool_Subset\images\2025-04-09\layers\2025-04-09_B02.tif,data\raw\SummerSchool_Subset\images\2025-04-09\layers\2025-04-09_VV.tif,data\raw\SummerSchool_Subset\images\2025-04-09\layers\2025-04-09_VH.tif,data\raw\SummerSchool_Subset\masks\2025_04_09.tiff,0 2,36403,1.0,0,0.0,0,0.0,0,0.0,0,0.0,train,background/no algae,0
2025-04-09,2025-04-09_r2016_c1568,9,7,2016,1568,224,224,670002.3139905898,6048643.557547144,672248.6942669598,6050888.937680929,39603,0.7892817283163265,10573,True,True,True,data\raw\SummerSchool_Subset\images\2025-04-09\layers\2025-04-09_B04.tif,data\raw\SummerSchool_Subset\images\2025-04-09\layers\2025-04-09_B03.tif,data\raw\SummerSchool_Subset\images\2025-04-09\layers\2025-04-09_B02.tif,data\raw\SummerSchool_Subset\images\2025-04-09\layers\2025-04-09_VV.tif,data\raw\SummerSchool_Subset\images\2025-04-09\layers\2025-04-09_VH.tif,data\raw\SummerSchool_Subset\masks\2025_04_09.tiff,0 2,39584,0.9995202383657804,0,0.0,19,0.0004797616342196,0,0.0,19,0.0004797616342196,train,background/no algae,0
2025-04-09,2025-04-09_r2016_c1792,9,8,2016,1792,224,224,672248.6942669598,6048643.557547144,674495.0745433298,6050888.937680929,28083,0.5596898915816326,22093,True,True,True,data\raw\SummerSchool_Subset\images\2025-04-09\layers\2025-04-09_B04.tif,data\raw\SummerSchool_Subset\images\2025-04-09\layers\2025-04-09_B03.tif,data\raw\SummerSchool_Subset\images\2025-04-09\layers\2025-04-09_B02.tif,data\raw\SummerSchool_Subset\images\2025-04-09\layers\2025-04-09_VV.tif,data\raw\SummerSchool_Subset\images\2025-04-09\layers\2025-04-09_VH.tif,data\raw\SummerSchool_Subset\masks\2025_04_09.tiff,0 1 2 3 255,24111,0.8585621194316847,24,0.0008546095502617,3699,0.1317166969340882,249,0.0088665740839653,3972,0.1414378805683153,train,mid,2
2025-04-09,2025-04-09_r2240_c0000,10,0,2240,0,224,224,654277.652056,6046398.177413358,656524.0323323699,6048643.557547144,23759,0.4735132334183674,26417,True,True,True,data\raw\SummerSchool_Subset\images\2025-04-09\layers\2025-04-09_B04.tif,data\raw\SummerSchool_Subset\images\2025-04-09\layers\2025-04-09_B03.tif,data\raw\SummerSchool_Subset\images\2025-04-09\layers\2025-04-09_B02.tif,data\raw\SummerSchool_Subset\images\2025-04-09\layers\2025-04-09_VV.tif,data\raw\SummerSchool_Subset\images\2025-04-09\layers\2025-04-09_VH.tif,data\raw\SummerSchool_Subset\masks\2025_04_09.tiff,0 1 2 3 255,20477,0.8618628730165411,1865,0.0784965697209478,1336,0.056231322867124,81,0.003409234395387,3282,0.1381371269834589,train,mid,2
2025-04-09,2025-04-09_r2240_c0224,10,1,2240,224,224,224,656524.0323323699,6046398.177413358,658770.4126087399,6048643.557547144,42381,0.8446468431122449,7795,True,True,True,data\raw\SummerSchool_Subset\images\2025-04-09\layers\2025-04-09_B04.tif,data\raw\SummerSchool_Subset\images\2025-04-09\layers\2025-04-09_B03.tif,data\raw\SummerSchool_Subset\images\2025-04-09\layers\2025-04-09_B02.tif,data\raw\SummerSchool_Subset\images\2025-04-09\layers\2025-04-09_VV.tif,data\raw\SummerSchool_Subset\images\2025-04-09\layers\2025-04-09_VH.tif,data\raw\SummerSchool_Subset\masks\2025_04_09.tiff,0 2,42365,0.9996224723343008,0,0.0,16,0.0003775276656992,0,0.0,16,0.0003775276656992,train,background/no algae,0
2025-04-09,2025-04-09_r2240_c0448,10,2,2240,448,224,224,658770.4126087399,6046398.177413358,661016.7928851099,6048643.557547144,38888,0.775031887755102,11288,True,True,True,data\raw\SummerSchool_Subset\images\2025-04-09\layers\2025-04-09_B04.tif,data\raw\SummerSchool_Subset\images\2025-04-09\layers\2025-04-09_B03.tif,data\raw\SummerSchool_Subset\images\2025-04-09\layers\2025-04-09_B02.tif,data\raw\SummerSchool_Subset\images\2025-04-09\layers\2025-04-09_VV.tif,data\raw\SummerSchool_Subset\images\2025-04-09\layers\2025-04-09_VH.tif,data\raw\SummerSchool_Subset\masks\2025_04_09.tiff,0 2,38887,0.9999742851265172,0,0.0,1,2.5714873482822464e-05,0,0.0,1,2.5714873482822464e-05,train,background/no algae,0
2025-04-09,2025-04-09_r2240_c0672,10,3,2240,672,224,224,661016.7928851099,6046398.177413358,663263.1731614799,6048643.557547144,36043,0.7183314732142857,14133,True,True,True,data\raw\SummerSchool_Subset\images\2025-04-09\layers\2025-04-09_B04.tif,data\raw\SummerSchool_Subset\images\2025-04-09\layers\2025-04-09_B03.tif,data\raw\SummerSchool_Subset\images\2025-04-09\layers\2025-04-09_B02.tif,data\raw\SummerSchool_Subset\images\2025-04-09\layers\2025-04-09_VV.tif,data\raw\SummerSchool_Subset\images\2025-04-09\layers\2025-04-09_VH.tif,data\raw\SummerSchool_Subset\masks\2025_04_09.tiff,0 2,36041,0.9999445107233028,0,0.0,2,5.548927669727825e-05,0,0.0,2,5.548927669727825e-05,train,background/no algae,0
2025-04-09,2025-04-09_r2240_c0896,10,4,2240,896,224,224,663263.1731614799,6046398.177413358,665509.5534378499,6048643.557547144,32880,0.6552933673469388,17296,True,True,True,data\raw\SummerSchool_Subset\images\2025-04-09\layers\2025-04-09_B04.tif,data\raw\SummerSchool_Subset\images\2025-04-09\layers\2025-04-09_B03.tif,data\raw\SummerSchool_Subset\images\2025-04-09\layers\2025-04-09_B02.tif,data\raw\SummerSchool_Subset\images\2025-04-09\layers\2025-04-09_VV.tif,data\raw\SummerSchool_Subset\images\2025-04-09\layers\2025-04-09_VH.tif,data\raw\SummerSchool_Subset\masks\2025_04_09.tiff,0 2,32874,0.9998175182481752,0,0.0,6,0.0001824817518248,0,0.0,6,0.0001824817518248,train,background/no algae,0
2025-04-09,2025-04-09_r2240_c1120,10,5,2240,1120,224,224,665509.5534378499,6046398.177413358,667755.9337142198,6048643.557547144,33834,0.6743064413265306,16342,True,True,True,data\raw\SummerSchool_Subset\images\2025-04-09\layers\2025-04-09_B04.tif,data\raw\SummerSchool_Subset\images\2025-04-09\layers\2025-04-09_B03.tif,data\raw\SummerSchool_Subset\images\2025-04-09\layers\2025-04-09_B02.tif,data\raw\SummerSchool_Subset\images\2025-04-09\layers\2025-04-09_VV.tif,data\raw\SummerSchool_Subset\images\2025-04-09\layers\2025-04-09_VH.tif,data\raw\SummerSchool_Subset\masks\2025_04_09.tiff,0 2,33833,0.9999704439321392,0,0.0,1,2.9556067860731807e-05,0,0.0,1,2.9556067860731807e-05,train,background/no algae,0
2025-04-09,2025-04-09_r2240_c1344,10,6,2240,1344,224,224,667755.9337142198,6046398.177413358,670002.3139905898,6048643.557547144,39066,0.7785794005102041,11110,True,True,True,data\raw\SummerSchool_Subset\images\2025-04-09\layers\2025-04-09_B04.tif,data\raw\SummerSchool_Subset\images\2025-04-09\layers\2025-04-09_B03.tif,data\raw\SummerSchool_Subset\images\2025-04-09\layers\2025-04-09_B02.tif,data\raw\SummerSchool_Subset\images\2025-04-09\layers\2025-04-09_VV.tif,data\raw\SummerSchool_Subset\images\2025-04-09\layers\2025-04-09_VH.tif,data\raw\SummerSchool_Subset\masks\2025_04_09.tiff,0 2,39010,0.998566528439052,0,0.0,56,0.0014334715609481,0,0.0,56,0.0014334715609481,train,background/no algae,0
2025-04-09,2025-04-09_r2240_c1568,10,7,2240,1568,224,224,670002.3139905898,6046398.177413358,672248.6942669598,6048643.557547144,39991,0.7970145089285714,10185,True,True,True,data\raw\SummerSchool_Subset\images\2025-04-09\layers\2025-04-09_B04.tif,data\raw\SummerSchool_Subset\images\2025-04-09\layers\2025-04-09_B03.tif,data\raw\SummerSchool_Subset\images\2025-04-09\layers\2025-04-09_B02.tif,data\raw\SummerSchool_Subset\images\2025-04-09\layers\2025-04-09_VV.tif,data\raw\SummerSchool_Subset\images\2025-04-09\layers\2025-04-09_VH.tif,data\raw\SummerSchool_Subset\masks\2025_04_09.tiff,0 1 2 3 255,39324,0.9833212472806382,3,7.50168787977295e-05,522,0.0130529369108049,142,0.0035507989297591,667,0.0166787527193618,train,mid,2
2025-04-09,2025-04-09_r2464_c0000,11,0,2464,0,224,224,654277.652056,6044152.797279572,656524.0323323699,6046398.177413358,22167,0.4417849170918367,28009,True,True,True,data\raw\SummerSchool_Subset\images\2025-04-09\layers\2025-04-09_B04.tif,data\raw\SummerSchool_Subset\images\2025-04-09\layers\2025-04-09_B03.tif,data\raw\SummerSchool_Subset\images\2025-04-09\layers\2025-04-09_B02.tif,data\raw\SummerSchool_Subset\images\2025-04-09\layers\2025-04-09_VV.tif,data\raw\SummerSchool_Subset\images\2025-04-09\layers\2025-04-09_VH.tif,data\raw\SummerSchool_Subset\masks\2025_04_09.tiff,0 1 2 3 255,18452,0.8324085352099968,1897,0.0855776604863084,1591,0.0717733567916271,227,0.0102404475120674,3715,0.1675914647900031,train,high,3
2025-04-09,2025-04-09_r2464_c0224,11,1,2464,224,224,224,656524.0323323699,6044152.797279572,658770.4126087399,6046398.177413358,43242,0.8618064413265306,6934,True,True,True,data\raw\SummerSchool_Subset\images\2025-04-09\layers\2025-04-09_B04.tif,data\raw\SummerSchool_Subset\images\2025-04-09\layers\2025-04-09_B03.tif,data\raw\SummerSchool_Subset\images\2025-04-09\layers\2025-04-09_B02.tif,data\raw\SummerSchool_Subset\images\2025-04-09\layers\2025-04-09_VV.tif,data\raw\SummerSchool_Subset\images\2025-04-09\layers\2025-04-09_VH.tif,data\raw\SummerSchool_Subset\masks\2025_04_09.tiff,0 1 2 3 255,41134,0.951251098469081,69,0.0015956708755376,1971,0.0455806854447065,68,0.0015725452106748,2108,0.048748901530919,train,mid,2
2025-04-09,2025-04-09_r2464_c0448,11,2,2464,448,224,224,658770.4126087399,6044152.797279572,661016.7928851099,6046398.177413358,40780,0.8127391581632653,9396,True,True,True,data\raw\SummerSchool_Subset\images\2025-04-09\layers\2025-04-09_B04.tif,data\raw\SummerSchool_Subset\images\2025-04-09\layers\2025-04-09_B03.tif,data\raw\SummerSchool_Subset\images\2025-04-09\layers\2025-04-09_B02.tif,data\raw\SummerSchool_Subset\images\2025-04-09\layers\2025-04-09_VV.tif,data\raw\SummerSchool_Subset\images\2025-04-09\layers\2025-04-09_VH.tif,data\raw\SummerSchool_Subset\masks\2025_04_09.tiff,0 1 2 3 255,40538,0.9940657184894556,5,0.0001226091221186,230,0.0056400196174595,7,0.0001716527709661,242,0.0059342815105443,train,background/no algae,0
2025-04-09,2025-04-09_r2464_c0672,11,3,2464,672,224,224,661016.7928851099,6044152.797279572,663263.1731614799,6046398.177413358,36836,0.7341358418367347,13340,True,True,True,data\raw\SummerSchool_Subset\images\2025-04-09\layers\2025-04-09_B04.tif,data\raw\SummerSchool_Subset\images\2025-04-09\layers\2025-04-09_B03.tif,data\raw\SummerSchool_Subset\images\2025-04-09\layers\2025-04-09_B02.tif,data\raw\SummerSchool_Subset\images\2025-04-09\layers\2025-04-09_VV.tif,data\raw\SummerSchool_Subset\images\2025-04-09\layers\2025-04-09_VH.tif,data\raw\SummerSchool_Subset\masks\2025_04_09.tiff,0 1 2 3 255,35247,0.9568628515582582,14,0.0003800629818655,1350,0.0366489303941796,225,0.0061081550656966,1589,0.0431371484417417,train,mid,2
2025-04-09,2025-04-09_r2464_c0896,11,4,2464,896,224,224,663263.1731614799,6044152.797279572,665509.5534378499,6046398.177413358,35292,0.7033641581632653,14884,True,True,True,data\raw\SummerSchool_Subset\images\2025-04-09\layers\2025-04-09_B04.tif,data\raw\SummerSchool_Subset\images\2025-04-09\layers\2025-04-09_B03.tif,data\raw\SummerSchool_Subset\images\2025-04-09\layers\2025-04-09_B02.tif,data\raw\SummerSchool_Subset\images\2025-04-09\layers\2025-04-09_VV.tif,data\raw\SummerSchool_Subset\images\2025-04-09\layers\2025-04-09_VH.tif,data\raw\SummerSchool_Subset\masks\2025_04_09.tiff,0 1 2 3 255,34486,0.9771619630511164,2,5.667006687067891e-05,727,0.0205995693074917,77,0.0021817975745211,806,0.0228380369488836,train,mid,2
2025-04-09,2025-04-09_r2464_c1120,11,5,2464,1120,224,224,665509.5534378499,6044152.797279572,667755.9337142198,6046398.177413358,36285,0.7231544961734694,13891,True,True,True,data\raw\SummerSchool_Subset\images\2025-04-09\layers\2025-04-09_B04.tif,data\raw\SummerSchool_Subset\images\2025-04-09\layers\2025-04-09_B03.tif,data\raw\SummerSchool_Subset\images\2025-04-09\layers\2025-04-09_B02.tif,data\raw\SummerSchool_Subset\images\2025-04-09\layers\2025-04-09_VV.tif,data\raw\SummerSchool_Subset\images\2025-04-09\layers\2025-04-09_VH.tif,data\raw\SummerSchool_Subset\masks\2025_04_09.tiff,0 2,36278,0.9998070828165908,0,0.0,7,0.0001929171834091,0,0.0,7,0.0001929171834091,train,background/no algae,0
2025-04-09,2025-04-09_r2464_c1344,11,6,2464,1344,224,224,667755.9337142198,6044152.797279572,670002.3139905898,6046398.177413358,39588,0.7889827806122449,10588,True,True,True,data\raw\SummerSchool_Subset\images\2025-04-09\layers\2025-04-09_B04.tif,data\raw\SummerSchool_Subset\images\2025-04-09\layers\2025-04-09_B03.tif,data\raw\SummerSchool_Subset\images\2025-04-09\layers\2025-04-09_B02.tif,data\raw\SummerSchool_Subset\images\2025-04-09\layers\2025-04-09_VV.tif,data\raw\SummerSchool_Subset\images\2025-04-09\layers\2025-04-09_VH.tif,data\raw\SummerSchool_Subset\masks\2025_04_09.tiff,0 2,39577,0.9997221380216228,0,0.0,11,0.0002778619783772,0,0.0,11,0.0002778619783772,train,background/no algae,0
2025-04-09,2025-04-09_r2464_c1568,11,7,2464,1568,224,224,670002.3139905898,6044152.797279572,672248.6942669598,6046398.177413358,31314,0.6240832270408163,18862,True,True,True,data\raw\SummerSchool_Subset\images\2025-04-09\layers\2025-04-09_B04.tif,data\raw\SummerSchool_Subset\images\2025-04-09\layers\2025-04-09_B03.tif,data\raw\SummerSchool_Subset\images\2025-04-09\layers\2025-04-09_B02.tif,data\raw\SummerSchool_Subset\images\2025-04-09\layers\2025-04-09_VV.tif,data\raw\SummerSchool_Subset\images\2025-04-09\layers\2025-04-09_VH.tif,data\raw\SummerSchool_Subset\masks\2025_04_09.tiff,0 1 2 3 255,28325,0.9045474867471418,75,0.0023950948457558,2578,0.0823273934981158,336,0.0107300249089863,2989,0.0954525132528581,train,high,3
2025-04-09,2025-04-09_r2688_c0224,12,1,2688,224,224,224,656524.0323323699,6041907.417145787,658770.4126087399,6044152.797279572,15792,0.3147321428571428,34384,True,True,True,data\raw\SummerSchool_Subset\images\2025-04-09\layers\2025-04-09_B04.tif,data\raw\SummerSchool_Subset\images\2025-04-09\layers\2025-04-09_B03.tif,data\raw\SummerSchool_Subset\images\2025-04-09\layers\2025-04-09_B02.tif,data\raw\SummerSchool_Subset\images\2025-04-09\layers\2025-04-09_VV.tif,data\raw\SummerSchool_Subset\images\2025-04-09\layers\2025-04-09_VH.tif,data\raw\SummerSchool_Subset\masks\2025_04_09.tiff,0 1 2 3 255,11923,0.7550025329280649,413,0.0261524822695035,2818,0.1784447821681864,638,0.0404002026342451,3869,0.2449974670719351,train,high,3
2025-04-09,2025-04-09_r2688_c0448,12,2,2688,448,224,224,658770.4126087399,6041907.417145787,661016.7928851099,6044152.797279572,27616,0.5503826530612245,22560,True,True,True,data\raw\SummerSchool_Subset\images\2025-04-09\layers\2025-04-09_B04.tif,data\raw\SummerSchool_Subset\images\2025-04-09\layers\2025-04-09_B03.tif,data\raw\SummerSchool_Subset\images\2025-04-09\layers\2025-04-09_B02.tif,data\raw\SummerSchool_Subset\images\2025-04-09\layers\2025-04-09_VV.tif,data\raw\SummerSchool_Subset\images\2025-04-09\layers\2025-04-09_VH.tif,data\raw\SummerSchool_Subset\masks\2025_04_09.tiff,0 1 2 3 255,22646,0.820031865585168,716,0.0259269988412514,3893,0.1409690034762456,361,0.0130721320973348,4970,0.1799681344148319,train,high,3
2025-04-09,2025-04-09_r2688_c0896,12,4,2688,896,224,224,663263.1731614799,6041907.417145787,665509.5534378499,6044152.797279572,12635,0.2518136160714285,37541,True,True,True,data\raw\SummerSchool_Subset\images\2025-04-09\layers\2025-04-09_B04.tif,data\raw\SummerSchool_Subset\images\2025-04-09\layers\2025-04-09_B03.tif,data\raw\SummerSchool_Subset\images\2025-04-09\layers\2025-04-09_B02.tif,data\raw\SummerSchool_Subset\images\2025-04-09\layers\2025-04-09_VV.tif,data\raw\SummerSchool_Subset\images\2025-04-09\layers\2025-04-09_VH.tif,data\raw\SummerSchool_Subset\masks\2025_04_09.tiff,0 1 2 3 255,9850,0.7795805302730511,805,0.0637119113573407,1567,0.1240205777601899,413,0.0326869806094182,2785,0.2204194697269489,train,high,3
2025-04-09,2025-04-09_r2688_c1120,12,5,2688,1120,224,224,665509.5534378499,6041907.417145787,667755.9337142198,6044152.797279572,19131,0.3812779017857143,31045,True,True,True,data\raw\SummerSchool_Subset\images\2025-04-09\layers\2025-04-09_B04.tif,data\raw\SummerSchool_Subset\images\2025-04-09\layers\2025-04-09_B03.tif,data\raw\SummerSchool_Subset\images\2025-04-09\layers\2025-04-09_B02.tif,data\raw\SummerSchool_Subset\images\2025-04-09\layers\2025-04-09_VV.tif,data\raw\SummerSchool_Subset\images\2025-04-09\layers\2025-04-09_VH.tif,data\raw\SummerSchool_Subset\masks\2025_04_09.tiff,0 1 2 3 255,16732,0.8746014322304114,819,0.0428100987925356,1315,0.0687366055093826,265,0.0138518634676702,2399,0.1253985677695886,train,high,3
2025-04-09,2025-04-09_r2688_c1344,12,6,2688,1344,224,224,667755.9337142198,6041907.417145787,670002.3139905898,6044152.797279572,40736,0.8118622448979592,9440,True,True,True,data\raw\SummerSchool_Subset\images\2025-04-09\layers\2025-04-09_B04.tif,data\raw\SummerSchool_Subset\images\2025-04-09\layers\2025-04-09_B03.tif,data\raw\SummerSchool_Subset\images\2025-04-09\layers\2025-04-09_B02.tif,data\raw\SummerSchool_Subset\images\2025-04-09\layers\2025-04-09_VV.tif,data\raw\SummerSchool_Subset\images\2025-04-09\layers\2025-04-09_VH.tif,data\raw\SummerSchool_Subset\masks\2025_04_09.tiff,0 1 2 3 255,39631,0.9728741162608012,16,0.0003927729772191,951,0.0233454438334642,138,0.0033876669285153,1105,0.0271258837391987,train,mid,2
2025-04-09,2025-04-09_r2688_c1568,12,7,2688,1568,224,224,670002.3139905898,6041907.417145787,672248.6942669598,6044152.797279572,33213,0.6619300063775511,16963,True,True,True,data\raw\SummerSchool_Subset\images\2025-04-09\layers\2025-04-09_B04.tif,data\raw\SummerSchool_Subset\images\2025-04-09\layers\2025-04-09_B03.tif,data\raw\SummerSchool_Subset\images\2025-04-09\layers\2025-04-09_B02.tif,data\raw\SummerSchool_Subset\images\2025-04-09\layers\2025-04-09_VV.tif,data\raw\SummerSchool_Subset\images\2025-04-09\layers\2025-04-09_VH.tif,data\raw\SummerSchool_Subset\masks\2025_04_09.tiff,0 1 2 3 255,29003,0.8732424050823473,72,0.0021678258513232,3418,0.1029115105530966,720,0.0216782585132327,4210,0.1267575949176527,train,high,3
2025-04-09,2025-04-09_r2912_c1344,13,6,2912,1344,224,224,667755.9337142198,6039662.037012001,670002.3139905898,6041907.417145787,12379,0.246711575255102,37797,True,True,True,data\raw\SummerSchool_Subset\images\2025-04-09\layers\2025-04-09_B04.tif,data\raw\SummerSchool_Subset\images\2025-04-09\layers\2025-04-09_B03.tif,data\raw\SummerSchool_Subset\images\2025-04-09\layers\2025-04-09_B02.tif,data\raw\SummerSchool_Subset\images\2025-04-09\layers\2025-04-09_VV.tif,data\raw\SummerSchool_Subset\images\2025-04-09\layers\2025-04-09_VH.tif,data\raw\SummerSchool_Subset\masks\2025_04_09.tiff,0 1 2 3 255,8605,0.6951288472412958,196,0.0158332660150254,3313,0.2676306648356087,265,0.0214072219080701,3774,0.3048711527587042,train,high,3
2025-05-16,2025-05-16_r0000_c0672,0,3,0,672,224,224,661016.7928851099,6068851.978751215,663263.1731614799,6071097.358885,21033,0.4191844706632653,29143,True,True,True,data\raw\SummerSchool_Subset\images\2025-05-16\layers\2025-05-16_B04.tif,data\raw\SummerSchool_Subset\images\2025-05-16\layers\2025-05-16_B03.tif,data\raw\SummerSchool_Subset\images\2025-05-16\layers\2025-05-16_B02.tif,data\raw\SummerSchool_Subset\images\2025-05-16\layers\2025-05-16_VV.tif,data\raw\SummerSchool_Subset\images\2025-05-16\layers\2025-05-16_VH.tif,data\raw\SummerSchool_Subset\masks\2025_05_16.tiff,0 1 2 3 255,8785,0.4176769837873817,228,0.010840108401084,11531,0.5482337279513146,489,0.0232491798602196,12248,0.5823230162126183,train,high,3
2025-05-16,2025-05-16_r0224_c0448,1,2,224,448,224,224,658770.4126087399,6066606.598617429,661016.7928851099,6068851.978751215,17705,0.3528579400510204,32471,True,True,True,data\raw\SummerSchool_Subset\images\2025-05-16\layers\2025-05-16_B04.tif,data\raw\SummerSchool_Subset\images\2025-05-16\layers\2025-05-16_B03.tif,data\raw\SummerSchool_Subset\images\2025-05-16\layers\2025-05-16_B02.tif,data\raw\SummerSchool_Subset\images\2025-05-16\layers\2025-05-16_VV.tif,data\raw\SummerSchool_Subset\images\2025-05-16\layers\2025-05-16_VH.tif,data\raw\SummerSchool_Subset\masks\2025_05_16.tiff,0 1 2 3 255,6265,0.3538548432646145,448,0.0253035865574696,10586,0.597910194860209,406,0.0229313753177068,11440,0.6461451567353855,train,high,3
2025-05-16,2025-05-16_r0224_c0672,1,3,224,672,224,224,661016.7928851099,6066606.598617429,663263.1731614799,6068851.978751215,42767,0.8523397640306123,7409,True,True,True,data\raw\SummerSchool_Subset\images\2025-05-16\layers\2025-05-16_B04.tif,data\raw\SummerSchool_Subset\images\2025-05-16\layers\2025-05-16_B03.tif,data\raw\SummerSchool_Subset\images\2025-05-16\layers\2025-05-16_B02.tif,data\raw\SummerSchool_Subset\images\2025-05-16\layers\2025-05-16_VV.tif,data\raw\SummerSchool_Subset\images\2025-05-16\layers\2025-05-16_VH.tif,data\raw\SummerSchool_Subset\masks\2025_05_16.tiff,0 1 2 3 255,27926,0.6529801014801132,72,0.0016835410480043,14564,0.3405429419879814,205,0.0047934154839011,14841,0.3470198985198868,train,mid,2
2025-05-16,2025-05-16_r0224_c2016,1,9,224,2016,224,224,674495.0745433298,6066606.598617429,676741.4548196997,6068851.978751215,19465,0.3879344706632653,30711,True,True,True,data\raw\SummerSchool_Subset\images\2025-05-16\layers\2025-05-16_B04.tif,data\raw\SummerSchool_Subset\images\2025-05-16\layers\2025-05-16_B03.tif,data\raw\SummerSchool_Subset\images\2025-05-16\layers\2025-05-16_B02.tif,data\raw\SummerSchool_Subset\images\2025-05-16\layers\2025-05-16_VV.tif,data\raw\SummerSchool_Subset\images\2025-05-16\layers\2025-05-16_VH.tif,data\raw\SummerSchool_Subset\masks\2025_05_16.tiff,0 1 2 3 255,11716,0.6019008476753147,61,0.0031338299511944,7355,0.3778576932956589,333,0.017107629077832,7749,0.3980991523246853,train,high,3
2025-05-16,2025-05-16_r0448_c0448,2,2,448,448,224,224,658770.4126087399,6064361.218483644,661016.7928851099,6066606.598617429,33535,0.6683474170918368,16641,True,True,True,data\raw\SummerSchool_Subset\images\2025-05-16\layers\2025-05-16_B04.tif,data\raw\SummerSchool_Subset\images\2025-05-16\layers\2025-05-16_B03.tif,data\raw\SummerSchool_Subset\images\2025-05-16\layers\2025-05-16_B02.tif,data\raw\SummerSchool_Subset\images\2025-05-16\layers\2025-05-16_VV.tif,data\raw\SummerSchool_Subset\images\2025-05-16\layers\2025-05-16_VH.tif,data\raw\SummerSchool_Subset\masks\2025_05_16.tiff,0 1 2 3 255,23258,0.6935440584463993,517,0.0154167287908155,9293,0.2771134635455494,467,0.0139257492172357,10277,0.3064559415536007,train,high,3
2025-05-16,2025-05-16_r0448_c0672,2,3,448,672,224,224,661016.7928851099,6064361.218483644,663263.1731614799,6066606.598617429,42208,0.8411989795918368,7968,True,True,True,data\raw\SummerSchool_Subset\images\2025-05-16\layers\2025-05-16_B04.tif,data\raw\SummerSchool_Subset\images\2025-05-16\layers\2025-05-16_B03.tif,data\raw\SummerSchool_Subset\images\2025-05-16\layers\2025-05-16_B02.tif,data\raw\SummerSchool_Subset\images\2025-05-16\layers\2025-05-16_VV.tif,data\raw\SummerSchool_Subset\images\2025-05-16\layers\2025-05-16_VH.tif,data\raw\SummerSchool_Subset\masks\2025_05_16.tiff,0 1 2 3 255,32681,0.7742844958301743,48,0.0011372251705837,9371,0.2220195223654283,108,0.0025587566338134,9527,0.2257155041698256,train,mid,2
2025-05-16,2025-05-16_r0448_c0896,2,4,448,896,224,224,663263.1731614799,6064361.218483644,665509.5534378499,6066606.598617429,20553,0.4096181441326531,29623,True,True,True,data\raw\SummerSchool_Subset\images\2025-05-16\layers\2025-05-16_B04.tif,data\raw\SummerSchool_Subset\images\2025-05-16\layers\2025-05-16_B03.tif,data\raw\SummerSchool_Subset\images\2025-05-16\layers\2025-05-16_B02.tif,data\raw\SummerSchool_Subset\images\2025-05-16\layers\2025-05-16_VV.tif,data\raw\SummerSchool_Subset\images\2025-05-16\layers\2025-05-16_VH.tif,data\raw\SummerSchool_Subset\masks\2025_05_16.tiff,0 1 2 3 255,10966,0.533547414002822,157,0.0076387875249355,8476,0.4123972169512966,954,0.0464165815209458,9587,0.466452585997178,train,high,3
2025-05-16,2025-05-16_r0448_c1120,2,5,448,1120,224,224,665509.5534378499,6064361.218483644,667755.9337142198,6066606.598617429,10088,0.2010522959183673,40088,True,True,True,data\raw\SummerSchool_Subset\images\2025-05-16\layers\2025-05-16_B04.tif,data\raw\SummerSchool_Subset\images\2025-05-16\layers\2025-05-16_B03.tif,data\raw\SummerSchool_Subset\images\2025-05-16\layers\2025-05-16_B02.tif,data\raw\SummerSchool_Subset\images\2025-05-16\layers\2025-05-16_VV.tif,data\raw\SummerSchool_Subset\images\2025-05-16\layers\2025-05-16_VH.tif,data\raw\SummerSchool_Subset\masks\2025_05_16.tiff,0 1 2 3 255,3966,0.3931403647898493,69,0.0068398096748612,5814,0.5763283108643933,239,0.0236915146708961,6122,0.6068596352101506,train,high,3
2025-05-16,2025-05-16_r0448_c1568,2,7,448,1568,224,224,670002.3139905898,6064361.218483644,672248.6942669598,6066606.598617429,26147,0.5211057079081632,24029,True,True,True,data\raw\SummerSchool_Subset\images\2025-05-16\layers\2025-05-16_B04.tif,data\raw\SummerSchool_Subset\images\2025-05-16\layers\2025-05-16_B03.tif,data\raw\SummerSchool_Subset\images\2025-05-16\layers\2025-05-16_B02.tif,data\raw\SummerSchool_Subset\images\2025-05-16\layers\2025-05-16_VV.tif,data\raw\SummerSchool_Subset\images\2025-05-16\layers\2025-05-16_VH.tif,data\raw\SummerSchool_Subset\masks\2025_05_16.tiff,0 1 2 3 255,5615,0.2147473897579072,96,0.0036715493173212,19942,0.7626878800627223,494,0.0188931808620491,20532,0.7852526102420928,train,high,3
2025-05-16,2025-05-16_r0448_c1792,2,8,448,1792,224,224,672248.6942669598,6064361.218483644,674495.0745433298,6066606.598617429,41590,0.8288823341836735,8586,True,True,True,data\raw\SummerSchool_Subset\images\2025-05-16\layers\2025-05-16_B04.tif,data\raw\SummerSchool_Subset\images\2025-05-16\layers\2025-05-16_B03.tif,data\raw\SummerSchool_Subset\images\2025-05-16\layers\2025-05-16_B02.tif,data\raw\SummerSchool_Subset\images\2025-05-16\layers\2025-05-16_VV.tif,data\raw\SummerSchool_Subset\images\2025-05-16\layers\2025-05-16_VH.tif,data\raw\SummerSchool_Subset\masks\2025_05_16.tiff,0 1 2 3 255,14875,0.3576580908872325,27,0.0006491945179129,26586,0.6392402019716278,102,0.0024525126232267,26715,0.6423419091127675,train,mid,2
2025-05-16,2025-05-16_r0448_c2016,2,9,448,2016,224,224,674495.0745433298,6064361.218483644,676741.4548196997,6066606.598617429,43105,0.8590760522959183,7071,True,True,True,data\raw\SummerSchool_Subset\images\2025-05-16\layers\2025-05-16_B04.tif,data\raw\SummerSchool_Subset\images\2025-05-16\layers\2025-05-16_B03.tif,data\raw\SummerSchool_Subset\images\2025-05-16\layers\2025-05-16_B02.tif,data\raw\SummerSchool_Subset\images\2025-05-16\layers\2025-05-16_VV.tif,data\raw\SummerSchool_Subset\images\2025-05-16\layers\2025-05-16_VH.tif,data\raw\SummerSchool_Subset\masks\2025_05_16.tiff,0 2,32423,0.7521865212852338,0,0.0,10682,0.2478134787147662,0,0.0,10682,0.2478134787147662,train,mid,2
2025-05-16,2025-05-16_r0448_c2240,2,10,448,2240,224,224,676741.4548196997,6064361.218483644,678987.8350960697,6066606.598617429,27015,0.5384048150510204,23161,True,True,True,data\raw\SummerSchool_Subset\images\2025-05-16\layers\2025-05-16_B04.tif,data\raw\SummerSchool_Subset\images\2025-05-16\layers\2025-05-16_B03.tif,data\raw\SummerSchool_Subset\images\2025-05-16\layers\2025-05-16_B02.tif,data\raw\SummerSchool_Subset\images\2025-05-16\layers\2025-05-16_VV.tif,data\raw\SummerSchool_Subset\images\2025-05-16\layers\2025-05-16_VH.tif,data\raw\SummerSchool_Subset\masks\2025_05_16.tiff,0 1 2 3 255,11829,0.4378678511937812,53,0.0019618730334999,14877,0.550694058856191,256,0.0094762169165278,15186,0.5621321488062188,train,mid,2
2025-05-16,2025-05-16_r0672_c0448,3,2,672,448,224,224,658770.4126087399,6062115.838349857,661016.7928851099,6064361.218483644,29335,0.5846420599489796,20841,True,True,True,data\raw\SummerSchool_Subset\images\2025-05-16\layers\2025-05-16_B04.tif,data\raw\SummerSchool_Subset\images\2025-05-16\layers\2025-05-16_B03.tif,data\raw\SummerSchool_Subset\images\2025-05-16\layers\2025-05-16_B02.tif,data\raw\SummerSchool_Subset\images\2025-05-16\layers\2025-05-16_VV.tif,data\raw\SummerSchool_Subset\images\2025-05-16\layers\2025-05-16_VH.tif,data\raw\SummerSchool_Subset\masks\2025_05_16.tiff,0 1 2 3 255,20633,0.7033577637634225,28,0.0009544912220896,8636,0.2943923640702233,38,0.0012953809442645,8702,0.2966422362365775,train,mid,2
2025-05-16,2025-05-16_r0672_c0672,3,3,672,672,224,224,661016.7928851099,6062115.838349857,663263.1731614799,6064361.218483644,43145,0.8598732461734694,7031,True,True,True,data\raw\SummerSchool_Subset\images\2025-05-16\layers\2025-05-16_B04.tif,data\raw\SummerSchool_Subset\images\2025-05-16\layers\2025-05-16_B03.tif,data\raw\SummerSchool_Subset\images\2025-05-16\layers\2025-05-16_B02.tif,data\raw\SummerSchool_Subset\images\2025-05-16\layers\2025-05-16_VV.tif,data\raw\SummerSchool_Subset\images\2025-05-16\layers\2025-05-16_VH.tif,data\raw\SummerSchool_Subset\masks\2025_05_16.tiff,0 2,32409,0.7511646772511299,0,0.0,10736,0.2488353227488701,0,0.0,10736,0.2488353227488701,train,mid,2
2025-05-16,2025-05-16_r0672_c0896,3,4,672,896,224,224,663263.1731614799,6062115.838349857,665509.5534378499,6064361.218483644,42001,0.8370735012755102,8175,True,True,True,data\raw\SummerSchool_Subset\images\2025-05-16\layers\2025-05-16_B04.tif,data\raw\SummerSchool_Subset\images\2025-05-16\layers\2025-05-16_B03.tif,data\raw\SummerSchool_Subset\images\2025-05-16\layers\2025-05-16_B02.tif,data\raw\SummerSchool_Subset\images\2025-05-16\layers\2025-05-16_VV.tif,data\raw\SummerSchool_Subset\images\2025-05-16\layers\2025-05-16_VH.tif,data\raw\SummerSchool_Subset\masks\2025_05_16.tiff,0 1 2 3 255,26360,0.6276041046641747,5,0.0001190447846479,15627,0.372062569938811,9,0.0002142806123663,15641,0.3723958953358253,train,mid,2
2025-05-16,2025-05-16_r0672_c1120,3,5,672,1120,224,224,665509.5534378499,6062115.838349857,667755.9337142198,6064361.218483644,41893,0.8349210778061225,8283,True,True,True,data\raw\SummerSchool_Subset\images\2025-05-16\layers\2025-05-16_B04.tif,data\raw\SummerSchool_Subset\images\2025-05-16\layers\2025-05-16_B03.tif,data\raw\SummerSchool_Subset\images\2025-05-16\layers\2025-05-16_B02.tif,data\raw\SummerSchool_Subset\images\2025-05-16\layers\2025-05-16_VV.tif,data\raw\SummerSchool_Subset\images\2025-05-16\layers\2025-05-16_VH.tif,data\raw\SummerSchool_Subset\masks\2025_05_16.tiff,0 2,29128,0.6952951567087581,0,0.0,12765,0.304704843291242,0,0.0,12765,0.304704843291242,train,mid,2
2025-05-16,2025-05-16_r0672_c1344,3,6,672,1344,224,224,667755.9337142198,6062115.838349857,670002.3139905898,6064361.218483644,38634,0.7699697066326531,11542,True,True,True,data\raw\SummerSchool_Subset\images\2025-05-16\layers\2025-05-16_B04.tif,data\raw\SummerSchool_Subset\images\2025-05-16\layers\2025-05-16_B03.tif,data\raw\SummerSchool_Subset\images\2025-05-16\layers\2025-05-16_B02.tif,data\raw\SummerSchool_Subset\images\2025-05-16\layers\2025-05-16_VV.tif,data\raw\SummerSchool_Subset\images\2025-05-16\layers\2025-05-16_VH.tif,data\raw\SummerSchool_Subset\masks\2025_05_16.tiff,0 2,30128,0.7798312367344826,0,0.0,8506,0.2201687632655174,0,0.0,8506,0.2201687632655174,train,mid,2
2025-05-16,2025-05-16_r0672_c1568,3,7,672,1568,224,224,670002.3139905898,6062115.838349857,672248.6942669598,6064361.218483644,39399,0.7852160395408163,10777,True,True,True,data\raw\SummerSchool_Subset\images\2025-05-16\layers\2025-05-16_B04.tif,data\raw\SummerSchool_Subset\images\2025-05-16\layers\2025-05-16_B03.tif,data\raw\SummerSchool_Subset\images\2025-05-16\layers\2025-05-16_B02.tif,data\raw\SummerSchool_Subset\images\2025-05-16\layers\2025-05-16_VV.tif,data\raw\SummerSchool_Subset\images\2025-05-16\layers\2025-05-16_VH.tif,data\raw\SummerSchool_Subset\masks\2025_05_16.tiff,0 2,18697,0.4745551917561359,0,0.0,20702,0.5254448082438641,0,0.0,20702,0.5254448082438641,train,mid,2
2025-05-16,2025-05-16_r0672_c1792,3,8,672,1792,224,224,672248.6942669598,6062115.838349857,674495.0745433298,6064361.218483644,40252,0.8022161989795918,9924,True,True,True,data\raw\SummerSchool_Subset\images\2025-05-16\layers\2025-05-16_B04.tif,data\raw\SummerSchool_Subset\images\2025-05-16\layers\2025-05-16_B03.tif,data\raw\SummerSchool_Subset\images\2025-05-16\layers\2025-05-16_B02.tif,data\raw\SummerSchool_Subset\images\2025-05-16\layers\2025-05-16_VV.tif,data\raw\SummerSchool_Subset\images\2025-05-16\layers\2025-05-16_VH.tif,data\raw\SummerSchool_Subset\masks\2025_05_16.tiff,0 2,26841,0.6668240087449071,0,0.0,13411,0.3331759912550929,0,0.0,13411,0.3331759912550929,train,mid,2
2025-05-16,2025-05-16_r0672_c2016,3,9,672,2016,224,224,674495.0745433298,6062115.838349857,676741.4548196997,6064361.218483644,41251,0.8221261160714286,8925,True,True,True,data\raw\SummerSchool_Subset\images\2025-05-16\layers\2025-05-16_B04.tif,data\raw\SummerSchool_Subset\images\2025-05-16\layers\2025-05-16_B03.tif,data\raw\SummerSchool_Subset\images\2025-05-16\layers\2025-05-16_B02.tif,data\raw\SummerSchool_Subset\images\2025-05-16\layers\2025-05-16_VV.tif,data\raw\SummerSchool_Subset\images\2025-05-16\layers\2025-05-16_VH.tif,data\raw\SummerSchool_Subset\masks\2025_05_16.tiff,0 1 2 3 255,30387,0.7366366875954522,10,0.0002424183656153,10838,0.2627330246539477,16,0.0003878693849846,10864,0.2633633124045477,train,mid,2
2025-05-16,2025-05-16_r0896_c0448,4,2,896,448,224,224,658770.4126087399,6059870.458216072,661016.7928851099,6062115.838349857,20606,0.4106744260204081,29570,True,True,True,data\raw\SummerSchool_Subset\images\2025-05-16\layers\2025-05-16_B04.tif,data\raw\SummerSchool_Subset\images\2025-05-16\layers\2025-05-16_B03.tif,data\raw\SummerSchool_Subset\images\2025-05-16\layers\2025-05-16_B02.tif,data\raw\SummerSchool_Subset\images\2025-05-16\layers\2025-05-16_VV.tif,data\raw\SummerSchool_Subset\images\2025-05-16\layers\2025-05-16_VH.tif,data\raw\SummerSchool_Subset\masks\2025_05_16.tiff,0 1 2 3 255,9559,0.4638940114529749,141,0.0068426671843152,10672,0.5179074056100165,234,0.0113559157526933,11047,0.5361059885470252,train,high,3
2025-05-16,2025-05-16_r0896_c0672,4,3,896,672,224,224,661016.7928851099,6059870.458216072,663263.1731614799,6062115.838349857,42595,0.8489118303571429,7581,True,True,True,data\raw\SummerSchool_Subset\images\2025-05-16\layers\2025-05-16_B04.tif,data\raw\SummerSchool_Subset\images\2025-05-16\layers\2025-05-16_B03.tif,data\raw\SummerSchool_Subset\images\2025-05-16\layers\2025-05-16_B02.tif,data\raw\SummerSchool_Subset\images\2025-05-16\layers\2025-05-16_VV.tif,data\raw\SummerSchool_Subset\images\2025-05-16\layers\2025-05-16_VH.tif,data\raw\SummerSchool_Subset\masks\2025_05_16.tiff,0 1 2 255,34632,0.8130531752553116,5,0.0001173846695621,7958,0.1868294400751262,0,0.0,7963,0.1869468247446883,train,mid,2
2025-05-16,2025-05-16_r0896_c0896,4,4,896,896,224,224,663263.1731614799,6059870.458216072,665509.5534378499,6062115.838349857,41928,0.8356186224489796,8248,True,True,True,data\raw\SummerSchool_Subset\images\2025-05-16\layers\2025-05-16_B04.tif,data\raw\SummerSchool_Subset\images\2025-05-16\layers\2025-05-16_B03.tif,data\raw\SummerSchool_Subset\images\2025-05-16\layers\2025-05-16_B02.tif,data\raw\SummerSchool_Subset\images\2025-05-16\layers\2025-05-16_VV.tif,data\raw\SummerSchool_Subset\images\2025-05-16\layers\2025-05-16_VH.tif,data\raw\SummerSchool_Subset\masks\2025_05_16.tiff,0 2,41302,0.985069643197863,0,0.0,626,0.0149303568021369,0,0.0,626,0.0149303568021369,train,mid,2
2025-05-16,2025-05-16_r0896_c1120,4,5,896,1120,224,224,665509.5534378499,6059870.458216072,667755.9337142198,6062115.838349857,41300,0.8231026785714286,8876,True,True,True,data\raw\SummerSchool_Subset\images\2025-05-16\layers\2025-05-16_B04.tif,data\raw\SummerSchool_Subset\images\2025-05-16\layers\2025-05-16_B03.tif,data\raw\SummerSchool_Subset\images\2025-05-16\layers\2025-05-16_B02.tif,data\raw\SummerSchool_Subset\images\2025-05-16\layers\2025-05-16_VV.tif,data\raw\SummerSchool_Subset\images\2025-05-16\layers\2025-05-16_VH.tif,data\raw\SummerSchool_Subset\masks\2025_05_16.tiff,0 2,40903,0.9903874092009686,0,0.0,397,0.0096125907990314,0,0.0,397,0.0096125907990314,train,background/no algae,0
2025-05-16,2025-05-16_r0896_c1344,4,6,896,1344,224,224,667755.9337142198,6059870.458216072,670002.3139905898,6062115.838349857,38045,0.7582310267857143,12131,True,True,True,data\raw\SummerSchool_Subset\images\2025-05-16\layers\2025-05-16_B04.tif,data\raw\SummerSchool_Subset\images\2025-05-16\layers\2025-05-16_B03.tif,data\raw\SummerSchool_Subset\images\2025-05-16\layers\2025-05-16_B02.tif,data\raw\SummerSchool_Subset\images\2025-05-16\layers\2025-05-16_VV.tif,data\raw\SummerSchool_Subset\images\2025-05-16\layers\2025-05-16_VH.tif,data\raw\SummerSchool_Subset\masks\2025_05_16.tiff,0 2,37253,0.9791825469838348,0,0.0,792,0.020817453016165,0,0.0,792,0.020817453016165,train,mid,2
2025-05-16,2025-05-16_r0896_c1568,4,7,896,1568,224,224,670002.3139905898,6059870.458216072,672248.6942669598,6062115.838349857,39931,0.7958187181122449,10245,True,True,True,data\raw\SummerSchool_Subset\images\2025-05-16\layers\2025-05-16_B04.tif,data\raw\SummerSchool_Subset\images\2025-05-16\layers\2025-05-16_B03.tif,data\raw\SummerSchool_Subset\images\2025-05-16\layers\2025-05-16_B02.tif,data\raw\SummerSchool_Subset\images\2025-05-16\layers\2025-05-16_VV.tif,data\raw\SummerSchool_Subset\images\2025-05-16\layers\2025-05-16_VH.tif,data\raw\SummerSchool_Subset\masks\2025_05_16.tiff,0 2,34761,0.8705266584858882,0,0.0,5170,0.1294733415141118,0,0.0,5170,0.1294733415141118,train,mid,2
2025-05-16,2025-05-16_r0896_c1792,4,8,896,1792,224,224,672248.6942669598,6059870.458216072,674495.0745433298,6062115.838349857,41892,0.8349011479591837,8284,True,True,True,data\raw\SummerSchool_Subset\images\2025-05-16\layers\2025-05-16_B04.tif,data\raw\SummerSchool_Subset\images\2025-05-16\layers\2025-05-16_B03.tif,data\raw\SummerSchool_Subset\images\2025-05-16\layers\2025-05-16_B02.tif,data\raw\SummerSchool_Subset\images\2025-05-16\layers\2025-05-16_VV.tif,data\raw\SummerSchool_Subset\images\2025-05-16\layers\2025-05-16_VH.tif,data\raw\SummerSchool_Subset\masks\2025_05_16.tiff,0 2,33271,0.7942089181705337,0,0.0,8621,0.2057910818294662,0,0.0,8621,0.2057910818294662,train,mid,2
2025-05-16,2025-05-16_r0896_c2016,4,9,896,2016,224,224,674495.0745433298,6059870.458216072,676741.4548196997,6062115.838349857,18444,0.3675860969387755,31732,True,True,True,data\raw\SummerSchool_Subset\images\2025-05-16\layers\2025-05-16_B04.tif,data\raw\SummerSchool_Subset\images\2025-05-16\layers\2025-05-16_B03.tif,data\raw\SummerSchool_Subset\images\2025-05-16\layers\2025-05-16_B02.tif,data\raw\SummerSchool_Subset\images\2025-05-16\layers\2025-05-16_VV.tif,data\raw\SummerSchool_Subset\images\2025-05-16\layers\2025-05-16_VH.tif,data\raw\SummerSchool_Subset\masks\2025_05_16.tiff,0 1 2 3 255,13168,0.7139449143352852,64,0.0034699631316417,5038,0.2731511602689221,174,0.0094339622641509,5276,0.2860550856647148,train,mid,2
2025-05-16,2025-05-16_r1120_c0672,5,3,1120,672,224,224,661016.7928851099,6057625.078082287,663263.1731614799,6059870.458216072,41134,0.8197943239795918,9042,True,True,True,data\raw\SummerSchool_Subset\images\2025-05-16\layers\2025-05-16_B04.tif,data\raw\SummerSchool_Subset\images\2025-05-16\layers\2025-05-16_B03.tif,data\raw\SummerSchool_Subset\images\2025-05-16\layers\2025-05-16_B02.tif,data\raw\SummerSchool_Subset\images\2025-05-16\layers\2025-05-16_VV.tif,data\raw\SummerSchool_Subset\images\2025-05-16\layers\2025-05-16_VH.tif,data\raw\SummerSchool_Subset\masks\2025_05_16.tiff,0 1 2 3 255,31892,0.775319686877036,23,0.0005591481499489,9040,0.2197695337190645,179,0.0043516312539505,9242,0.2246803131229639,train,mid,2
2025-05-16,2025-05-16_r1120_c0896,5,4,1120,896,224,224,663263.1731614799,6057625.078082287,665509.5534378499,6059870.458216072,41811,0.8332868303571429,8365,True,True,True,data\raw\SummerSchool_Subset\images\2025-05-16\layers\2025-05-16_B04.tif,data\raw\SummerSchool_Subset\images\2025-05-16\layers\2025-05-16_B03.tif,data\raw\SummerSchool_Subset\images\2025-05-16\layers\2025-05-16_B02.tif,data\raw\SummerSchool_Subset\images\2025-05-16\layers\2025-05-16_VV.tif,data\raw\SummerSchool_Subset\images\2025-05-16\layers\2025-05-16_VH.tif,data\raw\SummerSchool_Subset\masks\2025_05_16.tiff,0 1 2 255,41459,0.9915811628518812,3,7.175145296692258e-05,349,0.0083470856951519,0,0.0,352,0.0084188371481189,train,background/no algae,0
2025-05-16,2025-05-16_r1120_c1120,5,5,1120,1120,224,224,665509.5534378499,6057625.078082287,667755.9337142198,6059870.458216072,41035,0.8178212691326531,9141,True,True,True,data\raw\SummerSchool_Subset\images\2025-05-16\layers\2025-05-16_B04.tif,data\raw\SummerSchool_Subset\images\2025-05-16\layers\2025-05-16_B03.tif,data\raw\SummerSchool_Subset\images\2025-05-16\layers\2025-05-16_B02.tif,data\raw\SummerSchool_Subset\images\2025-05-16\layers\2025-05-16_VV.tif,data\raw\SummerSchool_Subset\images\2025-05-16\layers\2025-05-16_VH.tif,data\raw\SummerSchool_Subset\masks\2025_05_16.tiff,0 2,40768,0.9934933593274036,0,0.0,267,0.0065066406725965,0,0.0,267,0.0065066406725965,train,background/no algae,0
2025-05-16,2025-05-16_r1120_c1344,5,6,1120,1344,224,224,667755.9337142198,6057625.078082287,670002.3139905898,6059870.458216072,39422,0.7856744260204082,10754,True,True,True,data\raw\SummerSchool_Subset\images\2025-05-16\layers\2025-05-16_B04.tif,data\raw\SummerSchool_Subset\images\2025-05-16\layers\2025-05-16_B03.tif,data\raw\SummerSchool_Subset\images\2025-05-16\layers\2025-05-16_B02.tif,data\raw\SummerSchool_Subset\images\2025-05-16\layers\2025-05-16_VV.tif,data\raw\SummerSchool_Subset\images\2025-05-16\layers\2025-05-16_VH.tif,data\raw\SummerSchool_Subset\masks\2025_05_16.tiff,0 2,39251,0.9956623205316828,0,0.0,171,0.0043376794683171,0,0.0,171,0.0043376794683171,train,background/no algae,0
2025-05-16,2025-05-16_r1120_c1568,5,7,1120,1568,224,224,670002.3139905898,6057625.078082287,672248.6942669598,6059870.458216072,40367,0.8045081313775511,9809,True,True,True,data\raw\SummerSchool_Subset\images\2025-05-16\layers\2025-05-16_B04.tif,data\raw\SummerSchool_Subset\images\2025-05-16\layers\2025-05-16_B03.tif,data\raw\SummerSchool_Subset\images\2025-05-16\layers\2025-05-16_B02.tif,data\raw\SummerSchool_Subset\images\2025-05-16\layers\2025-05-16_VV.tif,data\raw\SummerSchool_Subset\images\2025-05-16\layers\2025-05-16_VH.tif,data\raw\SummerSchool_Subset\masks\2025_05_16.tiff,0 2,40097,0.9933113681967944,0,0.0,270,0.0066886318032055,0,0.0,270,0.0066886318032055,train,background/no algae,0
2025-05-16,2025-05-16_r1120_c1792,5,8,1120,1792,224,224,672248.6942669598,6057625.078082287,674495.0745433298,6059870.458216072,37858,0.7545041454081632,12318,True,True,True,data\raw\SummerSchool_Subset\images\2025-05-16\layers\2025-05-16_B04.tif,data\raw\SummerSchool_Subset\images\2025-05-16\layers\2025-05-16_B03.tif,data\raw\SummerSchool_Subset\images\2025-05-16\layers\2025-05-16_B02.tif,data\raw\SummerSchool_Subset\images\2025-05-16\layers\2025-05-16_VV.tif,data\raw\SummerSchool_Subset\images\2025-05-16\layers\2025-05-16_VH.tif,data\raw\SummerSchool_Subset\masks\2025_05_16.tiff,0 1 2 3 255,34302,0.9060700512441228,7,0.0001849014739288,3319,0.0876697131385704,230,0.0060753341433778,3556,0.0939299487558772,train,mid,2
2025-05-16,2025-05-16_r1344_c0672,6,3,1344,672,224,224,661016.7928851099,6055379.6979485005,663263.1731614799,6057625.078082287,42915,0.8552893813775511,7261,True,True,True,data\raw\SummerSchool_Subset\images\2025-05-16\layers\2025-05-16_B04.tif,data\raw\SummerSchool_Subset\images\2025-05-16\layers\2025-05-16_B03.tif,data\raw\SummerSchool_Subset\images\2025-05-16\layers\2025-05-16_B02.tif,data\raw\SummerSchool_Subset\images\2025-05-16\layers\2025-05-16_VV.tif,data\raw\SummerSchool_Subset\images\2025-05-16\layers\2025-05-16_VH.tif,data\raw\SummerSchool_Subset\masks\2025_05_16.tiff,0 1 2 3 255,30182,0.7032972154258418,81,0.0018874519398811,12314,0.2869392986135384,338,0.0078760340207386,12733,0.2967027845741582,train,mid,2
2025-05-16,2025-05-16_r1344_c0896,6,4,1344,896,224,224,663263.1731614799,6055379.6979485005,665509.5534378499,6057625.078082287,43659,0.8701171875,6517,True,True,True,data\raw\SummerSchool_Subset\images\2025-05-16\layers\2025-05-16_B04.tif,data\raw\SummerSchool_Subset\images\2025-05-16\layers\2025-05-16_B03.tif,data\raw\SummerSchool_Subset\images\2025-05-16\layers\2025-05-16_B02.tif,data\raw\SummerSchool_Subset\images\2025-05-16\layers\2025-05-16_VV.tif,data\raw\SummerSchool_Subset\images\2025-05-16\layers\2025-05-16_VH.tif,data\raw\SummerSchool_Subset\masks\2025_05_16.tiff,0 2,43337,0.992624659291326,0,0.0,322,0.007375340708674,0,0.0,322,0.007375340708674,train,background/no algae,0
2025-05-16,2025-05-16_r1344_c1120,6,5,1344,1120,224,224,665509.5534378499,6055379.6979485005,667755.9337142198,6057625.078082287,42353,0.8440888073979592,7823,True,True,True,data\raw\SummerSchool_Subset\images\2025-05-16\layers\2025-05-16_B04.tif,data\raw\SummerSchool_Subset\images\2025-05-16\layers\2025-05-16_B03.tif,data\raw\SummerSchool_Subset\images\2025-05-16\layers\2025-05-16_B02.tif,data\raw\SummerSchool_Subset\images\2025-05-16\layers\2025-05-16_VV.tif,data\raw\SummerSchool_Subset\images\2025-05-16\layers\2025-05-16_VH.tif,data\raw\SummerSchool_Subset\masks\2025_05_16.tiff,0 2,40786,0.9630014402757774,0,0.0,1567,0.0369985597242226,0,0.0,1567,0.0369985597242226,train,mid,2
2025-05-16,2025-05-16_r1344_c1344,6,6,1344,1344,224,224,667755.9337142198,6055379.6979485005,670002.3139905898,6057625.078082287,41783,0.8327287946428571,8393,True,True,True,data\raw\SummerSchool_Subset\images\2025-05-16\layers\2025-05-16_B04.tif,data\raw\SummerSchool_Subset\images\2025-05-16\layers\2025-05-16_B03.tif,data\raw\SummerSchool_Subset\images\2025-05-16\layers\2025-05-16_B02.tif,data\raw\SummerSchool_Subset\images\2025-05-16\layers\2025-05-16_VV.tif,data\raw\SummerSchool_Subset\images\2025-05-16\layers\2025-05-16_VH.tif,data\raw\SummerSchool_Subset\masks\2025_05_16.tiff,0 2,41319,0.9888950051456334,0,0.0,464,0.0111049948543666,0,0.0,464,0.0111049948543666,train,mid,2
2025-05-16,2025-05-16_r1344_c1568,6,7,1344,1568,224,224,670002.3139905898,6055379.6979485005,672248.6942669598,6057625.078082287,40904,0.8152104591836735,9272,True,True,True,data\raw\SummerSchool_Subset\images\2025-05-16\layers\2025-05-16_B04.tif,data\raw\SummerSchool_Subset\images\2025-05-16\layers\2025-05-16_B03.tif,data\raw\SummerSchool_Subset\images\2025-05-16\layers\2025-05-16_B02.tif,data\raw\SummerSchool_Subset\images\2025-05-16\layers\2025-05-16_VV.tif,data\raw\SummerSchool_Subset\images\2025-05-16\layers\2025-05-16_VH.tif,data\raw\SummerSchool_Subset\masks\2025_05_16.tiff,0 2,40823,0.998019753569333,0,0.0,81,0.0019802464306669,0,0.0,81,0.0019802464306669,train,background/no algae,0
2025-05-16,2025-05-16_r1344_c1792,6,8,1344,1792,224,224,672248.6942669598,6055379.6979485005,674495.0745433298,6057625.078082287,30597,0.6097935267857143,19579,True,True,True,data\raw\SummerSchool_Subset\images\2025-05-16\layers\2025-05-16_B04.tif,data\raw\SummerSchool_Subset\images\2025-05-16\layers\2025-05-16_B03.tif,data\raw\SummerSchool_Subset\images\2025-05-16\layers\2025-05-16_B02.tif,data\raw\SummerSchool_Subset\images\2025-05-16\layers\2025-05-16_VV.tif,data\raw\SummerSchool_Subset\images\2025-05-16\layers\2025-05-16_VH.tif,data\raw\SummerSchool_Subset\masks\2025_05_16.tiff,0 1 2 3 255,27784,0.9080628819818936,8,0.0002614635421773,2712,0.0886361407981174,93,0.0030395136778115,2813,0.0919371180181063,train,mid,2
2025-05-16,2025-05-16_r1568_c0672,7,3,1568,672,224,224,661016.7928851099,6053134.317814715,663263.1731614799,6055379.6979485005,43991,0.8767338966836735,6185,True,True,True,data\raw\SummerSchool_Subset\images\2025-05-16\layers\2025-05-16_B04.tif,data\raw\SummerSchool_Subset\images\2025-05-16\layers\2025-05-16_B03.tif,data\raw\SummerSchool_Subset\images\2025-05-16\layers\2025-05-16_B02.tif,data\raw\SummerSchool_Subset\images\2025-05-16\layers\2025-05-16_VV.tif,data\raw\SummerSchool_Subset\images\2025-05-16\layers\2025-05-16_VH.tif,data\raw\SummerSchool_Subset\masks\2025_05_16.tiff,0 1 2 3 255,36637,0.8328294423859426,6,0.000136391534632,7290,0.1657157145779818,58,0.0013184515014434,7354,0.1671705576140574,train,mid,2
2025-05-16,2025-05-16_r1568_c0896,7,4,1568,896,224,224,663263.1731614799,6053134.317814715,665509.5534378499,6055379.6979485005,43819,0.8733059630102041,6357,True,True,True,data\raw\SummerSchool_Subset\images\2025-05-16\layers\2025-05-16_B04.tif,data\raw\SummerSchool_Subset\images\2025-05-16\layers\2025-05-16_B03.tif,data\raw\SummerSchool_Subset\images\2025-05-16\layers\2025-05-16_B02.tif,data\raw\SummerSchool_Subset\images\2025-05-16\layers\2025-05-16_VV.tif,data\raw\SummerSchool_Subset\images\2025-05-16\layers\2025-05-16_VH.tif,data\raw\SummerSchool_Subset\masks\2025_05_16.tiff,0 2,43719,0.9977178849357584,0,0.0,100,0.0022821150642415,0,0.0,100,0.0022821150642415,train,background/no algae,0
2025-05-16,2025-05-16_r1568_c1120,7,5,1568,1120,224,224,665509.5534378499,6053134.317814715,667755.9337142198,6055379.6979485005,43088,0.8587372448979592,7088,True,True,True,data\raw\SummerSchool_Subset\images\2025-05-16\layers\2025-05-16_B04.tif,data\raw\SummerSchool_Subset\images\2025-05-16\layers\2025-05-16_B03.tif,data\raw\SummerSchool_Subset\images\2025-05-16\layers\2025-05-16_B02.tif,data\raw\SummerSchool_Subset\images\2025-05-16\layers\2025-05-16_VV.tif,data\raw\SummerSchool_Subset\images\2025-05-16\layers\2025-05-16_VH.tif,data\raw\SummerSchool_Subset\masks\2025_05_16.tiff,0 2,42929,0.9963098774600816,0,0.0,159,0.0036901225399183,0,0.0,159,0.0036901225399183,train,background/no algae,0
2025-05-16,2025-05-16_r1568_c1344,7,6,1568,1344,224,224,667755.9337142198,6053134.317814715,670002.3139905898,6055379.6979485005,42520,0.8474170918367347,7656,True,True,True,data\raw\SummerSchool_Subset\images\2025-05-16\layers\2025-05-16_B04.tif,data\raw\SummerSchool_Subset\images\2025-05-16\layers\2025-05-16_B03.tif,data\raw\SummerSchool_Subset\images\2025-05-16\layers\2025-05-16_B02.tif,data\raw\SummerSchool_Subset\images\2025-05-16\layers\2025-05-16_VV.tif,data\raw\SummerSchool_Subset\images\2025-05-16\layers\2025-05-16_VH.tif,data\raw\SummerSchool_Subset\masks\2025_05_16.tiff,0 1 2 3 255,42440,0.9981185324553152,6,0.0001411100658513,66,0.001552210724365,8,0.0001881467544684,80,0.0018814675446848,train,background/no algae,0
2025-05-16,2025-05-16_r1568_c1568,7,7,1568,1568,224,224,670002.3139905898,6053134.317814715,672248.6942669598,6055379.6979485005,42833,0.8536551339285714,7343,True,True,True,data\raw\SummerSchool_Subset\images\2025-05-16\layers\2025-05-16_B04.tif,data\raw\SummerSchool_Subset\images\2025-05-16\layers\2025-05-16_B03.tif,data\raw\SummerSchool_Subset\images\2025-05-16\layers\2025-05-16_B02.tif,data\raw\SummerSchool_Subset\images\2025-05-16\layers\2025-05-16_VV.tif,data\raw\SummerSchool_Subset\images\2025-05-16\layers\2025-05-16_VH.tif,data\raw\SummerSchool_Subset\masks\2025_05_16.tiff,0 2,42791,0.9990194476221604,0,0.0,42,0.0009805523778395,0,0.0,42,0.0009805523778395,train,background/no algae,0
2025-05-16,2025-05-16_r1568_c1792,7,8,1568,1792,224,224,672248.6942669598,6053134.317814715,674495.0745433298,6055379.6979485005,35349,0.7045001594387755,14827,True,True,True,data\raw\SummerSchool_Subset\images\2025-05-16\layers\2025-05-16_B04.tif,data\raw\SummerSchool_Subset\images\2025-05-16\layers\2025-05-16_B03.tif,data\raw\SummerSchool_Subset\images\2025-05-16\layers\2025-05-16_B02.tif,data\raw\SummerSchool_Subset\images\2025-05-16\layers\2025-05-16_VV.tif,data\raw\SummerSchool_Subset\images\2025-05-16\layers\2025-05-16_VH.tif,data\raw\SummerSchool_Subset\masks\2025_05_16.tiff,0 1 2 3 255,33636,0.9515403547483664,85,0.0024045941893688,1433,0.0405386290984186,195,0.0055164219638462,1713,0.0484596452516337,train,mid,2
2025-05-16,2025-05-16_r1568_c2016,7,9,1568,2016,224,224,674495.0745433298,6053134.317814715,676741.4548196997,6055379.6979485005,31534,0.6284677933673469,18642,True,True,True,data\raw\SummerSchool_Subset\images\2025-05-16\layers\2025-05-16_B04.tif,data\raw\SummerSchool_Subset\images\2025-05-16\layers\2025-05-16_B03.tif,data\raw\SummerSchool_Subset\images\2025-05-16\layers\2025-05-16_B02.tif,data\raw\SummerSchool_Subset\images\2025-05-16\layers\2025-05-16_VV.tif,data\raw\SummerSchool_Subset\images\2025-05-16\layers\2025-05-16_VH.tif,data\raw\SummerSchool_Subset\masks\2025_05_16.tiff,0 1 2 3 255,22170,0.7030506754614068,280,0.0088793048772753,8507,0.2697723092535041,577,0.0182977104078137,9364,0.2969493245385932,train,high,3
2025-05-16,2025-05-16_r1792_c0448,8,2,1792,448,224,224,658770.4126087399,6050888.937680929,661016.7928851099,6053134.317814715,29561,0.5891462053571429,20615,True,True,True,data\raw\SummerSchool_Subset\images\2025-05-16\layers\2025-05-16_B04.tif,data\raw\SummerSchool_Subset\images\2025-05-16\layers\2025-05-16_B03.tif,data\raw\SummerSchool_Subset\images\2025-05-16\layers\2025-05-16_B02.tif,data\raw\SummerSchool_Subset\images\2025-05-16\layers\2025-05-16_VV.tif,data\raw\SummerSchool_Subset\images\2025-05-16\layers\2025-05-16_VH.tif,data\raw\SummerSchool_Subset\masks\2025_05_16.tiff,0 1 2 3 255,25525,0.8634687595142249,138,0.0046683129799397,3695,0.1249957714556341,203,0.0068671560502012,4036,0.1365312404857751,train,mid,2
2025-05-16,2025-05-16_r1792_c0672,8,3,1792,672,224,224,661016.7928851099,6050888.937680929,663263.1731614799,6053134.317814715,42795,0.852897799744898,7381,True,True,True,data\raw\SummerSchool_Subset\images\2025-05-16\layers\2025-05-16_B04.tif,data\raw\SummerSchool_Subset\images\2025-05-16\layers\2025-05-16_B03.tif,data\raw\SummerSchool_Subset\images\2025-05-16\layers\2025-05-16_B02.tif,data\raw\SummerSchool_Subset\images\2025-05-16\layers\2025-05-16_VV.tif,data\raw\SummerSchool_Subset\images\2025-05-16\layers\2025-05-16_VH.tif,data\raw\SummerSchool_Subset\masks\2025_05_16.tiff,0 2,41514,0.9700665965650191,0,0.0,1281,0.0299334034349807,0,0.0,1281,0.0299334034349807,train,mid,2
2025-05-16,2025-05-16_r1792_c0896,8,4,1792,896,224,224,663263.1731614799,6050888.937680929,665509.5534378499,6053134.317814715,42678,0.8505660076530612,7498,True,True,True,data\raw\SummerSchool_Subset\images\2025-05-16\layers\2025-05-16_B04.tif,data\raw\SummerSchool_Subset\images\2025-05-16\layers\2025-05-16_B03.tif,data\raw\SummerSchool_Subset\images\2025-05-16\layers\2025-05-16_B02.tif,data\raw\SummerSchool_Subset\images\2025-05-16\layers\2025-05-16_VV.tif,data\raw\SummerSchool_Subset\images\2025-05-16\layers\2025-05-16_VH.tif,data\raw\SummerSchool_Subset\masks\2025_05_16.tiff,0 2,42645,0.9992267678897792,0,0.0,33,0.0007732321102207,0,0.0,33,0.0007732321102207,train,background/no algae,0
2025-05-16,2025-05-16_r1792_c1120,8,5,1792,1120,224,224,665509.5534378499,6050888.937680929,667755.9337142198,6053134.317814715,42392,0.8448660714285714,7784,True,True,True,data\raw\SummerSchool_Subset\images\2025-05-16\layers\2025-05-16_B04.tif,data\raw\SummerSchool_Subset\images\2025-05-16\layers\2025-05-16_B03.tif,data\raw\SummerSchool_Subset\images\2025-05-16\layers\2025-05-16_B02.tif,data\raw\SummerSchool_Subset\images\2025-05-16\layers\2025-05-16_VV.tif,data\raw\SummerSchool_Subset\images\2025-05-16\layers\2025-05-16_VH.tif,data\raw\SummerSchool_Subset\masks\2025_05_16.tiff,0 2,42365,0.9993630873749764,0,0.0,27,0.0006369126250235,0,0.0,27,0.0006369126250235,train,background/no algae,0
2025-05-16,2025-05-16_r1792_c1344,8,6,1792,1344,224,224,667755.9337142198,6050888.937680929,670002.3139905898,6053134.317814715,42370,0.8444276147959183,7806,True,True,True,data\raw\SummerSchool_Subset\images\2025-05-16\layers\2025-05-16_B04.tif,data\raw\SummerSchool_Subset\images\2025-05-16\layers\2025-05-16_B03.tif,data\raw\SummerSchool_Subset\images\2025-05-16\layers\2025-05-16_B02.tif,data\raw\SummerSchool_Subset\images\2025-05-16\layers\2025-05-16_VV.tif,data\raw\SummerSchool_Subset\images\2025-05-16\layers\2025-05-16_VH.tif,data\raw\SummerSchool_Subset\masks\2025_05_16.tiff,0 2,42340,0.999291951852726,0,0.0,30,0.000708048147274,0,0.0,30,0.000708048147274,train,background/no algae,0
2025-05-16,2025-05-16_r1792_c1568,8,7,1792,1568,224,224,670002.3139905898,6050888.937680929,672248.6942669598,6053134.317814715,43399,0.8649354272959183,6777,True,True,True,data\raw\SummerSchool_Subset\images\2025-05-16\layers\2025-05-16_B04.tif,data\raw\SummerSchool_Subset\images\2025-05-16\layers\2025-05-16_B03.tif,data\raw\SummerSchool_Subset\images\2025-05-16\layers\2025-05-16_B02.tif,data\raw\SummerSchool_Subset\images\2025-05-16\layers\2025-05-16_VV.tif,data\raw\SummerSchool_Subset\images\2025-05-16\layers\2025-05-16_VH.tif,data\raw\SummerSchool_Subset\masks\2025_05_16.tiff,0 2,43350,0.998870941726768,0,0.0,49,0.0011290582732321,0,0.0,49,0.0011290582732321,train,background/no algae,0
2025-05-16,2025-05-16_r1792_c1792,8,8,1792,1792,224,224,672248.6942669598,6050888.937680929,674495.0745433298,6053134.317814715,42802,0.8530373086734694,7374,True,True,True,data\raw\SummerSchool_Subset\images\2025-05-16\layers\2025-05-16_B04.tif,data\raw\SummerSchool_Subset\images\2025-05-16\layers\2025-05-16_B03.tif,data\raw\SummerSchool_Subset\images\2025-05-16\layers\2025-05-16_B02.tif,data\raw\SummerSchool_Subset\images\2025-05-16\layers\2025-05-16_VV.tif,data\raw\SummerSchool_Subset\images\2025-05-16\layers\2025-05-16_VH.tif,data\raw\SummerSchool_Subset\masks\2025_05_16.tiff,0 1 2 3 255,40875,0.9549787393112472,51,0.0011915331059296,1750,0.04088593990935,126,0.0029437876734732,1927,0.0450212606887528,train,mid,2
2025-05-16,2025-05-16_r1792_c2016,8,9,1792,2016,224,224,674495.0745433298,6050888.937680929,676741.4548196997,6053134.317814715,36955,0.7365074936224489,13221,True,True,True,data\raw\SummerSchool_Subset\images\2025-05-16\layers\2025-05-16_B04.tif,data\raw\SummerSchool_Subset\images\2025-05-16\layers\2025-05-16_B03.tif,data\raw\SummerSchool_Subset\images\2025-05-16\layers\2025-05-16_B02.tif,data\raw\SummerSchool_Subset\images\2025-05-16\layers\2025-05-16_VV.tif,data\raw\SummerSchool_Subset\images\2025-05-16\layers\2025-05-16_VH.tif,data\raw\SummerSchool_Subset\masks\2025_05_16.tiff,0 1 2 3 255,29161,0.7890948450818563,390,0.0105533757272358,7129,0.1929102963063185,275,0.0074414828845893,7794,0.2109051549181436,train,mid,2
2025-05-16,2025-05-16_r2016_c0224,9,1,2016,224,224,224,656524.0323323699,6048643.557547144,658770.4126087399,6050888.937680929,29759,0.5930923150510204,20417,True,True,True,data\raw\SummerSchool_Subset\images\2025-05-16\layers\2025-05-16_B04.tif,data\raw\SummerSchool_Subset\images\2025-05-16\layers\2025-05-16_B03.tif,data\raw\SummerSchool_Subset\images\2025-05-16\layers\2025-05-16_B02.tif,data\raw\SummerSchool_Subset\images\2025-05-16\layers\2025-05-16_VV.tif,data\raw\SummerSchool_Subset\images\2025-05-16\layers\2025-05-16_VH.tif,data\raw\SummerSchool_Subset\masks\2025_05_16.tiff,0 1 2 3 255,24861,0.835411136126886,118,0.0039651870022514,4502,0.1512819651197957,278,0.0093417117510669,4898,0.164588863873114,train,mid,2
2025-05-16,2025-05-16_r2016_c0448,9,2,2016,448,224,224,658770.4126087399,6048643.557547144,661016.7928851099,6050888.937680929,41708,0.8312340561224489,8468,True,True,True,data\raw\SummerSchool_Subset\images\2025-05-16\layers\2025-05-16_B04.tif,data\raw\SummerSchool_Subset\images\2025-05-16\layers\2025-05-16_B03.tif,data\raw\SummerSchool_Subset\images\2025-05-16\layers\2025-05-16_B02.tif,data\raw\SummerSchool_Subset\images\2025-05-16\layers\2025-05-16_VV.tif,data\raw\SummerSchool_Subset\images\2025-05-16\layers\2025-05-16_VH.tif,data\raw\SummerSchool_Subset\masks\2025_05_16.tiff,0 2,41224,0.9883955116524408,0,0.0,484,0.0116044883475592,0,0.0,484,0.0116044883475592,train,mid,2
2025-05-16,2025-05-16_r2016_c0672,9,3,2016,672,224,224,661016.7928851099,6048643.557547144,663263.1731614799,6050888.937680929,41077,0.8186583227040817,9099,True,True,True,data\raw\SummerSchool_Subset\images\2025-05-16\layers\2025-05-16_B04.tif,data\raw\SummerSchool_Subset\images\2025-05-16\layers\2025-05-16_B03.tif,data\raw\SummerSchool_Subset\images\2025-05-16\layers\2025-05-16_B02.tif,data\raw\SummerSchool_Subset\images\2025-05-16\layers\2025-05-16_VV.tif,data\raw\SummerSchool_Subset\images\2025-05-16\layers\2025-05-16_VH.tif,data\raw\SummerSchool_Subset\masks\2025_05_16.tiff,0 2,40980,0.9976385812011588,0,0.0,97,0.0023614187988412,0,0.0,97,0.0023614187988412,train,background/no algae,0
2025-05-16,2025-05-16_r2016_c0896,9,4,2016,896,224,224,663263.1731614799,6048643.557547144,665509.5534378499,6050888.937680929,41191,0.820930325255102,8985,True,True,True,data\raw\SummerSchool_Subset\images\2025-05-16\layers\2025-05-16_B04.tif,data\raw\SummerSchool_Subset\images\2025-05-16\layers\2025-05-16_B03.tif,data\raw\SummerSchool_Subset\images\2025-05-16\layers\2025-05-16_B02.tif,data\raw\SummerSchool_Subset\images\2025-05-16\layers\2025-05-16_VV.tif,data\raw\SummerSchool_Subset\images\2025-05-16\layers\2025-05-16_VH.tif,data\raw\SummerSchool_Subset\masks\2025_05_16.tiff,0 2,41157,0.9991745769706974,0,0.0,34,0.0008254230293025,0,0.0,34,0.0008254230293025,train,background/no algae,0
2025-05-16,2025-05-16_r2016_c1120,9,5,2016,1120,224,224,665509.5534378499,6048643.557547144,667755.9337142198,6050888.937680929,41672,0.8305165816326531,8504,True,True,True,data\raw\SummerSchool_Subset\images\2025-05-16\layers\2025-05-16_B04.tif,data\raw\SummerSchool_Subset\images\2025-05-16\layers\2025-05-16_B03.tif,data\raw\SummerSchool_Subset\images\2025-05-16\layers\2025-05-16_B02.tif,data\raw\SummerSchool_Subset\images\2025-05-16\layers\2025-05-16_VV.tif,data\raw\SummerSchool_Subset\images\2025-05-16\layers\2025-05-16_VH.tif,data\raw\SummerSchool_Subset\masks\2025_05_16.tiff,0 1 2 255,41652,0.9995200614321368,3,7.199078517949703e-05,17,0.0004079477826838,0,0.0,20,0.0004799385678633,train,background/no algae,0
2025-05-16,2025-05-16_r2016_c1344,9,6,2016,1344,224,224,667755.9337142198,6048643.557547144,670002.3139905898,6050888.937680929,41485,0.826789700255102,8691,True,True,True,data\raw\SummerSchool_Subset\images\2025-05-16\layers\2025-05-16_B04.tif,data\raw\SummerSchool_Subset\images\2025-05-16\layers\2025-05-16_B03.tif,data\raw\SummerSchool_Subset\images\2025-05-16\layers\2025-05-16_B02.tif,data\raw\SummerSchool_Subset\images\2025-05-16\layers\2025-05-16_VV.tif,data\raw\SummerSchool_Subset\images\2025-05-16\layers\2025-05-16_VH.tif,data\raw\SummerSchool_Subset\masks\2025_05_16.tiff,0 2,41460,0.9993973725442932,0,0.0,25,0.0006026274557068,0,0.0,25,0.0006026274557068,train,background/no algae,0
2025-05-16,2025-05-16_r2016_c1568,9,7,2016,1568,224,224,670002.3139905898,6048643.557547144,672248.6942669598,6050888.937680929,42815,0.8532963966836735,7361,True,True,True,data\raw\SummerSchool_Subset\images\2025-05-16\layers\2025-05-16_B04.tif,data\raw\SummerSchool_Subset\images\2025-05-16\layers\2025-05-16_B03.tif,data\raw\SummerSchool_Subset\images\2025-05-16\layers\2025-05-16_B02.tif,data\raw\SummerSchool_Subset\images\2025-05-16\layers\2025-05-16_VV.tif,data\raw\SummerSchool_Subset\images\2025-05-16\layers\2025-05-16_VH.tif,data\raw\SummerSchool_Subset\masks\2025_05_16.tiff,0 2,42747,0.9984117715753824,0,0.0,68,0.0015882284246175,0,0.0,68,0.0015882284246175,train,background/no algae,0
2025-05-16,2025-05-16_r2016_c1792,9,8,2016,1792,224,224,672248.6942669598,6048643.557547144,674495.0745433298,6050888.937680929,28948,0.5769292091836735,21228,True,True,True,data\raw\SummerSchool_Subset\images\2025-05-16\layers\2025-05-16_B04.tif,data\raw\SummerSchool_Subset\images\2025-05-16\layers\2025-05-16_B03.tif,data\raw\SummerSchool_Subset\images\2025-05-16\layers\2025-05-16_B02.tif,data\raw\SummerSchool_Subset\images\2025-05-16\layers\2025-05-16_VV.tif,data\raw\SummerSchool_Subset\images\2025-05-16\layers\2025-05-16_VH.tif,data\raw\SummerSchool_Subset\masks\2025_05_16.tiff,0 1 2 3 255,24590,0.8494541937266823,48,0.0016581456404587,4132,0.1427387038828243,178,0.0061489567500345,4358,0.1505458062733176,train,mid,2
2025-05-16,2025-05-16_r2240_c0000,10,0,2240,0,224,224,654277.652056,6046398.177413358,656524.0323323699,6048643.557547144,23016,0.4587053571428571,27160,True,True,True,data\raw\SummerSchool_Subset\images\2025-05-16\layers\2025-05-16_B04.tif,data\raw\SummerSchool_Subset\images\2025-05-16\layers\2025-05-16_B03.tif,data\raw\SummerSchool_Subset\images\2025-05-16\layers\2025-05-16_B02.tif,data\raw\SummerSchool_Subset\images\2025-05-16\layers\2025-05-16_VV.tif,data\raw\SummerSchool_Subset\images\2025-05-16\layers\2025-05-16_VH.tif,data\raw\SummerSchool_Subset\masks\2025_05_16.tiff,0 1 2 3 255,6433,0.2795012165450121,178,0.0077337504344803,16147,0.7015554396941258,258,0.0112095933263816,16583,0.7204987834549879,train,high,3
2025-05-16,2025-05-16_r2240_c0224,10,1,2240,224,224,224,656524.0323323699,6046398.177413358,658770.4126087399,6048643.557547144,42028,0.8376116071428571,8148,True,True,True,data\raw\SummerSchool_Subset\images\2025-05-16\layers\2025-05-16_B04.tif,data\raw\SummerSchool_Subset\images\2025-05-16\layers\2025-05-16_B03.tif,data\raw\SummerSchool_Subset\images\2025-05-16\layers\2025-05-16_B02.tif,data\raw\SummerSchool_Subset\images\2025-05-16\layers\2025-05-16_VV.tif,data\raw\SummerSchool_Subset\images\2025-05-16\layers\2025-05-16_VH.tif,data\raw\SummerSchool_Subset\masks\2025_05_16.tiff,0 2,38400,0.9136765965546778,0,0.0,3628,0.0863234034453221,0,0.0,3628,0.0863234034453221,train,mid,2
2025-05-16,2025-05-16_r2240_c0448,10,2,2240,448,224,224,658770.4126087399,6046398.177413358,661016.7928851099,6048643.557547144,41427,0.8256337691326531,8749,True,True,True,data\raw\SummerSchool_Subset\images\2025-05-16\layers\2025-05-16_B04.tif,data\raw\SummerSchool_Subset\images\2025-05-16\layers\2025-05-16_B03.tif,data\raw\SummerSchool_Subset\images\2025-05-16\layers\2025-05-16_B02.tif,data\raw\SummerSchool_Subset\images\2025-05-16\layers\2025-05-16_VV.tif,data\raw\SummerSchool_Subset\images\2025-05-16\layers\2025-05-16_VH.tif,data\raw\SummerSchool_Subset\masks\2025_05_16.tiff,0 2,41107,0.9922755690733096,0,0.0,320,0.0077244309266903,0,0.0,320,0.0077244309266903,train,background/no algae,0
2025-05-16,2025-05-16_r2240_c0672,10,3,2240,672,224,224,661016.7928851099,6046398.177413358,663263.1731614799,6048643.557547144,40918,0.8154894770408163,9258,True,True,True,data\raw\SummerSchool_Subset\images\2025-05-16\layers\2025-05-16_B04.tif,data\raw\SummerSchool_Subset\images\2025-05-16\layers\2025-05-16_B03.tif,data\raw\SummerSchool_Subset\images\2025-05-16\layers\2025-05-16_B02.tif,data\raw\SummerSchool_Subset\images\2025-05-16\layers\2025-05-16_VV.tif,data\raw\SummerSchool_Subset\images\2025-05-16\layers\2025-05-16_VH.tif,data\raw\SummerSchool_Subset\masks\2025_05_16.tiff,0 2,40736,0.9955520797692948,0,0.0,182,0.0044479202307053,0,0.0,182,0.0044479202307053,train,background/no algae,0
2025-05-16,2025-05-16_r2240_c0896,10,4,2240,896,224,224,663263.1731614799,6046398.177413358,665509.5534378499,6048643.557547144,41120,0.8195153061224489,9056,True,True,True,data\raw\SummerSchool_Subset\images\2025-05-16\layers\2025-05-16_B04.tif,data\raw\SummerSchool_Subset\images\2025-05-16\layers\2025-05-16_B03.tif,data\raw\SummerSchool_Subset\images\2025-05-16\layers\2025-05-16_B02.tif,data\raw\SummerSchool_Subset\images\2025-05-16\layers\2025-05-16_VV.tif,data\raw\SummerSchool_Subset\images\2025-05-16\layers\2025-05-16_VH.tif,data\raw\SummerSchool_Subset\masks\2025_05_16.tiff,0 2,41035,0.997932879377432,0,0.0,85,0.002067120622568,0,0.0,85,0.002067120622568,train,background/no algae,0
2025-05-16,2025-05-16_r2240_c1120,10,5,2240,1120,224,224,665509.5534378499,6046398.177413358,667755.9337142198,6048643.557547144,41257,0.8222456951530612,8919,True,True,True,data\raw\SummerSchool_Subset\images\2025-05-16\layers\2025-05-16_B04.tif,data\raw\SummerSchool_Subset\images\2025-05-16\layers\2025-05-16_B03.tif,data\raw\SummerSchool_Subset\images\2025-05-16\layers\2025-05-16_B02.tif,data\raw\SummerSchool_Subset\images\2025-05-16\layers\2025-05-16_VV.tif,data\raw\SummerSchool_Subset\images\2025-05-16\layers\2025-05-16_VH.tif,data\raw\SummerSchool_Subset\masks\2025_05_16.tiff,0 2,41239,0.9995637104006592,0,0.0,18,0.0004362895993407,0,0.0,18,0.0004362895993407,train,background/no algae,0
2025-05-16,2025-05-16_r2240_c1344,10,6,2240,1344,224,224,667755.9337142198,6046398.177413358,670002.3139905898,6048643.557547144,41455,0.8261918048469388,8721,True,True,True,data\raw\SummerSchool_Subset\images\2025-05-16\layers\2025-05-16_B04.tif,data\raw\SummerSchool_Subset\images\2025-05-16\layers\2025-05-16_B03.tif,data\raw\SummerSchool_Subset\images\2025-05-16\layers\2025-05-16_B02.tif,data\raw\SummerSchool_Subset\images\2025-05-16\layers\2025-05-16_VV.tif,data\raw\SummerSchool_Subset\images\2025-05-16\layers\2025-05-16_VH.tif,data\raw\SummerSchool_Subset\masks\2025_05_16.tiff,0 2,41384,0.9982872994813652,0,0.0,71,0.0017127005186346,0,0.0,71,0.0017127005186346,train,background/no algae,0
2025-05-16,2025-05-16_r2240_c1568,10,7,2240,1568,224,224,670002.3139905898,6046398.177413358,672248.6942669598,6048643.557547144,40706,0.8112643494897959,9470,True,True,True,data\raw\SummerSchool_Subset\images\2025-05-16\layers\2025-05-16_B04.tif,data\raw\SummerSchool_Subset\images\2025-05-16\layers\2025-05-16_B03.tif,data\raw\SummerSchool_Subset\images\2025-05-16\layers\2025-05-16_B02.tif,data\raw\SummerSchool_Subset\images\2025-05-16\layers\2025-05-16_VV.tif,data\raw\SummerSchool_Subset\images\2025-05-16\layers\2025-05-16_VH.tif,data\raw\SummerSchool_Subset\masks\2025_05_16.tiff,0 1 2 3 255,39829,0.9784552645801602,37,0.0009089569105291,774,0.0190143959121505,66,0.0016213825971601,877,0.0215447354198398,train,mid,2
2025-05-16,2025-05-16_r2464_c0000,11,0,2464,0,224,224,654277.652056,6044152.797279572,656524.0323323699,6046398.177413358,21515,0.4287906568877551,28661,True,True,True,data\raw\SummerSchool_Subset\images\2025-05-16\layers\2025-05-16_B04.tif,data\raw\SummerSchool_Subset\images\2025-05-16\layers\2025-05-16_B03.tif,data\raw\SummerSchool_Subset\images\2025-05-16\layers\2025-05-16_B02.tif,data\raw\SummerSchool_Subset\images\2025-05-16\layers\2025-05-16_VV.tif,data\raw\SummerSchool_Subset\images\2025-05-16\layers\2025-05-16_VH.tif,data\raw\SummerSchool_Subset\masks\2025_05_16.tiff,0 1 2 3 255,6282,0.2919823379037881,469,0.0217987450615849,14342,0.6666046943992563,422,0.0196142226353706,15233,0.708017662096212,train,high,3
2025-05-16,2025-05-16_r2464_c0224,11,1,2464,224,224,224,656524.0323323699,6044152.797279572,658770.4126087399,6046398.177413358,42698,0.8509646045918368,7478,True,True,True,data\raw\SummerSchool_Subset\images\2025-05-16\layers\2025-05-16_B04.tif,data\raw\SummerSchool_Subset\images\2025-05-16\layers\2025-05-16_B03.tif,data\raw\SummerSchool_Subset\images\2025-05-16\layers\2025-05-16_B02.tif,data\raw\SummerSchool_Subset\images\2025-05-16\layers\2025-05-16_VV.tif,data\raw\SummerSchool_Subset\images\2025-05-16\layers\2025-05-16_VH.tif,data\raw\SummerSchool_Subset\masks\2025_05_16.tiff,0 1 2 3 255,38536,0.902524708417256,109,0.002552812778116,3955,0.092627289334395,98,0.0022951894702327,4162,0.0974752915827439,train,mid,2
2025-05-16,2025-05-16_r2464_c0448,11,2,2464,448,224,224,658770.4126087399,6044152.797279572,661016.7928851099,6046398.177413358,43185,0.8606704400510204,6991,True,True,True,data\raw\SummerSchool_Subset\images\2025-05-16\layers\2025-05-16_B04.tif,data\raw\SummerSchool_Subset\images\2025-05-16\layers\2025-05-16_B03.tif,data\raw\SummerSchool_Subset\images\2025-05-16\layers\2025-05-16_B02.tif,data\raw\SummerSchool_Subset\images\2025-05-16\layers\2025-05-16_VV.tif,data\raw\SummerSchool_Subset\images\2025-05-16\layers\2025-05-16_VH.tif,data\raw\SummerSchool_Subset\masks\2025_05_16.tiff,0 1 2 3 255,42746,0.9898344332522868,11,0.0002547180734051,405,0.0093782563390066,23,0.0005325923353016,439,0.0101655667477133,train,background/no algae,0
2025-05-16,2025-05-16_r2464_c0672,11,3,2464,672,224,224,661016.7928851099,6044152.797279572,663263.1731614799,6046398.177413358,41150,0.8201132015306123,9026,True,True,True,data\raw\SummerSchool_Subset\images\2025-05-16\layers\2025-05-16_B04.tif,data\raw\SummerSchool_Subset\images\2025-05-16\layers\2025-05-16_B03.tif,data\raw\SummerSchool_Subset\images\2025-05-16\layers\2025-05-16_B02.tif,data\raw\SummerSchool_Subset\images\2025-05-16\layers\2025-05-16_VV.tif,data\raw\SummerSchool_Subset\images\2025-05-16\layers\2025-05-16_VH.tif,data\raw\SummerSchool_Subset\masks\2025_05_16.tiff,0 1 2 3 255,39541,0.96089914945322,25,0.0006075334143377,1387,0.0337059538274605,197,0.0047873633049817,1609,0.03910085054678,train,mid,2
2025-05-16,2025-05-16_r2464_c0896,11,4,2464,896,224,224,663263.1731614799,6044152.797279572,665509.5534378499,6046398.177413358,42106,0.8391661352040817,8070,True,True,True,data\raw\SummerSchool_Subset\images\2025-05-16\layers\2025-05-16_B04.tif,data\raw\SummerSchool_Subset\images\2025-05-16\layers\2025-05-16_B03.tif,data\raw\SummerSchool_Subset\images\2025-05-16\layers\2025-05-16_B02.tif,data\raw\SummerSchool_Subset\images\2025-05-16\layers\2025-05-16_VV.tif,data\raw\SummerSchool_Subset\images\2025-05-16\layers\2025-05-16_VH.tif,data\raw\SummerSchool_Subset\masks\2025_05_16.tiff,0 1 2 3 255,41499,0.98558400227996,2,4.749916876454662e-05,528,0.0125397805538403,77,0.001828717997435,607,0.0144159977200398,train,mid,2
2025-05-16,2025-05-16_r2464_c1120,11,5,2464,1120,224,224,665509.5534378499,6044152.797279572,667755.9337142198,6046398.177413358,41872,0.8345025510204082,8304,True,True,True,data\raw\SummerSchool_Subset\images\2025-05-16\layers\2025-05-16_B04.tif,data\raw\SummerSchool_Subset\images\2025-05-16\layers\2025-05-16_B03.tif,data\raw\SummerSchool_Subset\images\2025-05-16\layers\2025-05-16_B02.tif,data\raw\SummerSchool_Subset\images\2025-05-16\layers\2025-05-16_VV.tif,data\raw\SummerSchool_Subset\images\2025-05-16\layers\2025-05-16_VH.tif,data\raw\SummerSchool_Subset\masks\2025_05_16.tiff,0 2,41841,0.9992596484524264,0,0.0,31,0.0007403515475735,0,0.0,31,0.0007403515475735,train,background/no algae,0
2025-05-16,2025-05-16_r2464_c1344,11,6,2464,1344,224,224,667755.9337142198,6044152.797279572,670002.3139905898,6046398.177413358,42847,0.8539341517857143,7329,True,True,True,data\raw\SummerSchool_Subset\images\2025-05-16\layers\2025-05-16_B04.tif,data\raw\SummerSchool_Subset\images\2025-05-16\layers\2025-05-16_B03.tif,data\raw\SummerSchool_Subset\images\2025-05-16\layers\2025-05-16_B02.tif,data\raw\SummerSchool_Subset\images\2025-05-16\layers\2025-05-16_VV.tif,data\raw\SummerSchool_Subset\images\2025-05-16\layers\2025-05-16_VH.tif,data\raw\SummerSchool_Subset\masks\2025_05_16.tiff,0 2,42780,0.9984362965901932,0,0.0,67,0.0015637034098069,0,0.0,67,0.0015637034098069,train,background/no algae,0
2025-05-16,2025-05-16_r2464_c1568,11,7,2464,1568,224,224,670002.3139905898,6044152.797279572,672248.6942669598,6046398.177413358,31336,0.6245216836734694,18840,True,True,True,data\raw\SummerSchool_Subset\images\2025-05-16\layers\2025-05-16_B04.tif,data\raw\SummerSchool_Subset\images\2025-05-16\layers\2025-05-16_B03.tif,data\raw\SummerSchool_Subset\images\2025-05-16\layers\2025-05-16_B02.tif,data\raw\SummerSchool_Subset\images\2025-05-16\layers\2025-05-16_VV.tif,data\raw\SummerSchool_Subset\images\2025-05-16\layers\2025-05-16_VH.tif,data\raw\SummerSchool_Subset\masks\2025_05_16.tiff,0 1 2 3 255,27724,0.8847332141945367,267,0.0085205514424304,3045,0.0971725810569313,300,0.0095736533061016,3612,0.1152667858054633,train,mid,2
2025-05-16,2025-05-16_r2688_c0224,12,1,2688,224,224,224,656524.0323323699,6041907.417145787,658770.4126087399,6044152.797279572,15245,0.3038305165816326,34931,True,True,True,data\raw\SummerSchool_Subset\images\2025-05-16\layers\2025-05-16_B04.tif,data\raw\SummerSchool_Subset\images\2025-05-16\layers\2025-05-16_B03.tif,data\raw\SummerSchool_Subset\images\2025-05-16\layers\2025-05-16_B02.tif,data\raw\SummerSchool_Subset\images\2025-05-16\layers\2025-05-16_VV.tif,data\raw\SummerSchool_Subset\images\2025-05-16\layers\2025-05-16_VH.tif,data\raw\SummerSchool_Subset\masks\2025_05_16.tiff,0 1 2 3 255,11064,0.725746146277468,472,0.0309609708101016,2624,0.1721220072154805,1085,0.0711708756969498,4181,0.2742538537225319,train,high,3
2025-05-16,2025-05-16_r2688_c0448,12,2,2688,448,224,224,658770.4126087399,6041907.417145787,661016.7928851099,6044152.797279572,26847,0.5350566007653061,23329,True,True,True,data\raw\SummerSchool_Subset\images\2025-05-16\layers\2025-05-16_B04.tif,data\raw\SummerSchool_Subset\images\2025-05-16\layers\2025-05-16_B03.tif,data\raw\SummerSchool_Subset\images\2025-05-16\layers\2025-05-16_B02.tif,data\raw\SummerSchool_Subset\images\2025-05-16\layers\2025-05-16_VV.tif,data\raw\SummerSchool_Subset\images\2025-05-16\layers\2025-05-16_VH.tif,data\raw\SummerSchool_Subset\masks\2025_05_16.tiff,0 1 2 3 255,22066,0.821916787723023,113,0.0042090363914031,4321,0.1609490818340969,347,0.0129250940514768,4781,0.1780832122769769,train,high,3
2025-05-16,2025-05-16_r2688_c0896,12,4,2688,896,224,224,663263.1731614799,6041907.417145787,665509.5534378499,6044152.797279572,13339,0.2658442283163265,36837,True,True,True,data\raw\SummerSchool_Subset\images\2025-05-16\layers\2025-05-16_B04.tif,data\raw\SummerSchool_Subset\images\2025-05-16\layers\2025-05-16_B03.tif,data\raw\SummerSchool_Subset\images\2025-05-16\layers\2025-05-16_B02.tif,data\raw\SummerSchool_Subset\images\2025-05-16\layers\2025-05-16_VV.tif,data\raw\SummerSchool_Subset\images\2025-05-16\layers\2025-05-16_VH.tif,data\raw\SummerSchool_Subset\masks\2025_05_16.tiff,0 1 2 3 255,10701,0.8022340505285254,704,0.0527775695329484,1427,0.1069795336981782,507,0.0380088462403478,2638,0.1977659494714746,train,high,3
2025-05-16,2025-05-16_r2688_c1120,12,5,2688,1120,224,224,665509.5534378499,6041907.417145787,667755.9337142198,6044152.797279572,20548,0.4095184948979591,29628,True,True,True,data\raw\SummerSchool_Subset\images\2025-05-16\layers\2025-05-16_B04.tif,data\raw\SummerSchool_Subset\images\2025-05-16\layers\2025-05-16_B03.tif,data\raw\SummerSchool_Subset\images\2025-05-16\layers\2025-05-16_B02.tif,data\raw\SummerSchool_Subset\images\2025-05-16\layers\2025-05-16_VV.tif,data\raw\SummerSchool_Subset\images\2025-05-16\layers\2025-05-16_VH.tif,data\raw\SummerSchool_Subset\masks\2025_05_16.tiff,0 1 2 3 255,17981,0.8750729998053338,835,0.0406365583025111,1321,0.0642884952306793,411,0.0200019466614755,2567,0.1249270001946661,train,high,3
2025-05-16,2025-05-16_r2688_c1344,12,6,2688,1344,224,224,667755.9337142198,6041907.417145787,670002.3139905898,6044152.797279572,42317,0.8433713329081632,7859,True,True,True,data\raw\SummerSchool_Subset\images\2025-05-16\layers\2025-05-16_B04.tif,data\raw\SummerSchool_Subset\images\2025-05-16\layers\2025-05-16_B03.tif,data\raw\SummerSchool_Subset\images\2025-05-16\layers\2025-05-16_B02.tif,data\raw\SummerSchool_Subset\images\2025-05-16\layers\2025-05-16_VV.tif,data\raw\SummerSchool_Subset\images\2025-05-16\layers\2025-05-16_VH.tif,data\raw\SummerSchool_Subset\masks\2025_05_16.tiff,0 1 2 3 255,40922,0.9670345251317436,33,0.0007798284377436,1201,0.0283810289009145,161,0.003804617529598,1395,0.0329654748682562,train,mid,2
2025-05-16,2025-05-16_r2688_c1568,12,7,2688,1568,224,224,670002.3139905898,6041907.417145787,672248.6942669598,6044152.797279572,33009,0.6578643176020408,17167,True,True,True,data\raw\SummerSchool_Subset\images\2025-05-16\layers\2025-05-16_B04.tif,data\raw\SummerSchool_Subset\images\2025-05-16\layers\2025-05-16_B03.tif,data\raw\SummerSchool_Subset\images\2025-05-16\layers\2025-05-16_B02.tif,data\raw\SummerSchool_Subset\images\2025-05-16\layers\2025-05-16_VV.tif,data\raw\SummerSchool_Subset\images\2025-05-16\layers\2025-05-16_VH.tif,data\raw\SummerSchool_Subset\masks\2025_05_16.tiff,0 1 2 3 255,29403,0.8907570662546578,126,0.0038171407797873,2868,0.0868853948923021,612,0.0185403980732527,3606,0.1092429337453421,train,high,3
2025-05-16,2025-05-16_r2912_c1344,13,6,2912,1344,224,224,667755.9337142198,6039662.037012001,670002.3139905898,6041907.417145787,12142,0.2419882015306122,38034,True,True,True,data\raw\SummerSchool_Subset\images\2025-05-16\layers\2025-05-16_B04.tif,data\raw\SummerSchool_Subset\images\2025-05-16\layers\2025-05-16_B03.tif,data\raw\SummerSchool_Subset\images\2025-05-16\layers\2025-05-16_B02.tif,data\raw\SummerSchool_Subset\images\2025-05-16\layers\2025-05-16_VV.tif,data\raw\SummerSchool_Subset\images\2025-05-16\layers\2025-05-16_VH.tif,data\raw\SummerSchool_Subset\masks\2025_05_16.tiff,0 1 2 3 255,6345,0.5225662987975622,78,0.006423982869379,5293,0.4359248888156811,426,0.0350848295173776,5797,0.4774337012024378,train,high,3
2025-05-18,2025-05-18_r0000_c0672,0,3,0,672,224,224,661016.7928851099,6068851.978751215,663263.1731614799,6071097.358885,20900,0.4165338010204081,29276,True,True,True,data\raw\SummerSchool_Subset\images\2025-05-18\layers\2025-05-18_B04.tif,data\raw\SummerSchool_Subset\images\2025-05-18\layers\2025-05-18_B03.tif,data\raw\SummerSchool_Subset\images\2025-05-18\layers\2025-05-18_B02.tif,data\raw\SummerSchool_Subset\images\2025-05-18\layers\2025-05-18_VV.tif,data\raw\SummerSchool_Subset\images\2025-05-18\layers\2025-05-18_VH.tif,data\raw\SummerSchool_Subset\masks\2025_05_18.tiff,0 1 2 3 255,15952,0.7632535885167464,190,0.009090909090909,4280,0.2047846889952153,478,0.0228708133971291,4948,0.2367464114832536,train,high,3
2025-05-18,2025-05-18_r0224_c0448,1,2,224,448,224,224,658770.4126087399,6066606.598617429,661016.7928851099,6068851.978751215,17776,0.3542729591836734,32400,True,True,True,data\raw\SummerSchool_Subset\images\2025-05-18\layers\2025-05-18_B04.tif,data\raw\SummerSchool_Subset\images\2025-05-18\layers\2025-05-18_B03.tif,data\raw\SummerSchool_Subset\images\2025-05-18\layers\2025-05-18_B02.tif,data\raw\SummerSchool_Subset\images\2025-05-18\layers\2025-05-18_VV.tif,data\raw\SummerSchool_Subset\images\2025-05-18\layers\2025-05-18_VH.tif,data\raw\SummerSchool_Subset\masks\2025_05_18.tiff,0 1 2 3 255,14831,0.8343271827182718,676,0.038028802880288,1994,0.1121737173717371,275,0.0154702970297029,2945,0.1656728172817281,train,high,3
2025-05-18,2025-05-18_r0224_c0672,1,3,224,672,224,224,661016.7928851099,6066606.598617429,663263.1731614799,6068851.978751215,42756,0.8521205357142857,7420,True,True,True,data\raw\SummerSchool_Subset\images\2025-05-18\layers\2025-05-18_B04.tif,data\raw\SummerSchool_Subset\images\2025-05-18\layers\2025-05-18_B03.tif,data\raw\SummerSchool_Subset\images\2025-05-18\layers\2025-05-18_B02.tif,data\raw\SummerSchool_Subset\images\2025-05-18\layers\2025-05-18_VV.tif,data\raw\SummerSchool_Subset\images\2025-05-18\layers\2025-05-18_VH.tif,data\raw\SummerSchool_Subset\masks\2025_05_18.tiff,0 1 2 3 255,40565,0.9487557301899148,86,0.0020114136027692,1849,0.0432453924595378,256,0.005987463747778,2191,0.0512442698100851,train,mid,2
2025-05-18,2025-05-18_r0224_c2016,1,9,224,2016,224,224,674495.0745433298,6066606.598617429,676741.4548196997,6068851.978751215,19509,0.3888113839285714,30667,True,True,True,data\raw\SummerSchool_Subset\images\2025-05-18\layers\2025-05-18_B04.tif,data\raw\SummerSchool_Subset\images\2025-05-18\layers\2025-05-18_B03.tif,data\raw\SummerSchool_Subset\images\2025-05-18\layers\2025-05-18_B02.tif,data\raw\SummerSchool_Subset\images\2025-05-18\layers\2025-05-18_VV.tif,data\raw\SummerSchool_Subset\images\2025-05-18\layers\2025-05-18_VH.tif,data\raw\SummerSchool_Subset\masks\2025_05_18.tiff,0 1 2 3 255,13388,0.68624737300733,50,0.0025629196780972,5778,0.2961709980009226,293,0.0150187093136501,6121,0.31375262699267,train,high,3
2025-05-18,2025-05-18_r0448_c0448,2,2,448,448,224,224,658770.4126087399,6064361.218483644,661016.7928851099,6066606.598617429,33571,0.6690648915816326,16605,True,True,True,data\raw\SummerSchool_Subset\images\2025-05-18\layers\2025-05-18_B04.tif,data\raw\SummerSchool_Subset\images\2025-05-18\layers\2025-05-18_B03.tif,data\raw\SummerSchool_Subset\images\2025-05-18\layers\2025-05-18_B02.tif,data\raw\SummerSchool_Subset\images\2025-05-18\layers\2025-05-18_VV.tif,data\raw\SummerSchool_Subset\images\2025-05-18\layers\2025-05-18_VH.tif,data\raw\SummerSchool_Subset\masks\2025_05_18.tiff,0 1 2 3 255,30366,0.9045306961365464,761,0.0226683744898871,2109,0.0628220785797265,335,0.0099788507938399,3205,0.0954693038634535,train,mid,2
2025-05-18,2025-05-18_r0448_c0672,2,3,448,672,224,224,661016.7928851099,6064361.218483644,663263.1731614799,6066606.598617429,42189,0.8408203125,7987,True,True,True,data\raw\SummerSchool_Subset\images\2025-05-18\layers\2025-05-18_B04.tif,data\raw\SummerSchool_Subset\images\2025-05-18\layers\2025-05-18_B03.tif,data\raw\SummerSchool_Subset\images\2025-05-18\layers\2025-05-18_B02.tif,data\raw\SummerSchool_Subset\images\2025-05-18\layers\2025-05-18_VV.tif,data\raw\SummerSchool_Subset\images\2025-05-18\layers\2025-05-18_VH.tif,data\raw\SummerSchool_Subset\masks\2025_05_18.tiff,0 1 2 3 255,40930,0.9701580980824386,32,0.00075849154993,1067,0.0252909526179809,160,0.0037924577496503,1259,0.0298419019175614,train,mid,2
2025-05-18,2025-05-18_r0448_c0896,2,4,448,896,224,224,663263.1731614799,6064361.218483644,665509.5534378499,6066606.598617429,20693,0.4124083227040816,29483,True,True,True,data\raw\SummerSchool_Subset\images\2025-05-18\layers\2025-05-18_B04.tif,data\raw\SummerSchool_Subset\images\2025-05-18\layers\2025-05-18_B03.tif,data\raw\SummerSchool_Subset\images\2025-05-18\layers\2025-05-18_B02.tif,data\raw\SummerSchool_Subset\images\2025-05-18\layers\2025-05-18_VV.tif,data\raw\SummerSchool_Subset\images\2025-05-18\layers\2025-05-18_VH.tif,data\raw\SummerSchool_Subset\masks\2025_05_18.tiff,0 1 2 3 255,12739,0.6156188082926594,157,0.0075871067510752,6878,0.3323829314260861,919,0.0444111535301792,7954,0.3843811917073406,train,high,3
2025-05-18,2025-05-18_r0448_c1120,2,5,448,1120,224,224,665509.5534378499,6064361.218483644,667755.9337142198,6066606.598617429,10162,0.2025271045918367,40014,True,True,True,data\raw\SummerSchool_Subset\images\2025-05-18\layers\2025-05-18_B04.tif,data\raw\SummerSchool_Subset\images\2025-05-18\layers\2025-05-18_B03.tif,data\raw\SummerSchool_Subset\images\2025-05-18\layers\2025-05-18_B02.tif,data\raw\SummerSchool_Subset\images\2025-05-18\layers\2025-05-18_VV.tif,data\raw\SummerSchool_Subset\images\2025-05-18\layers\2025-05-18_VH.tif,data\raw\SummerSchool_Subset\masks\2025_05_18.tiff,0 1 2 3 255,7068,0.6955323755166306,56,0.0055107262349931,2690,0.2647116709309191,348,0.0342452273174571,3094,0.3044676244833694,train,high,3
2025-05-18,2025-05-18_r0448_c1568,2,7,448,1568,224,224,670002.3139905898,6064361.218483644,672248.6942669598,6066606.598617429,26323,0.5246133609693877,23853,True,True,True,data\raw\SummerSchool_Subset\images\2025-05-18\layers\2025-05-18_B04.tif,data\raw\SummerSchool_Subset\images\2025-05-18\layers\2025-05-18_B03.tif,data\raw\SummerSchool_Subset\images\2025-05-18\layers\2025-05-18_B02.tif,data\raw\SummerSchool_Subset\images\2025-05-18\layers\2025-05-18_VV.tif,data\raw\SummerSchool_Subset\images\2025-05-18\layers\2025-05-18_VH.tif,data\raw\SummerSchool_Subset\masks\2025_05_18.tiff,0 1 2 3 255,19012,0.7222581012802493,103,0.0039129278577669,6731,0.255707936025529,477,0.0181210348364548,7311,0.2777418987197508,train,high,3
2025-05-18,2025-05-18_r0448_c1792,2,8,448,1792,224,224,672248.6942669598,6064361.218483644,674495.0745433298,6066606.598617429,41604,0.8291613520408163,8572,True,True,True,data\raw\SummerSchool_Subset\images\2025-05-18\layers\2025-05-18_B04.tif,data\raw\SummerSchool_Subset\images\2025-05-18\layers\2025-05-18_B03.tif,data\raw\SummerSchool_Subset\images\2025-05-18\layers\2025-05-18_B02.tif,data\raw\SummerSchool_Subset\images\2025-05-18\layers\2025-05-18_VV.tif,data\raw\SummerSchool_Subset\images\2025-05-18\layers\2025-05-18_VH.tif,data\raw\SummerSchool_Subset\masks\2025_05_18.tiff,0 1 2 3 255,37920,0.9114508220363426,19,0.0004566868570329,3585,0.0861695990770118,80,0.0019228920296125,3684,0.0885491779636573,train,mid,2
2025-05-18,2025-05-18_r0448_c2016,2,9,448,2016,224,224,674495.0745433298,6064361.218483644,676741.4548196997,6066606.598617429,43105,0.8590760522959183,7071,True,True,True,data\raw\SummerSchool_Subset\images\2025-05-18\layers\2025-05-18_B04.tif,data\raw\SummerSchool_Subset\images\2025-05-18\layers\2025-05-18_B03.tif,data\raw\SummerSchool_Subset\images\2025-05-18\layers\2025-05-18_B02.tif,data\raw\SummerSchool_Subset\images\2025-05-18\layers\2025-05-18_VV.tif,data\raw\SummerSchool_Subset\images\2025-05-18\layers\2025-05-18_VH.tif,data\raw\SummerSchool_Subset\masks\2025_05_18.tiff,0 1 2,41862,0.971163438116228,1,2.319916483006612e-05,1242,0.0288133627189421,0,0.0,1243,0.0288365618837721,train,mid,2
2025-05-18,2025-05-18_r0448_c2240,2,10,448,2240,224,224,676741.4548196997,6064361.218483644,678987.8350960697,6066606.598617429,27176,0.5416135204081632,23000,True,True,True,data\raw\SummerSchool_Subset\images\2025-05-18\layers\2025-05-18_B04.tif,data\raw\SummerSchool_Subset\images\2025-05-18\layers\2025-05-18_B03.tif,data\raw\SummerSchool_Subset\images\2025-05-18\layers\2025-05-18_B02.tif,data\raw\SummerSchool_Subset\images\2025-05-18\layers\2025-05-18_VV.tif,data\raw\SummerSchool_Subset\images\2025-05-18\layers\2025-05-18_VH.tif,data\raw\SummerSchool_Subset\masks\2025_05_18.tiff,0 1 2 3 255,23258,0.8558286723579629,137,0.0050412128348542,3361,0.1236753017368266,420,0.0154548130703561,3918,0.144171327642037,train,high,3
2025-05-18,2025-05-18_r0672_c0448,3,2,672,448,224,224,658770.4126087399,6062115.838349857,661016.7928851099,6064361.218483644,29416,0.5862563775510204,20760,True,True,True,data\raw\SummerSchool_Subset\images\2025-05-18\layers\2025-05-18_B04.tif,data\raw\SummerSchool_Subset\images\2025-05-18\layers\2025-05-18_B03.tif,data\raw\SummerSchool_Subset\images\2025-05-18\layers\2025-05-18_B02.tif,data\raw\SummerSchool_Subset\images\2025-05-18\layers\2025-05-18_VV.tif,data\raw\SummerSchool_Subset\images\2025-05-18\layers\2025-05-18_VH.tif,data\raw\SummerSchool_Subset\masks\2025_05_18.tiff,0 1 2 3 255,27488,0.9344574381289096,12,0.000407941256459,1909,0.064896654881697,7,0.0002379657329344,1928,0.0655425618710905,train,mid,2
2025-05-18,2025-05-18_r0672_c0672,3,3,672,672,224,224,661016.7928851099,6062115.838349857,663263.1731614799,6064361.218483644,43145,0.8598732461734694,7031,True,True,True,data\raw\SummerSchool_Subset\images\2025-05-18\layers\2025-05-18_B04.tif,data\raw\SummerSchool_Subset\images\2025-05-18\layers\2025-05-18_B03.tif,data\raw\SummerSchool_Subset\images\2025-05-18\layers\2025-05-18_B02.tif,data\raw\SummerSchool_Subset\images\2025-05-18\layers\2025-05-18_VV.tif,data\raw\SummerSchool_Subset\images\2025-05-18\layers\2025-05-18_VH.tif,data\raw\SummerSchool_Subset\masks\2025_05_18.tiff,0 2,42763,0.9911461351257388,0,0.0,382,0.0088538648742612,0,0.0,382,0.0088538648742612,train,background/no algae,0
2025-05-18,2025-05-18_r0672_c0896,3,4,672,896,224,224,663263.1731614799,6062115.838349857,665509.5534378499,6064361.218483644,42015,0.8373525191326531,8161,True,True,True,data\raw\SummerSchool_Subset\images\2025-05-18\layers\2025-05-18_B04.tif,data\raw\SummerSchool_Subset\images\2025-05-18\layers\2025-05-18_B03.tif,data\raw\SummerSchool_Subset\images\2025-05-18\layers\2025-05-18_B02.tif,data\raw\SummerSchool_Subset\images\2025-05-18\layers\2025-05-18_VV.tif,data\raw\SummerSchool_Subset\images\2025-05-18\layers\2025-05-18_VH.tif,data\raw\SummerSchool_Subset\masks\2025_05_18.tiff,0 1 2 3 255,41149,0.979388313697489,3,7.140307033202428e-05,856,0.0203736760680709,7,0.000166607164108,866,0.020611686302511,train,mid,2
2025-05-18,2025-05-18_r0672_c1120,3,5,672,1120,224,224,665509.5534378499,6062115.838349857,667755.9337142198,6064361.218483644,41893,0.8349210778061225,8283,True,True,True,data\raw\SummerSchool_Subset\images\2025-05-18\layers\2025-05-18_B04.tif,data\raw\SummerSchool_Subset\images\2025-05-18\layers\2025-05-18_B03.tif,data\raw\SummerSchool_Subset\images\2025-05-18\layers\2025-05-18_B02.tif,data\raw\SummerSchool_Subset\images\2025-05-18\layers\2025-05-18_VV.tif,data\raw\SummerSchool_Subset\images\2025-05-18\layers\2025-05-18_VH.tif,data\raw\SummerSchool_Subset\masks\2025_05_18.tiff,0 2,41293,0.9856777982001766,0,0.0,600,0.0143222017998233,0,0.0,600,0.0143222017998233,train,mid,2
2025-05-18,2025-05-18_r0672_c1344,3,6,672,1344,224,224,667755.9337142198,6062115.838349857,670002.3139905898,6064361.218483644,38634,0.7699697066326531,11542,True,True,True,data\raw\SummerSchool_Subset\images\2025-05-18\layers\2025-05-18_B04.tif,data\raw\SummerSchool_Subset\images\2025-05-18\layers\2025-05-18_B03.tif,data\raw\SummerSchool_Subset\images\2025-05-18\layers\2025-05-18_B02.tif,data\raw\SummerSchool_Subset\images\2025-05-18\layers\2025-05-18_VV.tif,data\raw\SummerSchool_Subset\images\2025-05-18\layers\2025-05-18_VH.tif,data\raw\SummerSchool_Subset\masks\2025_05_18.tiff,0 2,37698,0.9757726355024072,0,0.0,936,0.0242273644975927,0,0.0,936,0.0242273644975927,train,mid,2
2025-05-18,2025-05-18_r0672_c1568,3,7,672,1568,224,224,670002.3139905898,6062115.838349857,672248.6942669598,6064361.218483644,39399,0.7852160395408163,10777,True,True,True,data\raw\SummerSchool_Subset\images\2025-05-18\layers\2025-05-18_B04.tif,data\raw\SummerSchool_Subset\images\2025-05-18\layers\2025-05-18_B03.tif,data\raw\SummerSchool_Subset\images\2025-05-18\layers\2025-05-18_B02.tif,data\raw\SummerSchool_Subset\images\2025-05-18\layers\2025-05-18_VV.tif,data\raw\SummerSchool_Subset\images\2025-05-18\layers\2025-05-18_VH.tif,data\raw\SummerSchool_Subset\masks\2025_05_18.tiff,0 2,38349,0.9733495774004416,0,0.0,1050,0.0266504225995583,0,0.0,1050,0.0266504225995583,train,mid,2
2025-05-18,2025-05-18_r0672_c1792,3,8,672,1792,224,224,672248.6942669598,6062115.838349857,674495.0745433298,6064361.218483644,40252,0.8022161989795918,9924,True,True,True,data\raw\SummerSchool_Subset\images\2025-05-18\layers\2025-05-18_B04.tif,data\raw\SummerSchool_Subset\images\2025-05-18\layers\2025-05-18_B03.tif,data\raw\SummerSchool_Subset\images\2025-05-18\layers\2025-05-18_B02.tif,data\raw\SummerSchool_Subset\images\2025-05-18\layers\2025-05-18_VV.tif,data\raw\SummerSchool_Subset\images\2025-05-18\layers\2025-05-18_VH.tif,data\raw\SummerSchool_Subset\masks\2025_05_18.tiff,0 2,39410,0.979081784756037,0,0.0,842,0.020918215243963,0,0.0,842,0.020918215243963,train,mid,2
2025-05-18,2025-05-18_r0672_c2016,3,9,672,2016,224,224,674495.0745433298,6062115.838349857,676741.4548196997,6064361.218483644,41347,0.8240393813775511,8829,True,True,True,data\raw\SummerSchool_Subset\images\2025-05-18\layers\2025-05-18_B04.tif,data\raw\SummerSchool_Subset\images\2025-05-18\layers\2025-05-18_B03.tif,data\raw\SummerSchool_Subset\images\2025-05-18\layers\2025-05-18_B02.tif,data\raw\SummerSchool_Subset\images\2025-05-18\layers\2025-05-18_VV.tif,data\raw\SummerSchool_Subset\images\2025-05-18\layers\2025-05-18_VH.tif,data\raw\SummerSchool_Subset\masks\2025_05_18.tiff,0 1 2 3 255,39469,0.9545795341862772,35,0.0008464943043026,1779,0.043026096210124,64,0.0015478752992962,1878,0.0454204658137228,train,mid,2
2025-05-18,2025-05-18_r0896_c0448,4,2,896,448,224,224,658770.4126087399,6059870.458216072,661016.7928851099,6062115.838349857,20669,0.411930006377551,29507,True,True,True,data\raw\SummerSchool_Subset\images\2025-05-18\layers\2025-05-18_B04.tif,data\raw\SummerSchool_Subset\images\2025-05-18\layers\2025-05-18_B03.tif,data\raw\SummerSchool_Subset\images\2025-05-18\layers\2025-05-18_B02.tif,data\raw\SummerSchool_Subset\images\2025-05-18\layers\2025-05-18_VV.tif,data\raw\SummerSchool_Subset\images\2025-05-18\layers\2025-05-18_VH.tif,data\raw\SummerSchool_Subset\masks\2025_05_18.tiff,0 1 2 3 255,19211,0.929459577144516,174,0.0084184043736997,1177,0.0569451836083022,107,0.005176834873482,1458,0.070540422855484,train,mid,2
2025-05-18,2025-05-18_r0896_c0672,4,3,896,672,224,224,661016.7928851099,6059870.458216072,663263.1731614799,6062115.838349857,42631,0.8496293048469388,7545,True,True,True,data\raw\SummerSchool_Subset\images\2025-05-18\layers\2025-05-18_B04.tif,data\raw\SummerSchool_Subset\images\2025-05-18\layers\2025-05-18_B03.tif,data\raw\SummerSchool_Subset\images\2025-05-18\layers\2025-05-18_B02.tif,data\raw\SummerSchool_Subset\images\2025-05-18\layers\2025-05-18_VV.tif,data\raw\SummerSchool_Subset\images\2025-05-18\layers\2025-05-18_VH.tif,data\raw\SummerSchool_Subset\masks\2025_05_18.tiff,0 2,42397,0.9945110365696324,0,0.0,234,0.0054889634303675,0,0.0,234,0.0054889634303675,train,background/no algae,0
2025-05-18,2025-05-18_r0896_c0896,4,4,896,896,224,224,663263.1731614799,6059870.458216072,665509.5534378499,6062115.838349857,41928,0.8356186224489796,8248,True,True,True,data\raw\SummerSchool_Subset\images\2025-05-18\layers\2025-05-18_B04.tif,data\raw\SummerSchool_Subset\images\2025-05-18\layers\2025-05-18_B03.tif,data\raw\SummerSchool_Subset\images\2025-05-18\layers\2025-05-18_B02.tif,data\raw\SummerSchool_Subset\images\2025-05-18\layers\2025-05-18_VV.tif,data\raw\SummerSchool_Subset\images\2025-05-18\layers\2025-05-18_VH.tif,data\raw\SummerSchool_Subset\masks\2025_05_18.tiff,0 2,41786,0.996613241747758,0,0.0,142,0.0033867582522419,0,0.0,142,0.0033867582522419,train,background/no algae,0
2025-05-18,2025-05-18_r0896_c1120,4,5,896,1120,224,224,665509.5534378499,6059870.458216072,667755.9337142198,6062115.838349857,41300,0.8231026785714286,8876,True,True,True,data\raw\SummerSchool_Subset\images\2025-05-18\layers\2025-05-18_B04.tif,data\raw\SummerSchool_Subset\images\2025-05-18\layers\2025-05-18_B03.tif,data\raw\SummerSchool_Subset\images\2025-05-18\layers\2025-05-18_B02.tif,data\raw\SummerSchool_Subset\images\2025-05-18\layers\2025-05-18_VV.tif,data\raw\SummerSchool_Subset\images\2025-05-18\layers\2025-05-18_VH.tif,data\raw\SummerSchool_Subset\masks\2025_05_18.tiff,0 2,41103,0.995230024213075,0,0.0,197,0.0047699757869249,0,0.0,197,0.0047699757869249,train,background/no algae,0
2025-05-18,2025-05-18_r0896_c1344,4,6,896,1344,224,224,667755.9337142198,6059870.458216072,670002.3139905898,6062115.838349857,38045,0.7582310267857143,12131,True,True,True,data\raw\SummerSchool_Subset\images\2025-05-18\layers\2025-05-18_B04.tif,data\raw\SummerSchool_Subset\images\2025-05-18\layers\2025-05-18_B03.tif,data\raw\SummerSchool_Subset\images\2025-05-18\layers\2025-05-18_B02.tif,data\raw\SummerSchool_Subset\images\2025-05-18\layers\2025-05-18_VV.tif,data\raw\SummerSchool_Subset\images\2025-05-18\layers\2025-05-18_VH.tif,data\raw\SummerSchool_Subset\masks\2025_05_18.tiff,0 2,37899,0.9961624392167172,0,0.0,146,0.0038375607832829,0,0.0,146,0.0038375607832829,train,background/no algae,0
2025-05-18,2025-05-18_r0896_c1568,4,7,896,1568,224,224,670002.3139905898,6059870.458216072,672248.6942669598,6062115.838349857,39931,0.7958187181122449,10245,True,True,True,data\raw\SummerSchool_Subset\images\2025-05-18\layers\2025-05-18_B04.tif,data\raw\SummerSchool_Subset\images\2025-05-18\layers\2025-05-18_B03.tif,data\raw\SummerSchool_Subset\images\2025-05-18\layers\2025-05-18_B02.tif,data\raw\SummerSchool_Subset\images\2025-05-18\layers\2025-05-18_VV.tif,data\raw\SummerSchool_Subset\images\2025-05-18\layers\2025-05-18_VH.tif,data\raw\SummerSchool_Subset\masks\2025_05_18.tiff,0 2,39686,0.9938644161178032,0,0.0,245,0.0061355838821967,0,0.0,245,0.0061355838821967,train,background/no algae,0
2025-05-18,2025-05-18_r0896_c1792,4,8,896,1792,224,224,672248.6942669598,6059870.458216072,674495.0745433298,6062115.838349857,41892,0.8349011479591837,8284,True,True,True,data\raw\SummerSchool_Subset\images\2025-05-18\layers\2025-05-18_B04.tif,data\raw\SummerSchool_Subset\images\2025-05-18\layers\2025-05-18_B03.tif,data\raw\SummerSchool_Subset\images\2025-05-18\layers\2025-05-18_B02.tif,data\raw\SummerSchool_Subset\images\2025-05-18\layers\2025-05-18_VV.tif,data\raw\SummerSchool_Subset\images\2025-05-18\layers\2025-05-18_VH.tif,data\raw\SummerSchool_Subset\masks\2025_05_18.tiff,0 2,41513,0.9909529265730928,0,0.0,379,0.0090470734269072,0,0.0,379,0.0090470734269072,train,background/no algae,0
2025-05-18,2025-05-18_r0896_c2016,4,9,896,2016,224,224,674495.0745433298,6059870.458216072,676741.4548196997,6062115.838349857,18451,0.3677256058673469,31725,True,True,True,data\raw\SummerSchool_Subset\images\2025-05-18\layers\2025-05-18_B04.tif,data\raw\SummerSchool_Subset\images\2025-05-18\layers\2025-05-18_B03.tif,data\raw\SummerSchool_Subset\images\2025-05-18\layers\2025-05-18_B02.tif,data\raw\SummerSchool_Subset\images\2025-05-18\layers\2025-05-18_VV.tif,data\raw\SummerSchool_Subset\images\2025-05-18\layers\2025-05-18_VH.tif,data\raw\SummerSchool_Subset\masks\2025_05_18.tiff,0 1 2 3 255,15512,0.840713240474771,55,0.0029808682456235,2584,0.1400466099398406,300,0.0162592813397647,2939,0.1592867595252289,train,high,3
2025-05-18,2025-05-18_r1120_c0672,5,3,1120,672,224,224,661016.7928851099,6057625.078082287,663263.1731614799,6059870.458216072,41194,0.8209901147959183,8982,True,True,True,data\raw\SummerSchool_Subset\images\2025-05-18\layers\2025-05-18_B04.tif,data\raw\SummerSchool_Subset\images\2025-05-18\layers\2025-05-18_B03.tif,data\raw\SummerSchool_Subset\images\2025-05-18\layers\2025-05-18_B02.tif,data\raw\SummerSchool_Subset\images\2025-05-18\layers\2025-05-18_VV.tif,data\raw\SummerSchool_Subset\images\2025-05-18\layers\2025-05-18_VH.tif,data\raw\SummerSchool_Subset\masks\2025_05_18.tiff,0 1 2 3 255,40502,0.9832014371024906,19,0.0004612322182842,561,0.0136184881293392,112,0.0027188425498859,692,0.0167985628975093,train,mid,2
2025-05-18,2025-05-18_r1120_c0896,5,4,1120,896,224,224,663263.1731614799,6057625.078082287,665509.5534378499,6059870.458216072,41818,0.8334263392857143,8358,True,True,True,data\raw\SummerSchool_Subset\images\2025-05-18\layers\2025-05-18_B04.tif,data\raw\SummerSchool_Subset\images\2025-05-18\layers\2025-05-18_B03.tif,data\raw\SummerSchool_Subset\images\2025-05-18\layers\2025-05-18_B02.tif,data\raw\SummerSchool_Subset\images\2025-05-18\layers\2025-05-18_VV.tif,data\raw\SummerSchool_Subset\images\2025-05-18\layers\2025-05-18_VH.tif,data\raw\SummerSchool_Subset\masks\2025_05_18.tiff,0 2,41467,0.991606485245588,0,0.0,351,0.0083935147544119,0,0.0,351,0.0083935147544119,train,background/no algae,0
2025-05-18,2025-05-18_r1120_c1120,5,5,1120,1120,224,224,665509.5534378499,6057625.078082287,667755.9337142198,6059870.458216072,41035,0.8178212691326531,9141,True,True,True,data\raw\SummerSchool_Subset\images\2025-05-18\layers\2025-05-18_B04.tif,data\raw\SummerSchool_Subset\images\2025-05-18\layers\2025-05-18_B03.tif,data\raw\SummerSchool_Subset\images\2025-05-18\layers\2025-05-18_B02.tif,data\raw\SummerSchool_Subset\images\2025-05-18\layers\2025-05-18_VV.tif,data\raw\SummerSchool_Subset\images\2025-05-18\layers\2025-05-18_VH.tif,data\raw\SummerSchool_Subset\masks\2025_05_18.tiff,0 2,40564,0.988521993420251,0,0.0,471,0.0114780065797489,0,0.0,471,0.0114780065797489,train,mid,2
2025-05-18,2025-05-18_r1120_c1344,5,6,1120,1344,224,224,667755.9337142198,6057625.078082287,670002.3139905898,6059870.458216072,39422,0.7856744260204082,10754,True,True,True,data\raw\SummerSchool_Subset\images\2025-05-18\layers\2025-05-18_B04.tif,data\raw\SummerSchool_Subset\images\2025-05-18\layers\2025-05-18_B03.tif,data\raw\SummerSchool_Subset\images\2025-05-18\layers\2025-05-18_B02.tif,data\raw\SummerSchool_Subset\images\2025-05-18\layers\2025-05-18_VV.tif,data\raw\SummerSchool_Subset\images\2025-05-18\layers\2025-05-18_VH.tif,data\raw\SummerSchool_Subset\masks\2025_05_18.tiff,0 2,39348,0.9981228755517224,0,0.0,74,0.0018771244482776,0,0.0,74,0.0018771244482776,train,background/no algae,0
2025-05-18,2025-05-18_r1120_c1568,5,7,1120,1568,224,224,670002.3139905898,6057625.078082287,672248.6942669598,6059870.458216072,40367,0.8045081313775511,9809,True,True,True,data\raw\SummerSchool_Subset\images\2025-05-18\layers\2025-05-18_B04.tif,data\raw\SummerSchool_Subset\images\2025-05-18\layers\2025-05-18_B03.tif,data\raw\SummerSchool_Subset\images\2025-05-18\layers\2025-05-18_B02.tif,data\raw\SummerSchool_Subset\images\2025-05-18\layers\2025-05-18_VV.tif,data\raw\SummerSchool_Subset\images\2025-05-18\layers\2025-05-18_VH.tif,data\raw\SummerSchool_Subset\masks\2025_05_18.tiff,0 2,40257,0.9972750018579531,0,0.0,110,0.0027249981420467,0,0.0,110,0.0027249981420467,train,background/no algae,0
2025-05-18,2025-05-18_r1120_c1792,5,8,1120,1792,224,224,672248.6942669598,6057625.078082287,674495.0745433298,6059870.458216072,37832,0.7539859693877551,12344,True,True,True,data\raw\SummerSchool_Subset\images\2025-05-18\layers\2025-05-18_B04.tif,data\raw\SummerSchool_Subset\images\2025-05-18\layers\2025-05-18_B03.tif,data\raw\SummerSchool_Subset\images\2025-05-18\layers\2025-05-18_B02.tif,data\raw\SummerSchool_Subset\images\2025-05-18\layers\2025-05-18_VV.tif,data\raw\SummerSchool_Subset\images\2025-05-18\layers\2025-05-18_VH.tif,data\raw\SummerSchool_Subset\masks\2025_05_18.tiff,0 1 2 3 255,35108,0.9279974624656376,8,0.0002114611968703,2319,0.0612973144427997,397,0.0104937618946923,2724,0.0720025375343624,train,high,3
2025-05-18,2025-05-18_r1344_c0672,6,3,1344,672,224,224,661016.7928851099,6055379.6979485005,663263.1731614799,6057625.078082287,43004,0.857063137755102,7172,True,True,True,data\raw\SummerSchool_Subset\images\2025-05-18\layers\2025-05-18_B04.tif,data\raw\SummerSchool_Subset\images\2025-05-18\layers\2025-05-18_B03.tif,data\raw\SummerSchool_Subset\images\2025-05-18\layers\2025-05-18_B02.tif,data\raw\SummerSchool_Subset\images\2025-05-18\layers\2025-05-18_VV.tif,data\raw\SummerSchool_Subset\images\2025-05-18\layers\2025-05-18_VH.tif,data\raw\SummerSchool_Subset\masks\2025_05_18.tiff,0 1 2 3 255,41873,0.9737001209189844,52,0.0012091898428053,892,0.0207422565342758,187,0.0043484327039345,1131,0.0262998790810157,train,mid,2
2025-05-18,2025-05-18_r1344_c0896,6,4,1344,896,224,224,663263.1731614799,6055379.6979485005,665509.5534378499,6057625.078082287,43659,0.8701171875,6517,True,True,True,data\raw\SummerSchool_Subset\images\2025-05-18\layers\2025-05-18_B04.tif,data\raw\SummerSchool_Subset\images\2025-05-18\layers\2025-05-18_B03.tif,data\raw\SummerSchool_Subset\images\2025-05-18\layers\2025-05-18_B02.tif,data\raw\SummerSchool_Subset\images\2025-05-18\layers\2025-05-18_VV.tif,data\raw\SummerSchool_Subset\images\2025-05-18\layers\2025-05-18_VH.tif,data\raw\SummerSchool_Subset\masks\2025_05_18.tiff,0 2,43281,0.9913419913419912,0,0.0,378,0.0086580086580086,0,0.0,378,0.0086580086580086,train,background/no algae,0
2025-05-18,2025-05-18_r1344_c1120,6,5,1344,1120,224,224,665509.5534378499,6055379.6979485005,667755.9337142198,6057625.078082287,42353,0.8440888073979592,7823,True,True,True,data\raw\SummerSchool_Subset\images\2025-05-18\layers\2025-05-18_B04.tif,data\raw\SummerSchool_Subset\images\2025-05-18\layers\2025-05-18_B03.tif,data\raw\SummerSchool_Subset\images\2025-05-18\layers\2025-05-18_B02.tif,data\raw\SummerSchool_Subset\images\2025-05-18\layers\2025-05-18_VV.tif,data\raw\SummerSchool_Subset\images\2025-05-18\layers\2025-05-18_VH.tif,data\raw\SummerSchool_Subset\masks\2025_05_18.tiff,0 2,41932,0.9900597360281445,0,0.0,421,0.0099402639718555,0,0.0,421,0.0099402639718555,train,background/no algae,0
2025-05-18,2025-05-18_r1344_c1344,6,6,1344,1344,224,224,667755.9337142198,6055379.6979485005,670002.3139905898,6057625.078082287,41783,0.8327287946428571,8393,True,True,True,data\raw\SummerSchool_Subset\images\2025-05-18\layers\2025-05-18_B04.tif,data\raw\SummerSchool_Subset\images\2025-05-18\layers\2025-05-18_B03.tif,data\raw\SummerSchool_Subset\images\2025-05-18\layers\2025-05-18_B02.tif,data\raw\SummerSchool_Subset\images\2025-05-18\layers\2025-05-18_VV.tif,data\raw\SummerSchool_Subset\images\2025-05-18\layers\2025-05-18_VH.tif,data\raw\SummerSchool_Subset\masks\2025_05_18.tiff,0 2,41693,0.99784601392911,0,0.0,90,0.00215398607089,0,0.0,90,0.00215398607089,train,background/no algae,0
2025-05-18,2025-05-18_r1344_c1568,6,7,1344,1568,224,224,670002.3139905898,6055379.6979485005,672248.6942669598,6057625.078082287,40904,0.8152104591836735,9272,True,True,True,data\raw\SummerSchool_Subset\images\2025-05-18\layers\2025-05-18_B04.tif,data\raw\SummerSchool_Subset\images\2025-05-18\layers\2025-05-18_B03.tif,data\raw\SummerSchool_Subset\images\2025-05-18\layers\2025-05-18_B02.tif,data\raw\SummerSchool_Subset\images\2025-05-18\layers\2025-05-18_VV.tif,data\raw\SummerSchool_Subset\images\2025-05-18\layers\2025-05-18_VH.tif,data\raw\SummerSchool_Subset\masks\2025_05_18.tiff,0 1 2,40825,0.9980686485429298,0,0.0,79,0.0019313514570702,0,0.0,79,0.0019313514570702,train,background/no algae,0
2025-05-18,2025-05-18_r1344_c1792,6,8,1344,1792,224,224,672248.6942669598,6055379.6979485005,674495.0745433298,6057625.078082287,30598,0.6098134566326531,19578,True,True,True,data\raw\SummerSchool_Subset\images\2025-05-18\layers\2025-05-18_B04.tif,data\raw\SummerSchool_Subset\images\2025-05-18\layers\2025-05-18_B03.tif,data\raw\SummerSchool_Subset\images\2025-05-18\layers\2025-05-18_B02.tif,data\raw\SummerSchool_Subset\images\2025-05-18\layers\2025-05-18_VV.tif,data\raw\SummerSchool_Subset\images\2025-05-18\layers\2025-05-18_VH.tif,data\raw\SummerSchool_Subset\masks\2025_05_18.tiff,0 1 2 3 255,28145,0.9198313615268972,11,0.0003595006209556,2175,0.0710830773253153,267,0.0087260605268318,2453,0.0801686384731028,train,mid,2
2025-05-18,2025-05-18_r1568_c0672,7,3,1568,672,224,224,661016.7928851099,6053134.317814715,663263.1731614799,6055379.6979485005,44021,0.8773317920918368,6155,True,True,True,data\raw\SummerSchool_Subset\images\2025-05-18\layers\2025-05-18_B04.tif,data\raw\SummerSchool_Subset\images\2025-05-18\layers\2025-05-18_B03.tif,data\raw\SummerSchool_Subset\images\2025-05-18\layers\2025-05-18_B02.tif,data\raw\SummerSchool_Subset\images\2025-05-18\layers\2025-05-18_VV.tif,data\raw\SummerSchool_Subset\images\2025-05-18\layers\2025-05-18_VH.tif,data\raw\SummerSchool_Subset\masks\2025_05_18.tiff,0 1 2 3 255,43622,0.990936144113037,5,0.0001135821539719,360,0.0081779150859816,34,0.0007723586470093,399,0.009063855886963,train,background/no algae,0
2025-05-18,2025-05-18_r1568_c0896,7,4,1568,896,224,224,663263.1731614799,6053134.317814715,665509.5534378499,6055379.6979485005,43819,0.8733059630102041,6357,True,True,True,data\raw\SummerSchool_Subset\images\2025-05-18\layers\2025-05-18_B04.tif,data\raw\SummerSchool_Subset\images\2025-05-18\layers\2025-05-18_B03.tif,data\raw\SummerSchool_Subset\images\2025-05-18\layers\2025-05-18_B02.tif,data\raw\SummerSchool_Subset\images\2025-05-18\layers\2025-05-18_VV.tif,data\raw\SummerSchool_Subset\images\2025-05-18\layers\2025-05-18_VH.tif,data\raw\SummerSchool_Subset\masks\2025_05_18.tiff,0 2,43270,0.987471188297314,0,0.0,549,0.012528811702686,0,0.0,549,0.012528811702686,train,mid,2
2025-05-18,2025-05-18_r1568_c1120,7,5,1568,1120,224,224,665509.5534378499,6053134.317814715,667755.9337142198,6055379.6979485005,43088,0.8587372448979592,7088,True,True,True,data\raw\SummerSchool_Subset\images\2025-05-18\layers\2025-05-18_B04.tif,data\raw\SummerSchool_Subset\images\2025-05-18\layers\2025-05-18_B03.tif,data\raw\SummerSchool_Subset\images\2025-05-18\layers\2025-05-18_B02.tif,data\raw\SummerSchool_Subset\images\2025-05-18\layers\2025-05-18_VV.tif,data\raw\SummerSchool_Subset\images\2025-05-18\layers\2025-05-18_VH.tif,data\raw\SummerSchool_Subset\masks\2025_05_18.tiff,0 2,42469,0.985634051243966,0,0.0,619,0.0143659487560341,0,0.0,619,0.0143659487560341,train,mid,2
2025-05-18,2025-05-18_r1568_c1344,7,6,1568,1344,224,224,667755.9337142198,6053134.317814715,670002.3139905898,6055379.6979485005,42541,0.8478356186224489,7635,True,True,True,data\raw\SummerSchool_Subset\images\2025-05-18\layers\2025-05-18_B04.tif,data\raw\SummerSchool_Subset\images\2025-05-18\layers\2025-05-18_B03.tif,data\raw\SummerSchool_Subset\images\2025-05-18\layers\2025-05-18_B02.tif,data\raw\SummerSchool_Subset\images\2025-05-18\layers\2025-05-18_VV.tif,data\raw\SummerSchool_Subset\images\2025-05-18\layers\2025-05-18_VH.tif,data\raw\SummerSchool_Subset\masks\2025_05_18.tiff,0 2,42348,0.9954632002068592,0,0.0,193,0.0045367997931407,0,0.0,193,0.0045367997931407,train,background/no algae,0
2025-05-18,2025-05-18_r1568_c1568,7,7,1568,1568,224,224,670002.3139905898,6053134.317814715,672248.6942669598,6055379.6979485005,42833,0.8536551339285714,7343,True,True,True,data\raw\SummerSchool_Subset\images\2025-05-18\layers\2025-05-18_B04.tif,data\raw\SummerSchool_Subset\images\2025-05-18\layers\2025-05-18_B03.tif,data\raw\SummerSchool_Subset\images\2025-05-18\layers\2025-05-18_B02.tif,data\raw\SummerSchool_Subset\images\2025-05-18\layers\2025-05-18_VV.tif,data\raw\SummerSchool_Subset\images\2025-05-18\layers\2025-05-18_VH.tif,data\raw\SummerSchool_Subset\masks\2025_05_18.tiff,0 2,42760,0.998295706581374,0,0.0,73,0.0017042934186258,0,0.0,73,0.0017042934186258,train,background/no algae,0
2025-05-18,2025-05-18_r1568_c1792,7,8,1568,1792,224,224,672248.6942669598,6053134.317814715,674495.0745433298,6055379.6979485005,35374,0.7049984056122449,14802,True,True,True,data\raw\SummerSchool_Subset\images\2025-05-18\layers\2025-05-18_B04.tif,data\raw\SummerSchool_Subset\images\2025-05-18\layers\2025-05-18_B03.tif,data\raw\SummerSchool_Subset\images\2025-05-18\layers\2025-05-18_B02.tif,data\raw\SummerSchool_Subset\images\2025-05-18\layers\2025-05-18_VV.tif,data\raw\SummerSchool_Subset\images\2025-05-18\layers\2025-05-18_VH.tif,data\raw\SummerSchool_Subset\masks\2025_05_18.tiff,0 1 2 3 255,34008,0.9613840673941312,100,0.0028269350370328,1026,0.029004353479957,240,0.0067846440888788,1366,0.0386159326058687,train,mid,2
2025-05-18,2025-05-18_r1568_c2016,7,9,1568,2016,224,224,674495.0745433298,6053134.317814715,676741.4548196997,6055379.6979485005,31541,0.6286073022959183,18635,True,True,True,data\raw\SummerSchool_Subset\images\2025-05-18\layers\2025-05-18_B04.tif,data\raw\SummerSchool_Subset\images\2025-05-18\layers\2025-05-18_B03.tif,data\raw\SummerSchool_Subset\images\2025-05-18\layers\2025-05-18_B02.tif,data\raw\SummerSchool_Subset\images\2025-05-18\layers\2025-05-18_VV.tif,data\raw\SummerSchool_Subset\images\2025-05-18\layers\2025-05-18_VH.tif,data\raw\SummerSchool_Subset\masks\2025_05_18.tiff,0 1 2 3 255,25375,0.8045084176151676,485,0.0153768111347135,5004,0.1586506451919723,677,0.0214641260581465,6166,0.1954915823848324,train,high,3
2025-05-18,2025-05-18_r1792_c0448,8,2,1792,448,224,224,658770.4126087399,6050888.937680929,661016.7928851099,6053134.317814715,29565,0.589225924744898,20611,True,True,True,data\raw\SummerSchool_Subset\images\2025-05-18\layers\2025-05-18_B04.tif,data\raw\SummerSchool_Subset\images\2025-05-18\layers\2025-05-18_B03.tif,data\raw\SummerSchool_Subset\images\2025-05-18\layers\2025-05-18_B02.tif,data\raw\SummerSchool_Subset\images\2025-05-18\layers\2025-05-18_VV.tif,data\raw\SummerSchool_Subset\images\2025-05-18\layers\2025-05-18_VH.tif,data\raw\SummerSchool_Subset\masks\2025_05_18.tiff,0 1 2 3 255,26539,0.8976492474209369,102,0.0034500253678335,2771,0.0937256891594791,153,0.0051750380517503,3026,0.102350752579063,train,mid,2
2025-05-18,2025-05-18_r1792_c0672,8,3,1792,672,224,224,661016.7928851099,6050888.937680929,663263.1731614799,6053134.317814715,42795,0.852897799744898,7381,True,True,True,data\raw\SummerSchool_Subset\images\2025-05-18\layers\2025-05-18_B04.tif,data\raw\SummerSchool_Subset\images\2025-05-18\layers\2025-05-18_B03.tif,data\raw\SummerSchool_Subset\images\2025-05-18\layers\2025-05-18_B02.tif,data\raw\SummerSchool_Subset\images\2025-05-18\layers\2025-05-18_VV.tif,data\raw\SummerSchool_Subset\images\2025-05-18\layers\2025-05-18_VH.tif,data\raw\SummerSchool_Subset\masks\2025_05_18.tiff,0 2,42538,0.9939946255403668,0,0.0,257,0.0060053744596331,0,0.0,257,0.0060053744596331,train,background/no algae,0
2025-05-18,2025-05-18_r1792_c0896,8,4,1792,896,224,224,663263.1731614799,6050888.937680929,665509.5534378499,6053134.317814715,42678,0.8505660076530612,7498,True,True,True,data\raw\SummerSchool_Subset\images\2025-05-18\layers\2025-05-18_B04.tif,data\raw\SummerSchool_Subset\images\2025-05-18\layers\2025-05-18_B03.tif,data\raw\SummerSchool_Subset\images\2025-05-18\layers\2025-05-18_B02.tif,data\raw\SummerSchool_Subset\images\2025-05-18\layers\2025-05-18_VV.tif,data\raw\SummerSchool_Subset\images\2025-05-18\layers\2025-05-18_VH.tif,data\raw\SummerSchool_Subset\masks\2025_05_18.tiff,0 2,42053,0.9853554524579408,0,0.0,625,0.0146445475420591,0,0.0,625,0.0146445475420591,train,mid,2
2025-05-18,2025-05-18_r1792_c1120,8,5,1792,1120,224,224,665509.5534378499,6050888.937680929,667755.9337142198,6053134.317814715,42392,0.8448660714285714,7784,True,True,True,data\raw\SummerSchool_Subset\images\2025-05-18\layers\2025-05-18_B04.tif,data\raw\SummerSchool_Subset\images\2025-05-18\layers\2025-05-18_B03.tif,data\raw\SummerSchool_Subset\images\2025-05-18\layers\2025-05-18_B02.tif,data\raw\SummerSchool_Subset\images\2025-05-18\layers\2025-05-18_VV.tif,data\raw\SummerSchool_Subset\images\2025-05-18\layers\2025-05-18_VH.tif,data\raw\SummerSchool_Subset\masks\2025_05_18.tiff,0 2,40362,0.952113606340819,0,0.0,2030,0.0478863936591809,0,0.0,2030,0.0478863936591809,train,mid,2
2025-05-18,2025-05-18_r1792_c1344,8,6,1792,1344,224,224,667755.9337142198,6050888.937680929,670002.3139905898,6053134.317814715,42370,0.8444276147959183,7806,True,True,True,data\raw\SummerSchool_Subset\images\2025-05-18\layers\2025-05-18_B04.tif,data\raw\SummerSchool_Subset\images\2025-05-18\layers\2025-05-18_B03.tif,data\raw\SummerSchool_Subset\images\2025-05-18\layers\2025-05-18_B02.tif,data\raw\SummerSchool_Subset\images\2025-05-18\layers\2025-05-18_VV.tif,data\raw\SummerSchool_Subset\images\2025-05-18\layers\2025-05-18_VH.tif,data\raw\SummerSchool_Subset\masks\2025_05_18.tiff,0 2,41942,0.9898985130988908,0,0.0,428,0.0101014869011092,0,0.0,428,0.0101014869011092,train,mid,2
2025-05-18,2025-05-18_r1792_c1568,8,7,1792,1568,224,224,670002.3139905898,6050888.937680929,672248.6942669598,6053134.317814715,43399,0.8649354272959183,6777,True,True,True,data\raw\SummerSchool_Subset\images\2025-05-18\layers\2025-05-18_B04.tif,data\raw\SummerSchool_Subset\images\2025-05-18\layers\2025-05-18_B03.tif,data\raw\SummerSchool_Subset\images\2025-05-18\layers\2025-05-18_B02.tif,data\raw\SummerSchool_Subset\images\2025-05-18\layers\2025-05-18_VV.tif,data\raw\SummerSchool_Subset\images\2025-05-18\layers\2025-05-18_VH.tif,data\raw\SummerSchool_Subset\masks\2025_05_18.tiff,0 2,43336,0.9985483536487016,0,0.0,63,0.0014516463512984,0,0.0,63,0.0014516463512984,train,background/no algae,0
2025-05-18,2025-05-18_r1792_c1792,8,8,1792,1792,224,224,672248.6942669598,6050888.937680929,674495.0745433298,6053134.317814715,42823,0.8534558354591837,7353,True,True,True,data\raw\SummerSchool_Subset\images\2025-05-18\layers\2025-05-18_B04.tif,data\raw\SummerSchool_Subset\images\2025-05-18\layers\2025-05-18_B03.tif,data\raw\SummerSchool_Subset\images\2025-05-18\layers\2025-05-18_B02.tif,data\raw\SummerSchool_Subset\images\2025-05-18\layers\2025-05-18_VV.tif,data\raw\SummerSchool_Subset\images\2025-05-18\layers\2025-05-18_VH.tif,data\raw\SummerSchool_Subset\masks\2025_05_18.tiff,0 1 2 3 255,42088,0.9828363262732644,37,0.0008640216705975,582,0.0135908273591294,116,0.0027088246970086,735,0.0171636737267356,train,mid,2
2025-05-18,2025-05-18_r1792_c2016,8,9,1792,2016,224,224,674495.0745433298,6050888.937680929,676741.4548196997,6053134.317814715,37102,0.7394371811224489,13074,True,True,True,data\raw\SummerSchool_Subset\images\2025-05-18\layers\2025-05-18_B04.tif,data\raw\SummerSchool_Subset\images\2025-05-18\layers\2025-05-18_B03.tif,data\raw\SummerSchool_Subset\images\2025-05-18\layers\2025-05-18_B02.tif,data\raw\SummerSchool_Subset\images\2025-05-18\layers\2025-05-18_VV.tif,data\raw\SummerSchool_Subset\images\2025-05-18\layers\2025-05-18_VH.tif,data\raw\SummerSchool_Subset\masks\2025_05_18.tiff,0 1 2 3 255,33662,0.9072826262735164,263,0.0070885666540887,2747,0.0740391353565845,430,0.0115896717158104,3440,0.0927173737264837,train,high,3
2025-05-18,2025-05-18_r2016_c0224,9,1,2016,224,224,224,656524.0323323699,6048643.557547144,658770.4126087399,6050888.937680929,29766,0.5932318239795918,20410,True,True,True,data\raw\SummerSchool_Subset\images\2025-05-18\layers\2025-05-18_B04.tif,data\raw\SummerSchool_Subset\images\2025-05-18\layers\2025-05-18_B03.tif,data\raw\SummerSchool_Subset\images\2025-05-18\layers\2025-05-18_B02.tif,data\raw\SummerSchool_Subset\images\2025-05-18\layers\2025-05-18_VV.tif,data\raw\SummerSchool_Subset\images\2025-05-18\layers\2025-05-18_VH.tif,data\raw\SummerSchool_Subset\masks\2025_05_18.tiff,0 1 2 3 255,26383,0.8863468386749983,119,0.0039978498958543,3079,0.1034401666330712,185,0.006215144796076,3383,0.1136531613250016,train,mid,2
2025-05-18,2025-05-18_r2016_c0448,9,2,2016,448,224,224,658770.4126087399,6048643.557547144,661016.7928851099,6050888.937680929,41708,0.8312340561224489,8468,True,True,True,data\raw\SummerSchool_Subset\images\2025-05-18\layers\2025-05-18_B04.tif,data\raw\SummerSchool_Subset\images\2025-05-18\layers\2025-05-18_B03.tif,data\raw\SummerSchool_Subset\images\2025-05-18\layers\2025-05-18_B02.tif,data\raw\SummerSchool_Subset\images\2025-05-18\layers\2025-05-18_VV.tif,data\raw\SummerSchool_Subset\images\2025-05-18\layers\2025-05-18_VH.tif,data\raw\SummerSchool_Subset\masks\2025_05_18.tiff,0 2,40756,0.9771746427543876,0,0.0,952,0.0228253572456123,0,0.0,952,0.0228253572456123,train,mid,2
2025-05-18,2025-05-18_r2016_c0672,9,3,2016,672,224,224,661016.7928851099,6048643.557547144,663263.1731614799,6050888.937680929,41077,0.8186583227040817,9099,True,True,True,data\raw\SummerSchool_Subset\images\2025-05-18\layers\2025-05-18_B04.tif,data\raw\SummerSchool_Subset\images\2025-05-18\layers\2025-05-18_B03.tif,data\raw\SummerSchool_Subset\images\2025-05-18\layers\2025-05-18_B02.tif,data\raw\SummerSchool_Subset\images\2025-05-18\layers\2025-05-18_VV.tif,data\raw\SummerSchool_Subset\images\2025-05-18\layers\2025-05-18_VH.tif,data\raw\SummerSchool_Subset\masks\2025_05_18.tiff,0 2,40240,0.9796236336636074,0,0.0,837,0.0203763663363926,0,0.0,837,0.0203763663363926,train,mid,2
2025-05-18,2025-05-18_r2016_c0896,9,4,2016,896,224,224,663263.1731614799,6048643.557547144,665509.5534378499,6050888.937680929,41191,0.820930325255102,8985,True,True,True,data\raw\SummerSchool_Subset\images\2025-05-18\layers\2025-05-18_B04.tif,data\raw\SummerSchool_Subset\images\2025-05-18\layers\2025-05-18_B03.tif,data\raw\SummerSchool_Subset\images\2025-05-18\layers\2025-05-18_B02.tif,data\raw\SummerSchool_Subset\images\2025-05-18\layers\2025-05-18_VV.tif,data\raw\SummerSchool_Subset\images\2025-05-18\layers\2025-05-18_VH.tif,data\raw\SummerSchool_Subset\masks\2025_05_18.tiff,0 2,40787,0.9901920322400524,0,0.0,404,0.0098079677599475,0,0.0,404,0.0098079677599475,train,background/no algae,0
2025-05-18,2025-05-18_r2016_c1120,9,5,2016,1120,224,224,665509.5534378499,6048643.557547144,667755.9337142198,6050888.937680929,41687,0.8308155293367347,8489,True,True,True,data\raw\SummerSchool_Subset\images\2025-05-18\layers\2025-05-18_B04.tif,data\raw\SummerSchool_Subset\images\2025-05-18\layers\2025-05-18_B03.tif,data\raw\SummerSchool_Subset\images\2025-05-18\layers\2025-05-18_B02.tif,data\raw\SummerSchool_Subset\images\2025-05-18\layers\2025-05-18_VV.tif,data\raw\SummerSchool_Subset\images\2025-05-18\layers\2025-05-18_VH.tif,data\raw\SummerSchool_Subset\masks\2025_05_18.tiff,0 1 2,41476,0.994938470026627,12,0.000287859524552,199,0.0047736704488209,0,0.0,211,0.0050615299733729,train,background/no algae,0
2025-05-18,2025-05-18_r2016_c1344,9,6,2016,1344,224,224,667755.9337142198,6048643.557547144,670002.3139905898,6050888.937680929,41485,0.826789700255102,8691,True,True,True,data\raw\SummerSchool_Subset\images\2025-05-18\layers\2025-05-18_B04.tif,data\raw\SummerSchool_Subset\images\2025-05-18\layers\2025-05-18_B03.tif,data\raw\SummerSchool_Subset\images\2025-05-18\layers\2025-05-18_B02.tif,data\raw\SummerSchool_Subset\images\2025-05-18\layers\2025-05-18_VV.tif,data\raw\SummerSchool_Subset\images\2025-05-18\layers\2025-05-18_VH.tif,data\raw\SummerSchool_Subset\masks\2025_05_18.tiff,0 2,41429,0.9986501144992166,0,0.0,56,0.0013498855007834,0,0.0,56,0.0013498855007834,train,background/no algae,0
2025-05-18,2025-05-18_r2016_c1568,9,7,2016,1568,224,224,670002.3139905898,6048643.557547144,672248.6942669598,6050888.937680929,42815,0.8532963966836735,7361,True,True,True,data\raw\SummerSchool_Subset\images\2025-05-18\layers\2025-05-18_B04.tif,data\raw\SummerSchool_Subset\images\2025-05-18\layers\2025-05-18_B03.tif,data\raw\SummerSchool_Subset\images\2025-05-18\layers\2025-05-18_B02.tif,data\raw\SummerSchool_Subset\images\2025-05-18\layers\2025-05-18_VV.tif,data\raw\SummerSchool_Subset\images\2025-05-18\layers\2025-05-18_VH.tif,data\raw\SummerSchool_Subset\masks\2025_05_18.tiff,0 2,42679,0.9968235431507648,0,0.0,136,0.003176456849235,0,0.0,136,0.003176456849235,train,background/no algae,0
2025-05-18,2025-05-18_r2016_c1792,9,8,2016,1792,224,224,672248.6942669598,6048643.557547144,674495.0745433298,6050888.937680929,29016,0.5782844387755102,21160,True,True,True,data\raw\SummerSchool_Subset\images\2025-05-18\layers\2025-05-18_B04.tif,data\raw\SummerSchool_Subset\images\2025-05-18\layers\2025-05-18_B03.tif,data\raw\SummerSchool_Subset\images\2025-05-18\layers\2025-05-18_B02.tif,data\raw\SummerSchool_Subset\images\2025-05-18\layers\2025-05-18_VV.tif,data\raw\SummerSchool_Subset\images\2025-05-18\layers\2025-05-18_VH.tif,data\raw\SummerSchool_Subset\masks\2025_05_18.tiff,0 1 2 3 255,26688,0.9197684036393714,47,0.0016197959746346,2009,0.0692376619795974,272,0.0093741384063964,2328,0.0802315963606286,train,mid,2
2025-05-18,2025-05-18_r2240_c0000,10,0,2240,0,224,224,654277.652056,6046398.177413358,656524.0323323699,6048643.557547144,22980,0.4579878826530612,27196,True,True,True,data\raw\SummerSchool_Subset\images\2025-05-18\layers\2025-05-18_B04.tif,data\raw\SummerSchool_Subset\images\2025-05-18\layers\2025-05-18_B03.tif,data\raw\SummerSchool_Subset\images\2025-05-18\layers\2025-05-18_B02.tif,data\raw\SummerSchool_Subset\images\2025-05-18\layers\2025-05-18_VV.tif,data\raw\SummerSchool_Subset\images\2025-05-18\layers\2025-05-18_VH.tif,data\raw\SummerSchool_Subset\masks\2025_05_18.tiff,0 1 2 3 255,18697,0.8136205395996519,401,0.017449956483899,3774,0.1642297650130548,108,0.0046997389033942,4283,0.1863794604003481,train,mid,2
2025-05-18,2025-05-18_r2240_c0224,10,1,2240,224,224,224,656524.0323323699,6046398.177413358,658770.4126087399,6048643.557547144,42028,0.8376116071428571,8148,True,True,True,data\raw\SummerSchool_Subset\images\2025-05-18\layers\2025-05-18_B04.tif,data\raw\SummerSchool_Subset\images\2025-05-18\layers\2025-05-18_B03.tif,data\raw\SummerSchool_Subset\images\2025-05-18\layers\2025-05-18_B02.tif,data\raw\SummerSchool_Subset\images\2025-05-18\layers\2025-05-18_VV.tif,data\raw\SummerSchool_Subset\images\2025-05-18\layers\2025-05-18_VH.tif,data\raw\SummerSchool_Subset\masks\2025_05_18.tiff,0 2,41235,0.9811316265346912,0,0.0,793,0.0188683734653088,0,0.0,793,0.0188683734653088,train,mid,2
2025-05-18,2025-05-18_r2240_c0448,10,2,2240,448,224,224,658770.4126087399,6046398.177413358,661016.7928851099,6048643.557547144,41427,0.8256337691326531,8749,True,True,True,data\raw\SummerSchool_Subset\images\2025-05-18\layers\2025-05-18_B04.tif,data\raw\SummerSchool_Subset\images\2025-05-18\layers\2025-05-18_B03.tif,data\raw\SummerSchool_Subset\images\2025-05-18\layers\2025-05-18_B02.tif,data\raw\SummerSchool_Subset\images\2025-05-18\layers\2025-05-18_VV.tif,data\raw\SummerSchool_Subset\images\2025-05-18\layers\2025-05-18_VH.tif,data\raw\SummerSchool_Subset\masks\2025_05_18.tiff,0 2,40512,0.9779129553189948,0,0.0,915,0.0220870446810051,0,0.0,915,0.0220870446810051,train,mid,2
2025-05-18,2025-05-18_r2240_c0672,10,3,2240,672,224,224,661016.7928851099,6046398.177413358,663263.1731614799,6048643.557547144,40907,0.8152702487244898,9269,True,True,True,data\raw\SummerSchool_Subset\images\2025-05-18\layers\2025-05-18_B04.tif,data\raw\SummerSchool_Subset\images\2025-05-18\layers\2025-05-18_B03.tif,data\raw\SummerSchool_Subset\images\2025-05-18\layers\2025-05-18_B02.tif,data\raw\SummerSchool_Subset\images\2025-05-18\layers\2025-05-18_VV.tif,data\raw\SummerSchool_Subset\images\2025-05-18\layers\2025-05-18_VH.tif,data\raw\SummerSchool_Subset\masks\2025_05_18.tiff,0 1 2 3 255,39445,0.9642603955313273,2,4.889138778204219e-05,1453,0.0355195932236536,7,0.0001711198572371,1462,0.0357396044686728,train,mid,2
2025-05-18,2025-05-18_r2240_c0896,10,4,2240,896,224,224,663263.1731614799,6046398.177413358,665509.5534378499,6048643.557547144,41120,0.8195153061224489,9056,True,True,True,data\raw\SummerSchool_Subset\images\2025-05-18\layers\2025-05-18_B04.tif,data\raw\SummerSchool_Subset\images\2025-05-18\layers\2025-05-18_B03.tif,data\raw\SummerSchool_Subset\images\2025-05-18\layers\2025-05-18_B02.tif,data\raw\SummerSchool_Subset\images\2025-05-18\layers\2025-05-18_VV.tif,data\raw\SummerSchool_Subset\images\2025-05-18\layers\2025-05-18_VH.tif,data\raw\SummerSchool_Subset\masks\2025_05_18.tiff,0 2,40602,0.9874027237354086,0,0.0,518,0.0125972762645914,0,0.0,518,0.0125972762645914,train,mid,2
2025-05-18,2025-05-18_r2240_c1120,10,5,2240,1120,224,224,665509.5534378499,6046398.177413358,667755.9337142198,6048643.557547144,41257,0.8222456951530612,8919,True,True,True,data\raw\SummerSchool_Subset\images\2025-05-18\layers\2025-05-18_B04.tif,data\raw\SummerSchool_Subset\images\2025-05-18\layers\2025-05-18_B03.tif,data\raw\SummerSchool_Subset\images\2025-05-18\layers\2025-05-18_B02.tif,data\raw\SummerSchool_Subset\images\2025-05-18\layers\2025-05-18_VV.tif,data\raw\SummerSchool_Subset\images\2025-05-18\layers\2025-05-18_VH.tif,data\raw\SummerSchool_Subset\masks\2025_05_18.tiff,0 2,41199,0.99859417795768,0,0.0,58,0.00140582204232,0,0.0,58,0.00140582204232,train,background/no algae,0
2025-05-18,2025-05-18_r2240_c1344,10,6,2240,1344,224,224,667755.9337142198,6046398.177413358,670002.3139905898,6048643.557547144,41455,0.8261918048469388,8721,True,True,True,data\raw\SummerSchool_Subset\images\2025-05-18\layers\2025-05-18_B04.tif,data\raw\SummerSchool_Subset\images\2025-05-18\layers\2025-05-18_B03.tif,data\raw\SummerSchool_Subset\images\2025-05-18\layers\2025-05-18_B02.tif,data\raw\SummerSchool_Subset\images\2025-05-18\layers\2025-05-18_VV.tif,data\raw\SummerSchool_Subset\images\2025-05-18\layers\2025-05-18_VH.tif,data\raw\SummerSchool_Subset\masks\2025_05_18.tiff,0 2,41398,0.9986250150765892,0,0.0,57,0.0013749849234109,0,0.0,57,0.0013749849234109,train,background/no algae,0
2025-05-18,2025-05-18_r2240_c1568,10,7,2240,1568,224,224,670002.3139905898,6046398.177413358,672248.6942669598,6048643.557547144,40719,0.8115234375,9457,True,True,True,data\raw\SummerSchool_Subset\images\2025-05-18\layers\2025-05-18_B04.tif,data\raw\SummerSchool_Subset\images\2025-05-18\layers\2025-05-18_B03.tif,data\raw\SummerSchool_Subset\images\2025-05-18\layers\2025-05-18_B02.tif,data\raw\SummerSchool_Subset\images\2025-05-18\layers\2025-05-18_VV.tif,data\raw\SummerSchool_Subset\images\2025-05-18\layers\2025-05-18_VH.tif,data\raw\SummerSchool_Subset\masks\2025_05_18.tiff,0 1 2 3 255,39755,0.9763255482698494,46,0.0011296937547582,772,0.0189592082320292,146,0.003585549743363,964,0.0236744517301505,train,mid,2
2025-05-18,2025-05-18_r2464_c0000,11,0,2464,0,224,224,654277.652056,6044152.797279572,656524.0323323699,6046398.177413358,21525,0.4289899553571428,28651,True,True,True,data\raw\SummerSchool_Subset\images\2025-05-18\layers\2025-05-18_B04.tif,data\raw\SummerSchool_Subset\images\2025-05-18\layers\2025-05-18_B03.tif,data\raw\SummerSchool_Subset\images\2025-05-18\layers\2025-05-18_B02.tif,data\raw\SummerSchool_Subset\images\2025-05-18\layers\2025-05-18_VV.tif,data\raw\SummerSchool_Subset\images\2025-05-18\layers\2025-05-18_VH.tif,data\raw\SummerSchool_Subset\masks\2025_05_18.tiff,0 1 2 3 255,8403,0.390383275261324,160,0.0074332171893147,12665,0.5883855981416957,297,0.0137979094076655,13122,0.609616724738676,train,high,3
2025-05-18,2025-05-18_r2464_c0224,11,1,2464,224,224,224,656524.0323323699,6044152.797279572,658770.4126087399,6046398.177413358,42715,0.8513034119897959,7461,True,True,True,data\raw\SummerSchool_Subset\images\2025-05-18\layers\2025-05-18_B04.tif,data\raw\SummerSchool_Subset\images\2025-05-18\layers\2025-05-18_B03.tif,data\raw\SummerSchool_Subset\images\2025-05-18\layers\2025-05-18_B02.tif,data\raw\SummerSchool_Subset\images\2025-05-18\layers\2025-05-18_VV.tif,data\raw\SummerSchool_Subset\images\2025-05-18\layers\2025-05-18_VH.tif,data\raw\SummerSchool_Subset\masks\2025_05_18.tiff,0 1 2 3 255,37021,0.8666978813063326,38,0.000889617230481,5580,0.130633267002224,76,0.0017792344609621,5694,0.1333021186936673,train,mid,2
2025-05-18,2025-05-18_r2464_c0448,11,2,2464,448,224,224,658770.4126087399,6044152.797279572,661016.7928851099,6046398.177413358,43173,0.8604312818877551,7003,True,True,True,data\raw\SummerSchool_Subset\images\2025-05-18\layers\2025-05-18_B04.tif,data\raw\SummerSchool_Subset\images\2025-05-18\layers\2025-05-18_B03.tif,data\raw\SummerSchool_Subset\images\2025-05-18\layers\2025-05-18_B02.tif,data\raw\SummerSchool_Subset\images\2025-05-18\layers\2025-05-18_VV.tif,data\raw\SummerSchool_Subset\images\2025-05-18\layers\2025-05-18_VH.tif,data\raw\SummerSchool_Subset\masks\2025_05_18.tiff,0 1 2 3 255,42739,0.9899474208417298,15,0.0003474393718296,412,0.0095430014129201,7,0.0001621383735204,434,0.0100525791582702,train,background/no algae,0
2025-05-18,2025-05-18_r2464_c0672,11,3,2464,672,224,224,661016.7928851099,6044152.797279572,663263.1731614799,6046398.177413358,41193,0.8209701849489796,8983,True,True,True,data\raw\SummerSchool_Subset\images\2025-05-18\layers\2025-05-18_B04.tif,data\raw\SummerSchool_Subset\images\2025-05-18\layers\2025-05-18_B03.tif,data\raw\SummerSchool_Subset\images\2025-05-18\layers\2025-05-18_B02.tif,data\raw\SummerSchool_Subset\images\2025-05-18\layers\2025-05-18_VV.tif,data\raw\SummerSchool_Subset\images\2025-05-18\layers\2025-05-18_VH.tif,data\raw\SummerSchool_Subset\masks\2025_05_18.tiff,0 1 2 3 255,39660,0.9627849391886972,52,0.0012623503993396,1262,0.0306362731532056,219,0.0053164372587575,1533,0.0372150608113028,train,mid,2
2025-05-18,2025-05-18_r2464_c0896,11,4,2464,896,224,224,663263.1731614799,6044152.797279572,665509.5534378499,6046398.177413358,42110,0.8392458545918368,8066,True,True,True,data\raw\SummerSchool_Subset\images\2025-05-18\layers\2025-05-18_B04.tif,data\raw\SummerSchool_Subset\images\2025-05-18\layers\2025-05-18_B03.tif,data\raw\SummerSchool_Subset\images\2025-05-18\layers\2025-05-18_B02.tif,data\raw\SummerSchool_Subset\images\2025-05-18\layers\2025-05-18_VV.tif,data\raw\SummerSchool_Subset\images\2025-05-18\layers\2025-05-18_VH.tif,data\raw\SummerSchool_Subset\masks\2025_05_18.tiff,0 1 2 3 255,41518,0.9859415815720732,5,0.0001187366421277,504,0.0119686535264782,83,0.0019710282593208,592,0.0140584184279268,train,mid,2
2025-05-18,2025-05-18_r2464_c1120,11,5,2464,1120,224,224,665509.5534378499,6044152.797279572,667755.9337142198,6046398.177413358,41872,0.8345025510204082,8304,True,True,True,data\raw\SummerSchool_Subset\images\2025-05-18\layers\2025-05-18_B04.tif,data\raw\SummerSchool_Subset\images\2025-05-18\layers\2025-05-18_B03.tif,data\raw\SummerSchool_Subset\images\2025-05-18\layers\2025-05-18_B02.tif,data\raw\SummerSchool_Subset\images\2025-05-18\layers\2025-05-18_VV.tif,data\raw\SummerSchool_Subset\images\2025-05-18\layers\2025-05-18_VH.tif,data\raw\SummerSchool_Subset\masks\2025_05_18.tiff,0 2,41838,0.9991880015284678,0,0.0,34,0.0008119984715322,0,0.0,34,0.0008119984715322,train,background/no algae,0
2025-05-18,2025-05-18_r2464_c1344,11,6,2464,1344,224,224,667755.9337142198,6044152.797279572,670002.3139905898,6046398.177413358,42847,0.8539341517857143,7329,True,True,True,data\raw\SummerSchool_Subset\images\2025-05-18\layers\2025-05-18_B04.tif,data\raw\SummerSchool_Subset\images\2025-05-18\layers\2025-05-18_B03.tif,data\raw\SummerSchool_Subset\images\2025-05-18\layers\2025-05-18_B02.tif,data\raw\SummerSchool_Subset\images\2025-05-18\layers\2025-05-18_VV.tif,data\raw\SummerSchool_Subset\images\2025-05-18\layers\2025-05-18_VH.tif,data\raw\SummerSchool_Subset\masks\2025_05_18.tiff,0 2,42817,0.9992998342941164,0,0.0,30,0.0007001657058837,0,0.0,30,0.0007001657058837,train,background/no algae,0
2025-05-18,2025-05-18_r2464_c1568,11,7,2464,1568,224,224,670002.3139905898,6044152.797279572,672248.6942669598,6046398.177413358,31422,0.6262356505102041,18754,True,True,True,data\raw\SummerSchool_Subset\images\2025-05-18\layers\2025-05-18_B04.tif,data\raw\SummerSchool_Subset\images\2025-05-18\layers\2025-05-18_B03.tif,data\raw\SummerSchool_Subset\images\2025-05-18\layers\2025-05-18_B02.tif,data\raw\SummerSchool_Subset\images\2025-05-18\layers\2025-05-18_VV.tif,data\raw\SummerSchool_Subset\images\2025-05-18\layers\2025-05-18_VH.tif,data\raw\SummerSchool_Subset\masks\2025_05_18.tiff,0 1 2 3 255,28230,0.8984151231621157,325,0.0103430717331805,2449,0.0779390236140284,418,0.0133027814906753,3192,0.1015848768378842,train,high,3
2025-05-18,2025-05-18_r2688_c0224,12,1,2688,224,224,224,656524.0323323699,6041907.417145787,658770.4126087399,6044152.797279572,15337,0.3056640625,34839,True,True,True,data\raw\SummerSchool_Subset\images\2025-05-18\layers\2025-05-18_B04.tif,data\raw\SummerSchool_Subset\images\2025-05-18\layers\2025-05-18_B03.tif,data\raw\SummerSchool_Subset\images\2025-05-18\layers\2025-05-18_B02.tif,data\raw\SummerSchool_Subset\images\2025-05-18\layers\2025-05-18_VV.tif,data\raw\SummerSchool_Subset\images\2025-05-18\layers\2025-05-18_VH.tif,data\raw\SummerSchool_Subset\masks\2025_05_18.tiff,0 1 2 3 255,9744,0.6353263350068462,334,0.0217774010562691,4298,0.2802373345504336,961,0.062658929386451,5593,0.3646736649931538,train,high,3
2025-05-18,2025-05-18_r2688_c0448,12,2,2688,448,224,224,658770.4126087399,6041907.417145787,661016.7928851099,6044152.797279572,26838,0.5348772321428571,23338,True,True,True,data\raw\SummerSchool_Subset\images\2025-05-18\layers\2025-05-18_B04.tif,data\raw\SummerSchool_Subset\images\2025-05-18\layers\2025-05-18_B03.tif,data\raw\SummerSchool_Subset\images\2025-05-18\layers\2025-05-18_B02.tif,data\raw\SummerSchool_Subset\images\2025-05-18\layers\2025-05-18_VV.tif,data\raw\SummerSchool_Subset\images\2025-05-18\layers\2025-05-18_VH.tif,data\raw\SummerSchool_Subset\masks\2025_05_18.tiff,0 1 2 3 255,22068,0.8222669349429913,162,0.0060362173038229,4221,0.1572769953051643,387,0.0144198524480214,4770,0.1777330650570087,train,high,3
2025-05-18,2025-05-18_r2688_c0896,12,4,2688,896,224,224,663263.1731614799,6041907.417145787,665509.5534378499,6044152.797279572,13441,0.2678770727040816,36735,True,True,True,data\raw\SummerSchool_Subset\images\2025-05-18\layers\2025-05-18_B04.tif,data\raw\SummerSchool_Subset\images\2025-05-18\layers\2025-05-18_B03.tif,data\raw\SummerSchool_Subset\images\2025-05-18\layers\2025-05-18_B02.tif,data\raw\SummerSchool_Subset\images\2025-05-18\layers\2025-05-18_VV.tif,data\raw\SummerSchool_Subset\images\2025-05-18\layers\2025-05-18_VH.tif,data\raw\SummerSchool_Subset\masks\2025_05_18.tiff,0 1 2 3 255,10584,0.7874414106093297,1161,0.0863775016739825,1257,0.0935198273937951,439,0.0326612603228926,2857,0.2125585893906703,train,high,3
2025-05-18,2025-05-18_r2688_c1120,12,5,2688,1120,224,224,665509.5534378499,6041907.417145787,667755.9337142198,6044152.797279572,20655,0.4116509885204081,29521,True,True,True,data\raw\SummerSchool_Subset\images\2025-05-18\layers\2025-05-18_B04.tif,data\raw\SummerSchool_Subset\images\2025-05-18\layers\2025-05-18_B03.tif,data\raw\SummerSchool_Subset\images\2025-05-18\layers\2025-05-18_B02.tif,data\raw\SummerSchool_Subset\images\2025-05-18\layers\2025-05-18_VV.tif,data\raw\SummerSchool_Subset\images\2025-05-18\layers\2025-05-18_VH.tif,data\raw\SummerSchool_Subset\masks\2025_05_18.tiff,0 1 2 3 255,18221,0.882159283466473,862,0.0417332365044783,1209,0.0585330428467683,363,0.0175744371822803,2434,0.1178407165335269,train,high,3
2025-05-18,2025-05-18_r2688_c1344,12,6,2688,1344,224,224,667755.9337142198,6041907.417145787,670002.3139905898,6044152.797279572,42342,0.8438695790816326,7834,True,True,True,data\raw\SummerSchool_Subset\images\2025-05-18\layers\2025-05-18_B04.tif,data\raw\SummerSchool_Subset\images\2025-05-18\layers\2025-05-18_B03.tif,data\raw\SummerSchool_Subset\images\2025-05-18\layers\2025-05-18_B02.tif,data\raw\SummerSchool_Subset\images\2025-05-18\layers\2025-05-18_VV.tif,data\raw\SummerSchool_Subset\images\2025-05-18\layers\2025-05-18_VH.tif,data\raw\SummerSchool_Subset\masks\2025_05_18.tiff,0 1 2 3 255,40258,0.9507817297246232,35,0.0008266024278494,1889,0.0446129138916442,160,0.003778753955883,2084,0.0492182702753766,train,mid,2
2025-05-18,2025-05-18_r2688_c1568,12,7,2688,1568,224,224,670002.3139905898,6041907.417145787,672248.6942669598,6044152.797279572,33064,0.6589604591836735,17112,True,True,True,data\raw\SummerSchool_Subset\images\2025-05-18\layers\2025-05-18_B04.tif,data\raw\SummerSchool_Subset\images\2025-05-18\layers\2025-05-18_B03.tif,data\raw\SummerSchool_Subset\images\2025-05-18\layers\2025-05-18_B02.tif,data\raw\SummerSchool_Subset\images\2025-05-18\layers\2025-05-18_VV.tif,data\raw\SummerSchool_Subset\images\2025-05-18\layers\2025-05-18_VH.tif,data\raw\SummerSchool_Subset\masks\2025_05_18.tiff,0 1 2 3 255,28508,0.8622066295669005,143,0.0043249455601258,3737,0.1130232276796515,676,0.020445197193322,4556,0.1377933704330994,train,high,3
2025-05-18,2025-05-18_r2912_c1344,13,6,2912,1344,224,224,667755.9337142198,6039662.037012001,670002.3139905898,6041907.417145787,12139,0.2419284119897959,38037,True,True,True,data\raw\SummerSchool_Subset\images\2025-05-18\layers\2025-05-18_B04.tif,data\raw\SummerSchool_Subset\images\2025-05-18\layers\2025-05-18_B03.tif,data\raw\SummerSchool_Subset\images\2025-05-18\layers\2025-05-18_B02.tif,data\raw\SummerSchool_Subset\images\2025-05-18\layers\2025-05-18_VV.tif,data\raw\SummerSchool_Subset\images\2025-05-18\layers\2025-05-18_VH.tif,data\raw\SummerSchool_Subset\masks\2025_05_18.tiff,0 1 2 3 255,3772,0.3107339978581431,94,0.0077436362138561,7864,0.6478293104868605,409,0.0336930554411401,8367,0.6892660021418568,train,high,3
2025-05-21,2025-05-21_r0000_c0672,0,3,0,672,224,224,661016.7928851099,6068851.978751215,663263.1731614799,6071097.358885,21965,0.4377590880102041,28211,True,True,True,data\raw\SummerSchool_Subset\images\2025-05-21\layers\2025-05-21_B04.tif,data\raw\SummerSchool_Subset\images\2025-05-21\layers\2025-05-21_B03.tif,data\raw\SummerSchool_Subset\images\2025-05-21\layers\2025-05-21_B02.tif,data\raw\SummerSchool_Subset\images\2025-05-21\layers\2025-05-21_VV.tif,data\raw\SummerSchool_Subset\images\2025-05-21\layers\2025-05-21_VH.tif,data\raw\SummerSchool_Subset\masks\2025_05_21.tiff,0 1 2 3 255,19839,0.9032096517186432,772,0.0351468244935124,880,0.0400637377646255,474,0.0215797860232187,2126,0.0967903482813567,train,high,3
2025-05-21,2025-05-21_r0224_c0448,1,2,224,448,224,224,658770.4126087399,6066606.598617429,661016.7928851099,6068851.978751215,18687,0.3724290497448979,31489,True,True,True,data\raw\SummerSchool_Subset\images\2025-05-21\layers\2025-05-21_B04.tif,data\raw\SummerSchool_Subset\images\2025-05-21\layers\2025-05-21_B03.tif,data\raw\SummerSchool_Subset\images\2025-05-21\layers\2025-05-21_B02.tif,data\raw\SummerSchool_Subset\images\2025-05-21\layers\2025-05-21_VV.tif,data\raw\SummerSchool_Subset\images\2025-05-21\layers\2025-05-21_VH.tif,data\raw\SummerSchool_Subset\masks\2025_05_21.tiff,0 1 2 3 255,16412,0.8782576122438058,876,0.0468775084283191,1081,0.0578477016107454,318,0.0170171777171295,2275,0.1217423877561941,train,high,3
2025-05-21,2025-05-21_r0224_c0672,1,3,224,672,224,224,661016.7928851099,6066606.598617429,663263.1731614799,6068851.978751215,45193,0.9006895727040817,4983,True,True,True,data\raw\SummerSchool_Subset\images\2025-05-21\layers\2025-05-21_B04.tif,data\raw\SummerSchool_Subset\images\2025-05-21\layers\2025-05-21_B03.tif,data\raw\SummerSchool_Subset\images\2025-05-21\layers\2025-05-21_B02.tif,data\raw\SummerSchool_Subset\images\2025-05-21\layers\2025-05-21_VV.tif,data\raw\SummerSchool_Subset\images\2025-05-21\layers\2025-05-21_VH.tif,data\raw\SummerSchool_Subset\masks\2025_05_21.tiff,0 1 2 3 255,43410,0.9605469873653,79,0.0017480583276171,1391,0.0307791029584227,313,0.0069258513486601,1783,0.0394530126347,train,mid,2
2025-05-21,2025-05-21_r0224_c2016,1,9,224,2016,224,224,674495.0745433298,6066606.598617429,676741.4548196997,6068851.978751215,19383,0.3863002232142857,30793,True,True,True,data\raw\SummerSchool_Subset\images\2025-05-21\layers\2025-05-21_B04.tif,data\raw\SummerSchool_Subset\images\2025-05-21\layers\2025-05-21_B03.tif,data\raw\SummerSchool_Subset\images\2025-05-21\layers\2025-05-21_B02.tif,data\raw\SummerSchool_Subset\images\2025-05-21\layers\2025-05-21_VV.tif,data\raw\SummerSchool_Subset\images\2025-05-21\layers\2025-05-21_VH.tif,data\raw\SummerSchool_Subset\masks\2025_05_21.tiff,0 1 2 3 255,18290,0.9436103802300986,73,0.0037661868647784,714,0.0368364030335861,306,0.0157870298715369,1093,0.0563896197699014,train,high,3
2025-05-21,2025-05-21_r0448_c0448,2,2,448,448,224,224,658770.4126087399,6064361.218483644,661016.7928851099,6066606.598617429,35881,0.7151028380102041,14295,True,True,True,data\raw\SummerSchool_Subset\images\2025-05-21\layers\2025-05-21_B04.tif,data\raw\SummerSchool_Subset\images\2025-05-21\layers\2025-05-21_B03.tif,data\raw\SummerSchool_Subset\images\2025-05-21\layers\2025-05-21_B02.tif,data\raw\SummerSchool_Subset\images\2025-05-21\layers\2025-05-21_VV.tif,data\raw\SummerSchool_Subset\images\2025-05-21\layers\2025-05-21_VH.tif,data\raw\SummerSchool_Subset\masks\2025_05_21.tiff,0 1 2 3 255,33787,0.941640422507734,1257,0.0350324684373345,462,0.0128758953206432,375,0.0104512137342883,2094,0.0583595774922661,train,high,3
2025-05-21,2025-05-21_r0448_c0672,2,3,448,672,224,224,661016.7928851099,6064361.218483644,663263.1731614799,6066606.598617429,44570,0.8882732780612245,5606,True,True,True,data\raw\SummerSchool_Subset\images\2025-05-21\layers\2025-05-21_B04.tif,data\raw\SummerSchool_Subset\images\2025-05-21\layers\2025-05-21_B03.tif,data\raw\SummerSchool_Subset\images\2025-05-21\layers\2025-05-21_B02.tif,data\raw\SummerSchool_Subset\images\2025-05-21\layers\2025-05-21_VV.tif,data\raw\SummerSchool_Subset\images\2025-05-21\layers\2025-05-21_VH.tif,data\raw\SummerSchool_Subset\masks\2025_05_21.tiff,0 1 2 3 255,43696,0.980390397128113,29,0.0006506618801884,661,0.0148306035449854,184,0.004128337446713,874,0.0196096028718869,train,mid,2
2025-05-21,2025-05-21_r0448_c0896,2,4,448,896,224,224,663263.1731614799,6064361.218483644,665509.5534378499,6066606.598617429,18611,0.370914381377551,31565,True,True,True,data\raw\SummerSchool_Subset\images\2025-05-21\layers\2025-05-21_B04.tif,data\raw\SummerSchool_Subset\images\2025-05-21\layers\2025-05-21_B03.tif,data\raw\SummerSchool_Subset\images\2025-05-21\layers\2025-05-21_B02.tif,data\raw\SummerSchool_Subset\images\2025-05-21\layers\2025-05-21_VV.tif,data\raw\SummerSchool_Subset\images\2025-05-21\layers\2025-05-21_VH.tif,data\raw\SummerSchool_Subset\masks\2025_05_21.tiff,0 1 2 3 255,12707,0.6827682553328677,126,0.0067701896727741,4696,0.2523238944710118,1082,0.0581376605233464,5904,0.3172317446671323,train,high,3
2025-05-21,2025-05-21_r0448_c1568,2,7,448,1568,224,224,670002.3139905898,6064361.218483644,672248.6942669598,6066606.598617429,26553,0.5291972257653061,23623,True,True,True,data\raw\SummerSchool_Subset\images\2025-05-21\layers\2025-05-21_B04.tif,data\raw\SummerSchool_Subset\images\2025-05-21\layers\2025-05-21_B03.tif,data\raw\SummerSchool_Subset\images\2025-05-21\layers\2025-05-21_B02.tif,data\raw\SummerSchool_Subset\images\2025-05-21\layers\2025-05-21_VV.tif,data\raw\SummerSchool_Subset\images\2025-05-21\layers\2025-05-21_VH.tif,data\raw\SummerSchool_Subset\masks\2025_05_21.tiff,0 1 2 3 255,24532,0.9238880729107822,73,0.0027492185440439,1358,0.0511429970248182,590,0.0222197115203555,2021,0.0761119270892178,train,high,3
2025-05-21,2025-05-21_r0448_c1792,2,8,448,1792,224,224,672248.6942669598,6064361.218483644,674495.0745433298,6066606.598617429,43501,0.8669682716836735,6675,True,True,True,data\raw\SummerSchool_Subset\images\2025-05-21\layers\2025-05-21_B04.tif,data\raw\SummerSchool_Subset\images\2025-05-21\layers\2025-05-21_B03.tif,data\raw\SummerSchool_Subset\images\2025-05-21\layers\2025-05-21_B02.tif,data\raw\SummerSchool_Subset\images\2025-05-21\layers\2025-05-21_VV.tif,data\raw\SummerSchool_Subset\images\2025-05-21\layers\2025-05-21_VH.tif,data\raw\SummerSchool_Subset\masks\2025_05_21.tiff,0 1 2 3 255,43029,0.9891496747201214,104,0.0023907496379393,278,0.0063906576860302,90,0.002068917955909,472,0.0108503252798786,train,background/no algae,0
2025-05-21,2025-05-21_r0448_c2016,2,9,448,2016,224,224,674495.0745433298,6064361.218483644,676741.4548196997,6066606.598617429,45993,0.916633450255102,4183,True,True,True,data\raw\SummerSchool_Subset\images\2025-05-21\layers\2025-05-21_B04.tif,data\raw\SummerSchool_Subset\images\2025-05-21\layers\2025-05-21_B03.tif,data\raw\SummerSchool_Subset\images\2025-05-21\layers\2025-05-21_B02.tif,data\raw\SummerSchool_Subset\images\2025-05-21\layers\2025-05-21_VV.tif,data\raw\SummerSchool_Subset\images\2025-05-21\layers\2025-05-21_VH.tif,data\raw\SummerSchool_Subset\masks\2025_05_21.tiff,0 2 255,45910,0.9981953775574544,0,0.0,83,0.0018046224425456,0,0.0,83,0.0018046224425456,train,background/no algae,0
2025-05-21,2025-05-21_r0448_c2240,2,10,448,2240,224,224,676741.4548196997,6064361.218483644,678987.8350960697,6066606.598617429,26658,0.5312898596938775,23518,True,True,True,data\raw\SummerSchool_Subset\images\2025-05-21\layers\2025-05-21_B04.tif,data\raw\SummerSchool_Subset\images\2025-05-21\layers\2025-05-21_B03.tif,data\raw\SummerSchool_Subset\images\2025-05-21\layers\2025-05-21_B02.tif,data\raw\SummerSchool_Subset\images\2025-05-21\layers\2025-05-21_VV.tif,data\raw\SummerSchool_Subset\images\2025-05-21\layers\2025-05-21_VH.tif,data\raw\SummerSchool_Subset\masks\2025_05_21.tiff,0 1 2 3 255,23835,0.8941030835021382,342,0.012829169480081,1974,0.0740490659464326,507,0.0190186810713481,2823,0.1058969164978618,train,high,3
2025-05-21,2025-05-21_r0672_c0448,3,2,672,448,224,224,658770.4126087399,6062115.838349857,661016.7928851099,6064361.218483644,31490,0.6275908801020408,18686,True,True,True,data\raw\SummerSchool_Subset\images\2025-05-21\layers\2025-05-21_B04.tif,data\raw\SummerSchool_Subset\images\2025-05-21\layers\2025-05-21_B03.tif,data\raw\SummerSchool_Subset\images\2025-05-21\layers\2025-05-21_B02.tif,data\raw\SummerSchool_Subset\images\2025-05-21\layers\2025-05-21_VV.tif,data\raw\SummerSchool_Subset\images\2025-05-21\layers\2025-05-21_VH.tif,data\raw\SummerSchool_Subset\masks\2025_05_21.tiff,0 1 2 3 255,31337,0.9951413147030804,19,0.0006033661479834,128,0.0040647824706255,6,0.0001905366783105,153,0.0048586852969196,train,background/no algae,0
2025-05-21,2025-05-21_r0672_c0672,3,3,672,672,224,224,661016.7928851099,6062115.838349857,663263.1731614799,6064361.218483644,44766,0.8921795280612245,5410,True,True,True,data\raw\SummerSchool_Subset\images\2025-05-21\layers\2025-05-21_B04.tif,data\raw\SummerSchool_Subset\images\2025-05-21\layers\2025-05-21_B03.tif,data\raw\SummerSchool_Subset\images\2025-05-21\layers\2025-05-21_B02.tif,data\raw\SummerSchool_Subset\images\2025-05-21\layers\2025-05-21_VV.tif,data\raw\SummerSchool_Subset\images\2025-05-21\layers\2025-05-21_VH.tif,data\raw\SummerSchool_Subset\masks\2025_05_21.tiff,0 2 255,44764,0.9999553232363848,0,0.0,2,4.4676763615243714e-05,0,0.0,2,4.4676763615243714e-05,train,background/no algae,0
2025-05-21,2025-05-21_r0672_c0896,3,4,672,896,224,224,663263.1731614799,6062115.838349857,665509.5534378499,6064361.218483644,43370,0.8643574617346939,6806,True,True,True,data\raw\SummerSchool_Subset\images\2025-05-21\layers\2025-05-21_B04.tif,data\raw\SummerSchool_Subset\images\2025-05-21\layers\2025-05-21_B03.tif,data\raw\SummerSchool_Subset\images\2025-05-21\layers\2025-05-21_B02.tif,data\raw\SummerSchool_Subset\images\2025-05-21\layers\2025-05-21_VV.tif,data\raw\SummerSchool_Subset\images\2025-05-21\layers\2025-05-21_VH.tif,data\raw\SummerSchool_Subset\masks\2025_05_21.tiff,0 1 2 3 255,43014,0.9917915609868572,6,0.0001383444777495,342,0.007885635231727,8,0.0001844593036661,356,0.0082084390131427,train,background/no algae,0
2025-05-21,2025-05-21_r0672_c1120,3,5,672,1120,224,224,665509.5534378499,6062115.838349857,667755.9337142198,6064361.218483644,42632,0.8496492346938775,7544,True,True,True,data\raw\SummerSchool_Subset\images\2025-05-21\layers\2025-05-21_B04.tif,data\raw\SummerSchool_Subset\images\2025-05-21\layers\2025-05-21_B03.tif,data\raw\SummerSchool_Subset\images\2025-05-21\layers\2025-05-21_B02.tif,data\raw\SummerSchool_Subset\images\2025-05-21\layers\2025-05-21_VV.tif,data\raw\SummerSchool_Subset\images\2025-05-21\layers\2025-05-21_VH.tif,data\raw\SummerSchool_Subset\masks\2025_05_21.tiff,0 2 255,42509,0.9971148433101896,0,0.0,123,0.0028851566898104,0,0.0,123,0.0028851566898104,train,background/no algae,0
2025-05-21,2025-05-21_r0672_c1344,3,6,672,1344,224,224,667755.9337142198,6062115.838349857,670002.3139905898,6064361.218483644,42223,0.8414979272959183,7953,True,True,True,data\raw\SummerSchool_Subset\images\2025-05-21\layers\2025-05-21_B04.tif,data\raw\SummerSchool_Subset\images\2025-05-21\layers\2025-05-21_B03.tif,data\raw\SummerSchool_Subset\images\2025-05-21\layers\2025-05-21_B02.tif,data\raw\SummerSchool_Subset\images\2025-05-21\layers\2025-05-21_VV.tif,data\raw\SummerSchool_Subset\images\2025-05-21\layers\2025-05-21_VH.tif,data\raw\SummerSchool_Subset\masks\2025_05_21.tiff,0 2 255,42189,0.999194751675627,0,0.0,34,0.0008052483243729,0,0.0,34,0.0008052483243729,train,background/no algae,0
2025-05-21,2025-05-21_r0672_c1568,3,7,672,1568,224,224,670002.3139905898,6062115.838349857,672248.6942669598,6064361.218483644,44299,0.8828722895408163,5877,True,True,True,data\raw\SummerSchool_Subset\images\2025-05-21\layers\2025-05-21_B04.tif,data\raw\SummerSchool_Subset\images\2025-05-21\layers\2025-05-21_B03.tif,data\raw\SummerSchool_Subset\images\2025-05-21\layers\2025-05-21_B02.tif,data\raw\SummerSchool_Subset\images\2025-05-21\layers\2025-05-21_VV.tif,data\raw\SummerSchool_Subset\images\2025-05-21\layers\2025-05-21_VH.tif,data\raw\SummerSchool_Subset\masks\2025_05_21.tiff,0 1 2 255,44159,0.9968396577800852,121,0.0027314386329262,19,0.0004289035869884,0,0.0,140,0.0031603422199146,train,background/no algae,0
2025-05-21,2025-05-21_r0672_c1792,3,8,672,1792,224,224,672248.6942669598,6062115.838349857,674495.0745433298,6064361.218483644,44624,0.8893494897959183,5552,True,True,True,data\raw\SummerSchool_Subset\images\2025-05-21\layers\2025-05-21_B04.tif,data\raw\SummerSchool_Subset\images\2025-05-21\layers\2025-05-21_B03.tif,data\raw\SummerSchool_Subset\images\2025-05-21\layers\2025-05-21_B02.tif,data\raw\SummerSchool_Subset\images\2025-05-21\layers\2025-05-21_VV.tif,data\raw\SummerSchool_Subset\images\2025-05-21\layers\2025-05-21_VH.tif,data\raw\SummerSchool_Subset\masks\2025_05_21.tiff,0 2 255,44611,0.9997086769451416,0,0.0,13,0.0002913230548583,0,0.0,13,0.0002913230548583,train,background/no algae,0
2025-05-21,2025-05-21_r0672_c2016,3,9,672,2016,224,224,674495.0745433298,6062115.838349857,676741.4548196997,6064361.218483644,42583,0.8486726721938775,7593,True,True,True,data\raw\SummerSchool_Subset\images\2025-05-21\layers\2025-05-21_B04.tif,data\raw\SummerSchool_Subset\images\2025-05-21\layers\2025-05-21_B03.tif,data\raw\SummerSchool_Subset\images\2025-05-21\layers\2025-05-21_B02.tif,data\raw\SummerSchool_Subset\images\2025-05-21\layers\2025-05-21_VV.tif,data\raw\SummerSchool_Subset\images\2025-05-21\layers\2025-05-21_VH.tif,data\raw\SummerSchool_Subset\masks\2025_05_21.tiff,0 1 2 3 255,41693,0.9790996407016884,25,0.0005870887443345,782,0.018364135922786,83,0.0019491346311908,890,0.0209003592983115,train,mid,2
2025-05-21,2025-05-21_r0896_c0448,4,2,896,448,224,224,658770.4126087399,6059870.458216072,661016.7928851099,6062115.838349857,22113,0.4407087053571428,28063,True,True,True,data\raw\SummerSchool_Subset\images\2025-05-21\layers\2025-05-21_B04.tif,data\raw\SummerSchool_Subset\images\2025-05-21\layers\2025-05-21_B03.tif,data\raw\SummerSchool_Subset\images\2025-05-21\layers\2025-05-21_B02.tif,data\raw\SummerSchool_Subset\images\2025-05-21\layers\2025-05-21_VV.tif,data\raw\SummerSchool_Subset\images\2025-05-21\layers\2025-05-21_VH.tif,data\raw\SummerSchool_Subset\masks\2025_05_21.tiff,0 1 2 3 255,21378,0.9667616334283,313,0.0141545697101252,308,0.0139284583729028,114,0.0051553384886718,735,0.0332383665716999,train,mid,2
2025-05-21,2025-05-21_r0896_c0672,4,3,896,672,224,224,661016.7928851099,6059870.458216072,663263.1731614799,6062115.838349857,44857,0.8939931441326531,5319,True,True,True,data\raw\SummerSchool_Subset\images\2025-05-21\layers\2025-05-21_B04.tif,data\raw\SummerSchool_Subset\images\2025-05-21\layers\2025-05-21_B03.tif,data\raw\SummerSchool_Subset\images\2025-05-21\layers\2025-05-21_B02.tif,data\raw\SummerSchool_Subset\images\2025-05-21\layers\2025-05-21_VV.tif,data\raw\SummerSchool_Subset\images\2025-05-21\layers\2025-05-21_VH.tif,data\raw\SummerSchool_Subset\masks\2025_05_21.tiff,0 1 2 255,44836,0.9995318456428204,9,0.0002006375816483,12,0.0002675167755311,0,0.0,21,0.0004681543571794,train,background/no algae,0
2025-05-21,2025-05-21_r0896_c0896,4,4,896,896,224,224,663263.1731614799,6059870.458216072,665509.5534378499,6062115.838349857,42627,0.8495495854591837,7549,True,True,True,data\raw\SummerSchool_Subset\images\2025-05-21\layers\2025-05-21_B04.tif,data\raw\SummerSchool_Subset\images\2025-05-21\layers\2025-05-21_B03.tif,data\raw\SummerSchool_Subset\images\2025-05-21\layers\2025-05-21_B02.tif,data\raw\SummerSchool_Subset\images\2025-05-21\layers\2025-05-21_VV.tif,data\raw\SummerSchool_Subset\images\2025-05-21\layers\2025-05-21_VH.tif,data\raw\SummerSchool_Subset\masks\2025_05_21.tiff,0 2 255,42320,0.9927979918830788,0,0.0,307,0.0072020081169212,0,0.0,307,0.0072020081169212,train,background/no algae,0
2025-05-21,2025-05-21_r0896_c1120,4,5,896,1120,224,224,665509.5534378499,6059870.458216072,667755.9337142198,6062115.838349857,41482,0.8267299107142857,8694,True,True,True,data\raw\SummerSchool_Subset\images\2025-05-21\layers\2025-05-21_B04.tif,data\raw\SummerSchool_Subset\images\2025-05-21\layers\2025-05-21_B03.tif,data\raw\SummerSchool_Subset\images\2025-05-21\layers\2025-05-21_B02.tif,data\raw\SummerSchool_Subset\images\2025-05-21\layers\2025-05-21_VV.tif,data\raw\SummerSchool_Subset\images\2025-05-21\layers\2025-05-21_VH.tif,data\raw\SummerSchool_Subset\masks\2025_05_21.tiff,0 2 255,41469,0.9996866110602188,0,0.0,13,0.0003133889397811,0,0.0,13,0.0003133889397811,train,background/no algae,0
2025-05-21,2025-05-21_r0896_c1344,4,6,896,1344,224,224,667755.9337142198,6059870.458216072,670002.3139905898,6062115.838349857,41620,0.8294802295918368,8556,True,True,True,data\raw\SummerSchool_Subset\images\2025-05-21\layers\2025-05-21_B04.tif,data\raw\SummerSchool_Subset\images\2025-05-21\layers\2025-05-21_B03.tif,data\raw\SummerSchool_Subset\images\2025-05-21\layers\2025-05-21_B02.tif,data\raw\SummerSchool_Subset\images\2025-05-21\layers\2025-05-21_VV.tif,data\raw\SummerSchool_Subset\images\2025-05-21\layers\2025-05-21_VH.tif,data\raw\SummerSchool_Subset\masks\2025_05_21.tiff,0 2 255,41613,0.9998318116290243,0,0.0,7,0.0001681883709754,0,0.0,7,0.0001681883709754,train,background/no algae,0
2025-05-21,2025-05-21_r0896_c1568,4,7,896,1568,224,224,670002.3139905898,6059870.458216072,672248.6942669598,6062115.838349857,44134,0.8795838647959183,6042,True,True,True,data\raw\SummerSchool_Subset\images\2025-05-21\layers\2025-05-21_B04.tif,data\raw\SummerSchool_Subset\images\2025-05-21\layers\2025-05-21_B03.tif,data\raw\SummerSchool_Subset\images\2025-05-21\layers\2025-05-21_B02.tif,data\raw\SummerSchool_Subset\images\2025-05-21\layers\2025-05-21_VV.tif,data\raw\SummerSchool_Subset\images\2025-05-21\layers\2025-05-21_VH.tif,data\raw\SummerSchool_Subset\masks\2025_05_21.tiff,0 2 255,44130,0.999909366927992,0,0.0,4,9.063307200797572e-05,0,0.0,4,9.063307200797572e-05,train,background/no algae,0
2025-05-21,2025-05-21_r0896_c1792,4,8,896,1792,224,224,672248.6942669598,6059870.458216072,674495.0745433298,6062115.838349857,44276,0.8824139030612245,5900,True,True,True,data\raw\SummerSchool_Subset\images\2025-05-21\layers\2025-05-21_B04.tif,data\raw\SummerSchool_Subset\images\2025-05-21\layers\2025-05-21_B03.tif,data\raw\SummerSchool_Subset\images\2025-05-21\layers\2025-05-21_B02.tif,data\raw\SummerSchool_Subset\images\2025-05-21\layers\2025-05-21_VV.tif,data\raw\SummerSchool_Subset\images\2025-05-21\layers\2025-05-21_VH.tif,data\raw\SummerSchool_Subset\masks\2025_05_21.tiff,0 1 2 255,44246,0.9993224320173456,2,4.517119884361731e-05,28,0.0006323967838106,0,0.0,30,0.0006775679826542,train,background/no algae,0
2025-05-21,2025-05-21_r0896_c2016,4,9,896,2016,224,224,674495.0745433298,6059870.458216072,676741.4548196997,6062115.838349857,17835,0.3554488201530612,32341,True,True,True,data\raw\SummerSchool_Subset\images\2025-05-21\layers\2025-05-21_B04.tif,data\raw\SummerSchool_Subset\images\2025-05-21\layers\2025-05-21_B03.tif,data\raw\SummerSchool_Subset\images\2025-05-21\layers\2025-05-21_B02.tif,data\raw\SummerSchool_Subset\images\2025-05-21\layers\2025-05-21_VV.tif,data\raw\SummerSchool_Subset\images\2025-05-21\layers\2025-05-21_VH.tif,data\raw\SummerSchool_Subset\masks\2025_05_21.tiff,0 1 2 3 255,15819,0.886963835155593,116,0.0065040650406504,1565,0.0877488085225679,335,0.0187832912811886,2016,0.113036164844407,train,high,3
2025-05-21,2025-05-21_r1120_c0672,5,3,1120,672,224,224,661016.7928851099,6057625.078082287,663263.1731614799,6059870.458216072,43272,0.8624043367346939,6904,True,True,True,data\raw\SummerSchool_Subset\images\2025-05-21\layers\2025-05-21_B04.tif,data\raw\SummerSchool_Subset\images\2025-05-21\layers\2025-05-21_B03.tif,data\raw\SummerSchool_Subset\images\2025-05-21\layers\2025-05-21_B02.tif,data\raw\SummerSchool_Subset\images\2025-05-21\layers\2025-05-21_VV.tif,data\raw\SummerSchool_Subset\images\2025-05-21\layers\2025-05-21_VH.tif,data\raw\SummerSchool_Subset\masks\2025_05_21.tiff,0 1 2 3 255,42993,0.9935524126455908,20,0.0004621926418931,130,0.0030042521723054,129,0.0029811425402107,279,0.0064475873544093,train,background/no algae,0
2025-05-21,2025-05-21_r1120_c0896,5,4,1120,896,224,224,663263.1731614799,6057625.078082287,665509.5534378499,6059870.458216072,43371,0.8643773915816326,6805,True,True,True,data\raw\SummerSchool_Subset\images\2025-05-21\layers\2025-05-21_B04.tif,data\raw\SummerSchool_Subset\images\2025-05-21\layers\2025-05-21_B03.tif,data\raw\SummerSchool_Subset\images\2025-05-21\layers\2025-05-21_B02.tif,data\raw\SummerSchool_Subset\images\2025-05-21\layers\2025-05-21_VV.tif,data\raw\SummerSchool_Subset\images\2025-05-21\layers\2025-05-21_VH.tif,data\raw\SummerSchool_Subset\masks\2025_05_21.tiff,0 2 255,43056,0.992737082382237,0,0.0,315,0.007262917617763,0,0.0,315,0.007262917617763,train,background/no algae,0
2025-05-21,2025-05-21_r1120_c1120,5,5,1120,1120,224,224,665509.5534378499,6057625.078082287,667755.9337142198,6059870.458216072,41523,0.8275470344387755,8653,True,True,True,data\raw\SummerSchool_Subset\images\2025-05-21\layers\2025-05-21_B04.tif,data\raw\SummerSchool_Subset\images\2025-05-21\layers\2025-05-21_B03.tif,data\raw\SummerSchool_Subset\images\2025-05-21\layers\2025-05-21_B02.tif,data\raw\SummerSchool_Subset\images\2025-05-21\layers\2025-05-21_VV.tif,data\raw\SummerSchool_Subset\images\2025-05-21\layers\2025-05-21_VH.tif,data\raw\SummerSchool_Subset\masks\2025_05_21.tiff,0 1 2 255,41443,0.9980733569347108,5,0.0001204151915805,75,0.0018062278737085,0,0.0,80,0.0019266430652891,train,background/no algae,0
2025-05-21,2025-05-21_r1120_c1344,5,6,1120,1344,224,224,667755.9337142198,6057625.078082287,670002.3139905898,6059870.458216072,42075,0.8385483099489796,8101,True,True,True,data\raw\SummerSchool_Subset\images\2025-05-21\layers\2025-05-21_B04.tif,data\raw\SummerSchool_Subset\images\2025-05-21\layers\2025-05-21_B03.tif,data\raw\SummerSchool_Subset\images\2025-05-21\layers\2025-05-21_B02.tif,data\raw\SummerSchool_Subset\images\2025-05-21\layers\2025-05-21_VV.tif,data\raw\SummerSchool_Subset\images\2025-05-21\layers\2025-05-21_VH.tif,data\raw\SummerSchool_Subset\masks\2025_05_21.tiff,0 2 255,42068,0.9998336304218656,0,0.0,7,0.0001663695781342,0,0.0,7,0.0001663695781342,train,background/no algae,0
2025-05-21,2025-05-21_r1120_c1568,5,7,1120,1568,224,224,670002.3139905898,6057625.078082287,672248.6942669598,6059870.458216072,44200,0.8808992346938775,5976,True,True,True,data\raw\SummerSchool_Subset\images\2025-05-21\layers\2025-05-21_B04.tif,data\raw\SummerSchool_Subset\images\2025-05-21\layers\2025-05-21_B03.tif,data\raw\SummerSchool_Subset\images\2025-05-21\layers\2025-05-21_B02.tif,data\raw\SummerSchool_Subset\images\2025-05-21\layers\2025-05-21_VV.tif,data\raw\SummerSchool_Subset\images\2025-05-21\layers\2025-05-21_VH.tif,data\raw\SummerSchool_Subset\masks\2025_05_21.tiff,0 2 255,44184,0.9996380090497736,0,0.0,16,0.0003619909502262,0,0.0,16,0.0003619909502262,train,background/no algae,0
2025-05-21,2025-05-21_r1120_c1792,5,8,1120,1792,224,224,672248.6942669598,6057625.078082287,674495.0745433298,6059870.458216072,39704,0.7912946428571429,10472,True,True,True,data\raw\SummerSchool_Subset\images\2025-05-21\layers\2025-05-21_B04.tif,data\raw\SummerSchool_Subset\images\2025-05-21\layers\2025-05-21_B03.tif,data\raw\SummerSchool_Subset\images\2025-05-21\layers\2025-05-21_B02.tif,data\raw\SummerSchool_Subset\images\2025-05-21\layers\2025-05-21_VV.tif,data\raw\SummerSchool_Subset\images\2025-05-21\layers\2025-05-21_VH.tif,data\raw\SummerSchool_Subset\masks\2025_05_21.tiff,0 1 2 3 255,37966,0.956226072939754,18,0.0004533548257102,1271,0.0320118879709852,449,0.0113086842635502,1738,0.0437739270602458,train,high,3
2025-05-21,2025-05-21_r1344_c0672,6,3,1344,672,224,224,661016.7928851099,6055379.6979485005,663263.1731614799,6057625.078082287,44025,0.8774115114795918,6151,True,True,True,data\raw\SummerSchool_Subset\images\2025-05-21\layers\2025-05-21_B04.tif,data\raw\SummerSchool_Subset\images\2025-05-21\layers\2025-05-21_B03.tif,data\raw\SummerSchool_Subset\images\2025-05-21\layers\2025-05-21_B02.tif,data\raw\SummerSchool_Subset\images\2025-05-21\layers\2025-05-21_VV.tif,data\raw\SummerSchool_Subset\images\2025-05-21\layers\2025-05-21_VH.tif,data\raw\SummerSchool_Subset\masks\2025_05_21.tiff,0 1 2 3 255,43315,0.9838727995457128,245,0.0055650198750709,252,0.0057240204429301,213,0.0048381601362862,710,0.0161272004542873,train,background/no algae,0
2025-05-21,2025-05-21_r1344_c0896,6,4,1344,896,224,224,663263.1731614799,6055379.6979485005,665509.5534378499,6057625.078082287,43712,0.8711734693877551,6464,True,True,True,data\raw\SummerSchool_Subset\images\2025-05-21\layers\2025-05-21_B04.tif,data\raw\SummerSchool_Subset\images\2025-05-21\layers\2025-05-21_B03.tif,data\raw\SummerSchool_Subset\images\2025-05-21\layers\2025-05-21_B02.tif,data\raw\SummerSchool_Subset\images\2025-05-21\layers\2025-05-21_VV.tif,data\raw\SummerSchool_Subset\images\2025-05-21\layers\2025-05-21_VH.tif,data\raw\SummerSchool_Subset\masks\2025_05_21.tiff,0 2 255,43548,0.9962481698389458,0,0.0,164,0.0037518301610541,0,0.0,164,0.0037518301610541,train,background/no algae,0
2025-05-21,2025-05-21_r1344_c1120,6,5,1344,1120,224,224,665509.5534378499,6055379.6979485005,667755.9337142198,6057625.078082287,42145,0.8399433992346939,8031,True,True,True,data\raw\SummerSchool_Subset\images\2025-05-21\layers\2025-05-21_B04.tif,data\raw\SummerSchool_Subset\images\2025-05-21\layers\2025-05-21_B03.tif,data\raw\SummerSchool_Subset\images\2025-05-21\layers\2025-05-21_B02.tif,data\raw\SummerSchool_Subset\images\2025-05-21\layers\2025-05-21_VV.tif,data\raw\SummerSchool_Subset\images\2025-05-21\layers\2025-05-21_VH.tif,data\raw\SummerSchool_Subset\masks\2025_05_21.tiff,0 2 255,42122,0.999454265037371,0,0.0,23,0.000545734962629,0,0.0,23,0.000545734962629,train,background/no algae,0
2025-05-21,2025-05-21_r1344_c1344,6,6,1344,1344,224,224,667755.9337142198,6055379.6979485005,670002.3139905898,6057625.078082287,43597,0.8688815369897959,6579,True,True,True,data\raw\SummerSchool_Subset\images\2025-05-21\layers\2025-05-21_B04.tif,data\raw\SummerSchool_Subset\images\2025-05-21\layers\2025-05-21_B03.tif,data\raw\SummerSchool_Subset\images\2025-05-21\layers\2025-05-21_B02.tif,data\raw\SummerSchool_Subset\images\2025-05-21\layers\2025-05-21_VV.tif,data\raw\SummerSchool_Subset\images\2025-05-21\layers\2025-05-21_VH.tif,data\raw\SummerSchool_Subset\masks\2025_05_21.tiff,0 2 255,43574,0.9994724407642728,0,0.0,23,0.0005275592357272,0,0.0,23,0.0005275592357272,train,background/no algae,0
2025-05-21,2025-05-21_r1344_c1568,6,7,1344,1568,224,224,670002.3139905898,6055379.6979485005,672248.6942669598,6057625.078082287,44793,0.8927176339285714,5383,True,True,True,data\raw\SummerSchool_Subset\images\2025-05-21\layers\2025-05-21_B04.tif,data\raw\SummerSchool_Subset\images\2025-05-21\layers\2025-05-21_B03.tif,data\raw\SummerSchool_Subset\images\2025-05-21\layers\2025-05-21_B02.tif,data\raw\SummerSchool_Subset\images\2025-05-21\layers\2025-05-21_VV.tif,data\raw\SummerSchool_Subset\images\2025-05-21\layers\2025-05-21_VH.tif,data\raw\SummerSchool_Subset\masks\2025_05_21.tiff,0 2 255,44780,0.999709776081084,0,0.0,13,0.0002902239189159,0,0.0,13,0.0002902239189159,train,background/no algae,0
2025-05-21,2025-05-21_r1344_c1792,6,8,1344,1792,224,224,672248.6942669598,6055379.6979485005,674495.0745433298,6057625.078082287,32018,0.6381138392857143,18158,True,True,True,data\raw\SummerSchool_Subset\images\2025-05-21\layers\2025-05-21_B04.tif,data\raw\SummerSchool_Subset\images\2025-05-21\layers\2025-05-21_B03.tif,data\raw\SummerSchool_Subset\images\2025-05-21\layers\2025-05-21_B02.tif,data\raw\SummerSchool_Subset\images\2025-05-21\layers\2025-05-21_VV.tif,data\raw\SummerSchool_Subset\images\2025-05-21\layers\2025-05-21_VH.tif,data\raw\SummerSchool_Subset\masks\2025_05_21.tiff,0 1 2 3 255,31103,0.97142232494222,104,0.0032481729027422,478,0.0149291023799113,333,0.0104003997751264,915,0.02857767505778,train,high,3
2025-05-21,2025-05-21_r1568_c0672,7,3,1568,672,224,224,661016.7928851099,6053134.317814715,663263.1731614799,6055379.6979485005,45130,0.8994339923469388,5046,True,True,True,data\raw\SummerSchool_Subset\images\2025-05-21\layers\2025-05-21_B04.tif,data\raw\SummerSchool_Subset\images\2025-05-21\layers\2025-05-21_B03.tif,data\raw\SummerSchool_Subset\images\2025-05-21\layers\2025-05-21_B02.tif,data\raw\SummerSchool_Subset\images\2025-05-21\layers\2025-05-21_VV.tif,data\raw\SummerSchool_Subset\images\2025-05-21\layers\2025-05-21_VH.tif,data\raw\SummerSchool_Subset\masks\2025_05_21.tiff,0 1 2 3 255,44948,0.9959672058497674,26,0.0005761134500332,120,0.0026589851539995,36,0.0007976955461998,182,0.0040327941502326,train,background/no algae,0
2025-05-21,2025-05-21_r1568_c0896,7,4,1568,896,224,224,663263.1731614799,6053134.317814715,665509.5534378499,6055379.6979485005,44268,0.8822544642857143,5908,True,True,True,data\raw\SummerSchool_Subset\images\2025-05-21\layers\2025-05-21_B04.tif,data\raw\SummerSchool_Subset\images\2025-05-21\layers\2025-05-21_B03.tif,data\raw\SummerSchool_Subset\images\2025-05-21\layers\2025-05-21_B02.tif,data\raw\SummerSchool_Subset\images\2025-05-21\layers\2025-05-21_VV.tif,data\raw\SummerSchool_Subset\images\2025-05-21\layers\2025-05-21_VH.tif,data\raw\SummerSchool_Subset\masks\2025_05_21.tiff,0 1 2 255,44221,0.998938284991416,9,0.0002033071293033,38,0.0008584078792807,0,0.0,47,0.001061715008584,train,background/no algae,0
2025-05-21,2025-05-21_r1568_c1120,7,5,1568,1120,224,224,665509.5534378499,6053134.317814715,667755.9337142198,6055379.6979485005,42905,0.8550900829081632,7271,True,True,True,data\raw\SummerSchool_Subset\images\2025-05-21\layers\2025-05-21_B04.tif,data\raw\SummerSchool_Subset\images\2025-05-21\layers\2025-05-21_B03.tif,data\raw\SummerSchool_Subset\images\2025-05-21\layers\2025-05-21_B02.tif,data\raw\SummerSchool_Subset\images\2025-05-21\layers\2025-05-21_VV.tif,data\raw\SummerSchool_Subset\images\2025-05-21\layers\2025-05-21_VH.tif,data\raw\SummerSchool_Subset\masks\2025_05_21.tiff,0 2 255,42868,0.9991376296468945,0,0.0,37,0.0008623703531056,0,0.0,37,0.0008623703531056,train,background/no algae,0
2025-05-21,2025-05-21_r1568_c1344,7,6,1568,1344,224,224,667755.9337142198,6053134.317814715,670002.3139905898,6055379.6979485005,43893,0.8747807716836735,6283,True,True,True,data\raw\SummerSchool_Subset\images\2025-05-21\layers\2025-05-21_B04.tif,data\raw\SummerSchool_Subset\images\2025-05-21\layers\2025-05-21_B03.tif,data\raw\SummerSchool_Subset\images\2025-05-21\layers\2025-05-21_B02.tif,data\raw\SummerSchool_Subset\images\2025-05-21\layers\2025-05-21_VV.tif,data\raw\SummerSchool_Subset\images\2025-05-21\layers\2025-05-21_VH.tif,data\raw\SummerSchool_Subset\masks\2025_05_21.tiff,0 2 255,43870,0.999475998450778,0,0.0,23,0.0005240015492219,0,0.0,23,0.0005240015492219,train,background/no algae,0
2025-05-21,2025-05-21_r1568_c1568,7,7,1568,1568,224,224,670002.3139905898,6053134.317814715,672248.6942669598,6055379.6979485005,44440,0.8856823979591837,5736,True,True,True,data\raw\SummerSchool_Subset\images\2025-05-21\layers\2025-05-21_B04.tif,data\raw\SummerSchool_Subset\images\2025-05-21\layers\2025-05-21_B03.tif,data\raw\SummerSchool_Subset\images\2025-05-21\layers\2025-05-21_B02.tif,data\raw\SummerSchool_Subset\images\2025-05-21\layers\2025-05-21_VV.tif,data\raw\SummerSchool_Subset\images\2025-05-21\layers\2025-05-21_VH.tif,data\raw\SummerSchool_Subset\masks\2025_05_21.tiff,0 2 255,44384,0.9987398739873988,0,0.0,56,0.0012601260126012,0,0.0,56,0.0012601260126012,train,background/no algae,0
2025-05-21,2025-05-21_r1568_c1792,7,8,1568,1792,224,224,672248.6942669598,6053134.317814715,674495.0745433298,6055379.6979485005,35630,0.7101004464285714,14546,True,True,True,data\raw\SummerSchool_Subset\images\2025-05-21\layers\2025-05-21_B04.tif,data\raw\SummerSchool_Subset\images\2025-05-21\layers\2025-05-21_B03.tif,data\raw\SummerSchool_Subset\images\2025-05-21\layers\2025-05-21_B02.tif,data\raw\SummerSchool_Subset\images\2025-05-21\layers\2025-05-21_VV.tif,data\raw\SummerSchool_Subset\images\2025-05-21\layers\2025-05-21_VH.tif,data\raw\SummerSchool_Subset\masks\2025_05_21.tiff,0 1 2 3 255,34610,0.971372438955936,145,0.0040696042660679,575,0.0161380858826831,300,0.0084198708953129,1020,0.0286275610440639,train,mid,2
2025-05-21,2025-05-21_r1568_c2016,7,9,1568,2016,224,224,674495.0745433298,6053134.317814715,676741.4548196997,6055379.6979485005,30738,0.6126036352040817,19438,True,True,True,data\raw\SummerSchool_Subset\images\2025-05-21\layers\2025-05-21_B04.tif,data\raw\SummerSchool_Subset\images\2025-05-21\layers\2025-05-21_B03.tif,data\raw\SummerSchool_Subset\images\2025-05-21\layers\2025-05-21_B02.tif,data\raw\SummerSchool_Subset\images\2025-05-21\layers\2025-05-21_VV.tif,data\raw\SummerSchool_Subset\images\2025-05-21\layers\2025-05-21_VH.tif,data\raw\SummerSchool_Subset\masks\2025_05_21.tiff,0 1 2 3 255,24960,0.8120242045676361,783,0.0254733554557876,4221,0.1373218817099356,774,0.0251805582666406,5778,0.1879757954323638,train,high,3
2025-05-21,2025-05-21_r1792_c0448,8,2,1792,448,224,224,658770.4126087399,6050888.937680929,661016.7928851099,6053134.317814715,31179,0.6213926977040817,18997,True,True,True,data\raw\SummerSchool_Subset\images\2025-05-21\layers\2025-05-21_B04.tif,data\raw\SummerSchool_Subset\images\2025-05-21\layers\2025-05-21_B03.tif,data\raw\SummerSchool_Subset\images\2025-05-21\layers\2025-05-21_B02.tif,data\raw\SummerSchool_Subset\images\2025-05-21\layers\2025-05-21_VV.tif,data\raw\SummerSchool_Subset\images\2025-05-21\layers\2025-05-21_VH.tif,data\raw\SummerSchool_Subset\masks\2025_05_21.tiff,0 1 2 3 255,29752,0.9542320151383944,376,0.0120593989544244,860,0.0275826678212899,191,0.0061259180858911,1427,0.0457679848616055,train,mid,2
2025-05-21,2025-05-21_r1792_c0672,8,3,1792,672,224,224,661016.7928851099,6050888.937680929,663263.1731614799,6053134.317814715,45118,0.8991948341836735,5058,True,True,True,data\raw\SummerSchool_Subset\images\2025-05-21\layers\2025-05-21_B04.tif,data\raw\SummerSchool_Subset\images\2025-05-21\layers\2025-05-21_B03.tif,data\raw\SummerSchool_Subset\images\2025-05-21\layers\2025-05-21_B02.tif,data\raw\SummerSchool_Subset\images\2025-05-21\layers\2025-05-21_VV.tif,data\raw\SummerSchool_Subset\images\2025-05-21\layers\2025-05-21_VH.tif,data\raw\SummerSchool_Subset\masks\2025_05_21.tiff,0 2,45084,0.9992464204973625,0,0.0,34,0.0007535795026375,0,0.0,34,0.0007535795026375,train,background/no algae,0
2025-05-21,2025-05-21_r1792_c0896,8,4,1792,896,224,224,663263.1731614799,6050888.937680929,665509.5534378499,6053134.317814715,43715,0.8712332589285714,6461,True,True,True,data\raw\SummerSchool_Subset\images\2025-05-21\layers\2025-05-21_B04.tif,data\raw\SummerSchool_Subset\images\2025-05-21\layers\2025-05-21_B03.tif,data\raw\SummerSchool_Subset\images\2025-05-21\layers\2025-05-21_B02.tif,data\raw\SummerSchool_Subset\images\2025-05-21\layers\2025-05-21_VV.tif,data\raw\SummerSchool_Subset\images\2025-05-21\layers\2025-05-21_VH.tif,data\raw\SummerSchool_Subset\masks\2025_05_21.tiff,0 2 255,43677,0.999130733157955,0,0.0,38,0.000869266842045,0,0.0,38,0.000869266842045,train,background/no algae,0
2025-05-21,2025-05-21_r1792_c1120,8,5,1792,1120,224,224,665509.5534378499,6050888.937680929,667755.9337142198,6053134.317814715,41415,0.8253946109693877,8761,True,True,True,data\raw\SummerSchool_Subset\images\2025-05-21\layers\2025-05-21_B04.tif,data\raw\SummerSchool_Subset\images\2025-05-21\layers\2025-05-21_B03.tif,data\raw\SummerSchool_Subset\images\2025-05-21\layers\2025-05-21_B02.tif,data\raw\SummerSchool_Subset\images\2025-05-21\layers\2025-05-21_VV.tif,data\raw\SummerSchool_Subset\images\2025-05-21\layers\2025-05-21_VH.tif,data\raw\SummerSchool_Subset\masks\2025_05_21.tiff,0 2 255,41350,0.9984305203428708,0,0.0,65,0.001569479657129,0,0.0,65,0.001569479657129,train,background/no algae,0
2025-05-21,2025-05-21_r1792_c1344,8,6,1792,1344,224,224,667755.9337142198,6050888.937680929,670002.3139905898,6053134.317814715,42843,0.8538544323979592,7333,True,True,True,data\raw\SummerSchool_Subset\images\2025-05-21\layers\2025-05-21_B04.tif,data\raw\SummerSchool_Subset\images\2025-05-21\layers\2025-05-21_B03.tif,data\raw\SummerSchool_Subset\images\2025-05-21\layers\2025-05-21_B02.tif,data\raw\SummerSchool_Subset\images\2025-05-21\layers\2025-05-21_VV.tif,data\raw\SummerSchool_Subset\images\2025-05-21\layers\2025-05-21_VH.tif,data\raw\SummerSchool_Subset\masks\2025_05_21.tiff,0 2 255,42774,0.9983894685246132,0,0.0,69,0.0016105314753868,0,0.0,69,0.0016105314753868,train,background/no algae,0
2025-05-21,2025-05-21_r1792_c1568,8,7,1792,1568,224,224,670002.3139905898,6050888.937680929,672248.6942669598,6053134.317814715,43815,0.8732262436224489,6361,True,True,True,data\raw\SummerSchool_Subset\images\2025-05-21\layers\2025-05-21_B04.tif,data\raw\SummerSchool_Subset\images\2025-05-21\layers\2025-05-21_B03.tif,data\raw\SummerSchool_Subset\images\2025-05-21\layers\2025-05-21_B02.tif,data\raw\SummerSchool_Subset\images\2025-05-21\layers\2025-05-21_VV.tif,data\raw\SummerSchool_Subset\images\2025-05-21\layers\2025-05-21_VH.tif,data\raw\SummerSchool_Subset\masks\2025_05_21.tiff,0 2 255,43709,0.99758073719046,0,0.0,106,0.0024192628095401,0,0.0,106,0.0024192628095401,train,background/no algae,0
2025-05-21,2025-05-21_r1792_c1792,8,8,1792,1792,224,224,672248.6942669598,6050888.937680929,674495.0745433298,6053134.317814715,42814,0.8532764668367347,7362,True,True,True,data\raw\SummerSchool_Subset\images\2025-05-21\layers\2025-05-21_B04.tif,data\raw\SummerSchool_Subset\images\2025-05-21\layers\2025-05-21_B03.tif,data\raw\SummerSchool_Subset\images\2025-05-21\layers\2025-05-21_B02.tif,data\raw\SummerSchool_Subset\images\2025-05-21\layers\2025-05-21_VV.tif,data\raw\SummerSchool_Subset\images\2025-05-21\layers\2025-05-21_VH.tif,data\raw\SummerSchool_Subset\masks\2025_05_21.tiff,0 1 2 3 255,42382,0.9899098425748588,22,0.0005138506096136,260,0.006072779931798,150,0.0035035268837296,432,0.0100901574251413,train,background/no algae,0
2025-05-21,2025-05-21_r1792_c2016,8,9,1792,2016,224,224,674495.0745433298,6050888.937680929,676741.4548196997,6053134.317814715,36521,0.7278579400510204,13655,True,True,True,data\raw\SummerSchool_Subset\images\2025-05-21\layers\2025-05-21_B04.tif,data\raw\SummerSchool_Subset\images\2025-05-21\layers\2025-05-21_B03.tif,data\raw\SummerSchool_Subset\images\2025-05-21\layers\2025-05-21_B02.tif,data\raw\SummerSchool_Subset\images\2025-05-21\layers\2025-05-21_VV.tif,data\raw\SummerSchool_Subset\images\2025-05-21\layers\2025-05-21_VH.tif,data\raw\SummerSchool_Subset\masks\2025_05_21.tiff,0 1 2 3 255,33785,0.9250841981325812,361,0.0098847238575066,1924,0.0526820185646614,451,0.0123490594452506,2736,0.0749158018674187,train,high,3
2025-05-21,2025-05-21_r2016_c0224,9,1,2016,224,224,224,656524.0323323699,6048643.557547144,658770.4126087399,6050888.937680929,32506,0.6478396045918368,17670,True,True,True,data\raw\SummerSchool_Subset\images\2025-05-21\layers\2025-05-21_B04.tif,data\raw\SummerSchool_Subset\images\2025-05-21\layers\2025-05-21_B03.tif,data\raw\SummerSchool_Subset\images\2025-05-21\layers\2025-05-21_B02.tif,data\raw\SummerSchool_Subset\images\2025-05-21\layers\2025-05-21_VV.tif,data\raw\SummerSchool_Subset\images\2025-05-21\layers\2025-05-21_VH.tif,data\raw\SummerSchool_Subset\masks\2025_05_21.tiff,0 1 2 3 255,30510,0.9385959515166432,218,0.006706454193072,1195,0.0367624438565188,583,0.017935150433766,1996,0.0614040484833569,train,high,3
2025-05-21,2025-05-21_r2016_c0448,9,2,2016,448,224,224,658770.4126087399,6048643.557547144,661016.7928851099,6050888.937680929,45696,0.9107142857142856,4480,True,True,True,data\raw\SummerSchool_Subset\images\2025-05-21\layers\2025-05-21_B04.tif,data\raw\SummerSchool_Subset\images\2025-05-21\layers\2025-05-21_B03.tif,data\raw\SummerSchool_Subset\images\2025-05-21\layers\2025-05-21_B02.tif,data\raw\SummerSchool_Subset\images\2025-05-21\layers\2025-05-21_VV.tif,data\raw\SummerSchool_Subset\images\2025-05-21\layers\2025-05-21_VH.tif,data\raw\SummerSchool_Subset\masks\2025_05_21.tiff,0 1 255,45553,0.9968706232492998,143,0.0031293767507002,0,0.0,0,0.0,143,0.0031293767507002,train,background/no algae,0
2025-05-21,2025-05-21_r2016_c0672,9,3,2016,672,224,224,661016.7928851099,6048643.557547144,663263.1731614799,6050888.937680929,44921,0.8952686543367347,5255,True,True,True,data\raw\SummerSchool_Subset\images\2025-05-21\layers\2025-05-21_B04.tif,data\raw\SummerSchool_Subset\images\2025-05-21\layers\2025-05-21_B03.tif,data\raw\SummerSchool_Subset\images\2025-05-21\layers\2025-05-21_B02.tif,data\raw\SummerSchool_Subset\images\2025-05-21\layers\2025-05-21_VV.tif,data\raw\SummerSchool_Subset\images\2025-05-21\layers\2025-05-21_VH.tif,data\raw\SummerSchool_Subset\masks\2025_05_21.tiff,0 2 255,44860,0.998642060506222,0,0.0,61,0.0013579394937779,0,0.0,61,0.0013579394937779,train,background/no algae,0
2025-05-21,2025-05-21_r2016_c0896,9,4,2016,896,224,224,663263.1731614799,6048643.557547144,665509.5534378499,6050888.937680929,43220,0.8613679846938775,6956,True,True,True,data\raw\SummerSchool_Subset\images\2025-05-21\layers\2025-05-21_B04.tif,data\raw\SummerSchool_Subset\images\2025-05-21\layers\2025-05-21_B03.tif,data\raw\SummerSchool_Subset\images\2025-05-21\layers\2025-05-21_B02.tif,data\raw\SummerSchool_Subset\images\2025-05-21\layers\2025-05-21_VV.tif,data\raw\SummerSchool_Subset\images\2025-05-21\layers\2025-05-21_VH.tif,data\raw\SummerSchool_Subset\masks\2025_05_21.tiff,0 2 255,43166,0.9987505784359092,0,0.0,54,0.0012494215640906,0,0.0,54,0.0012494215640906,train,background/no algae,0
2025-05-21,2025-05-21_r2016_c1120,9,5,2016,1120,224,224,665509.5534378499,6048643.557547144,667755.9337142198,6050888.937680929,41431,0.8257134885204082,8745,True,True,True,data\raw\SummerSchool_Subset\images\2025-05-21\layers\2025-05-21_B04.tif,data\raw\SummerSchool_Subset\images\2025-05-21\layers\2025-05-21_B03.tif,data\raw\SummerSchool_Subset\images\2025-05-21\layers\2025-05-21_B02.tif,data\raw\SummerSchool_Subset\images\2025-05-21\layers\2025-05-21_VV.tif,data\raw\SummerSchool_Subset\images\2025-05-21\layers\2025-05-21_VH.tif,data\raw\SummerSchool_Subset\masks\2025_05_21.tiff,0 1 2 255,41303,0.9969105259346864,3,7.240954840578311e-05,125,0.0030170645169076,0,0.0,128,0.0030894740653134,train,background/no algae,0
2025-05-21,2025-05-21_r2016_c1344,9,6,2016,1344,224,224,667755.9337142198,6048643.557547144,670002.3139905898,6050888.937680929,43401,0.8649752869897959,6775,True,True,True,data\raw\SummerSchool_Subset\images\2025-05-21\layers\2025-05-21_B04.tif,data\raw\SummerSchool_Subset\images\2025-05-21\layers\2025-05-21_B03.tif,data\raw\SummerSchool_Subset\images\2025-05-21\layers\2025-05-21_B02.tif,data\raw\SummerSchool_Subset\images\2025-05-21\layers\2025-05-21_VV.tif,data\raw\SummerSchool_Subset\images\2025-05-21\layers\2025-05-21_VH.tif,data\raw\SummerSchool_Subset\masks\2025_05_21.tiff,0 2 255,43171,0.994700582935877,0,0.0,230,0.0052994170641229,0,0.0,230,0.0052994170641229,train,background/no algae,0
2025-05-21,2025-05-21_r2016_c1568,9,7,2016,1568,224,224,670002.3139905898,6048643.557547144,672248.6942669598,6050888.937680929,43834,0.8736049107142857,6342,True,True,True,data\raw\SummerSchool_Subset\images\2025-05-21\layers\2025-05-21_B04.tif,data\raw\SummerSchool_Subset\images\2025-05-21\layers\2025-05-21_B03.tif,data\raw\SummerSchool_Subset\images\2025-05-21\layers\2025-05-21_B02.tif,data\raw\SummerSchool_Subset\images\2025-05-21\layers\2025-05-21_VV.tif,data\raw\SummerSchool_Subset\images\2025-05-21\layers\2025-05-21_VH.tif,data\raw\SummerSchool_Subset\masks\2025_05_21.tiff,0 2 255,43633,0.9954145184103664,0,0.0,201,0.0045854815896336,0,0.0,201,0.0045854815896336,train,background/no algae,0
2025-05-21,2025-05-21_r2016_c1792,9,8,2016,1792,224,224,672248.6942669598,6048643.557547144,674495.0745433298,6050888.937680929,28991,0.5777861926020408,21185,True,True,True,data\raw\SummerSchool_Subset\images\2025-05-21\layers\2025-05-21_B04.tif,data\raw\SummerSchool_Subset\images\2025-05-21\layers\2025-05-21_B03.tif,data\raw\SummerSchool_Subset\images\2025-05-21\layers\2025-05-21_B02.tif,data\raw\SummerSchool_Subset\images\2025-05-21\layers\2025-05-21_VV.tif,data\raw\SummerSchool_Subset\images\2025-05-21\layers\2025-05-21_VH.tif,data\raw\SummerSchool_Subset\masks\2025_05_21.tiff,0 1 2 3 255,27899,0.9623331378703736,33,0.001138284295126,692,0.0238694767341588,367,0.0126591011003414,1092,0.0376668621296264,train,high,3
2025-05-21,2025-05-21_r2240_c0000,10,0,2240,0,224,224,654277.652056,6046398.177413358,656524.0323323699,6048643.557547144,25166,0.5015545280612245,25010,True,True,True,data\raw\SummerSchool_Subset\images\2025-05-21\layers\2025-05-21_B04.tif,data\raw\SummerSchool_Subset\images\2025-05-21\layers\2025-05-21_B03.tif,data\raw\SummerSchool_Subset\images\2025-05-21\layers\2025-05-21_B02.tif,data\raw\SummerSchool_Subset\images\2025-05-21\layers\2025-05-21_VV.tif,data\raw\SummerSchool_Subset\images\2025-05-21\layers\2025-05-21_VH.tif,data\raw\SummerSchool_Subset\masks\2025_05_21.tiff,0 1 2 3 255,22010,0.8745927044425018,1640,0.0651672891997139,993,0.0394579988873877,523,0.0207820074703965,3156,0.1254072955574982,train,high,3
2025-05-21,2025-05-21_r2240_c0224,10,1,2240,224,224,224,656524.0323323699,6046398.177413358,658770.4126087399,6048643.557547144,47159,0.9398716517857144,3017,True,True,True,data\raw\SummerSchool_Subset\images\2025-05-21\layers\2025-05-21_B04.tif,data\raw\SummerSchool_Subset\images\2025-05-21\layers\2025-05-21_B03.tif,data\raw\SummerSchool_Subset\images\2025-05-21\layers\2025-05-21_B02.tif,data\raw\SummerSchool_Subset\images\2025-05-21\layers\2025-05-21_VV.tif,data\raw\SummerSchool_Subset\images\2025-05-21\layers\2025-05-21_VH.tif,data\raw\SummerSchool_Subset\masks\2025_05_21.tiff,0 2 3 255,47027,0.9972009584596788,0,0.0,83,0.0017600033927776,49,0.0010390381475434,132,0.002799041540321,train,background/no algae,0
2025-05-21,2025-05-21_r2240_c0448,10,2,2240,448,224,224,658770.4126087399,6046398.177413358,661016.7928851099,6048643.557547144,45872,0.9142219387755102,4304,True,True,True,data\raw\SummerSchool_Subset\images\2025-05-21\layers\2025-05-21_B04.tif,data\raw\SummerSchool_Subset\images\2025-05-21\layers\2025-05-21_B03.tif,data\raw\SummerSchool_Subset\images\2025-05-21\layers\2025-05-21_B02.tif,data\raw\SummerSchool_Subset\images\2025-05-21\layers\2025-05-21_VV.tif,data\raw\SummerSchool_Subset\images\2025-05-21\layers\2025-05-21_VH.tif,data\raw\SummerSchool_Subset\masks\2025_05_21.tiff,0 2 255,45870,0.999956400418556,0,0.0,2,4.359958144401814e-05,0,0.0,2,4.359958144401814e-05,train,background/no algae,0
2025-05-21,2025-05-21_r2240_c0672,10,3,2240,672,224,224,661016.7928851099,6046398.177413358,663263.1731614799,6048643.557547144,44058,0.8780691964285714,6118,True,True,True,data\raw\SummerSchool_Subset\images\2025-05-21\layers\2025-05-21_B04.tif,data\raw\SummerSchool_Subset\images\2025-05-21\layers\2025-05-21_B03.tif,data\raw\SummerSchool_Subset\images\2025-05-21\layers\2025-05-21_B02.tif,data\raw\SummerSchool_Subset\images\2025-05-21\layers\2025-05-21_VV.tif,data\raw\SummerSchool_Subset\images\2025-05-21\layers\2025-05-21_VH.tif,data\raw\SummerSchool_Subset\masks\2025_05_21.tiff,0 2,44022,0.999182895274411,0,0.0,36,0.0008171047255889,0,0.0,36,0.0008171047255889,train,background/no algae,0
2025-05-21,2025-05-21_r2240_c0896,10,4,2240,896,224,224,663263.1731614799,6046398.177413358,665509.5534378499,6048643.557547144,42591,0.8488321109693877,7585,True,True,True,data\raw\SummerSchool_Subset\images\2025-05-21\layers\2025-05-21_B04.tif,data\raw\SummerSchool_Subset\images\2025-05-21\layers\2025-05-21_B03.tif,data\raw\SummerSchool_Subset\images\2025-05-21\layers\2025-05-21_B02.tif,data\raw\SummerSchool_Subset\images\2025-05-21\layers\2025-05-21_VV.tif,data\raw\SummerSchool_Subset\images\2025-05-21\layers\2025-05-21_VH.tif,data\raw\SummerSchool_Subset\masks\2025_05_21.tiff,0 2 255,42518,0.9982860228686812,0,0.0,73,0.0017139771313188,0,0.0,73,0.0017139771313188,train,background/no algae,0
2025-05-21,2025-05-21_r2240_c1120,10,5,2240,1120,224,224,665509.5534378499,6046398.177413358,667755.9337142198,6048643.557547144,42104,0.8391262755102041,8072,True,True,True,data\raw\SummerSchool_Subset\images\2025-05-21\layers\2025-05-21_B04.tif,data\raw\SummerSchool_Subset\images\2025-05-21\layers\2025-05-21_B03.tif,data\raw\SummerSchool_Subset\images\2025-05-21\layers\2025-05-21_B02.tif,data\raw\SummerSchool_Subset\images\2025-05-21\layers\2025-05-21_VV.tif,data\raw\SummerSchool_Subset\images\2025-05-21\layers\2025-05-21_VH.tif,data\raw\SummerSchool_Subset\masks\2025_05_21.tiff,0 2 255,41982,0.9971024130723922,0,0.0,122,0.0028975869276078,0,0.0,122,0.0028975869276078,train,background/no algae,0
2025-05-21,2025-05-21_r2240_c1344,10,6,2240,1344,224,224,667755.9337142198,6046398.177413358,670002.3139905898,6048643.557547144,43850,0.8739237882653061,6326,True,True,True,data\raw\SummerSchool_Subset\images\2025-05-21\layers\2025-05-21_B04.tif,data\raw\SummerSchool_Subset\images\2025-05-21\layers\2025-05-21_B03.tif,data\raw\SummerSchool_Subset\images\2025-05-21\layers\2025-05-21_B02.tif,data\raw\SummerSchool_Subset\images\2025-05-21\layers\2025-05-21_VV.tif,data\raw\SummerSchool_Subset\images\2025-05-21\layers\2025-05-21_VH.tif,data\raw\SummerSchool_Subset\masks\2025_05_21.tiff,0 2 255,43605,0.994412770809578,0,0.0,245,0.0055872291904218,0,0.0,245,0.0055872291904218,train,background/no algae,0
2025-05-21,2025-05-21_r2240_c1568,10,7,2240,1568,224,224,670002.3139905898,6046398.177413358,672248.6942669598,6048643.557547144,42574,0.8484933035714286,7602,True,True,True,data\raw\SummerSchool_Subset\images\2025-05-21\layers\2025-05-21_B04.tif,data\raw\SummerSchool_Subset\images\2025-05-21\layers\2025-05-21_B03.tif,data\raw\SummerSchool_Subset\images\2025-05-21\layers\2025-05-21_B02.tif,data\raw\SummerSchool_Subset\images\2025-05-21\layers\2025-05-21_VV.tif,data\raw\SummerSchool_Subset\images\2025-05-21\layers\2025-05-21_VH.tif,data\raw\SummerSchool_Subset\masks\2025_05_21.tiff,0 1 2 3 255,42043,0.987527599004087,44,0.0010334946211302,322,0.0075633015455442,165,0.0038756048292385,531,0.0124724009959129,train,background/no algae,0
2025-05-21,2025-05-21_r2464_c0000,11,0,2464,0,224,224,654277.652056,6044152.797279572,656524.0323323699,6046398.177413358,23426,0.4668765943877551,26750,True,True,True,data\raw\SummerSchool_Subset\images\2025-05-21\layers\2025-05-21_B04.tif,data\raw\SummerSchool_Subset\images\2025-05-21\layers\2025-05-21_B03.tif,data\raw\SummerSchool_Subset\images\2025-05-21\layers\2025-05-21_B02.tif,data\raw\SummerSchool_Subset\images\2025-05-21\layers\2025-05-21_VV.tif,data\raw\SummerSchool_Subset\images\2025-05-21\layers\2025-05-21_VH.tif,data\raw\SummerSchool_Subset\masks\2025_05_21.tiff,0 1 2 3 255,18945,0.8087168103816272,1456,0.0621531631520532,2640,0.1126952958251515,385,0.0164347306411679,4481,0.1912831896183727,train,high,3
2025-05-21,2025-05-21_r2464_c0224,11,1,2464,224,224,224,656524.0323323699,6044152.797279572,658770.4126087399,6046398.177413358,47028,0.9372608418367347,3148,True,True,True,data\raw\SummerSchool_Subset\images\2025-05-21\layers\2025-05-21_B04.tif,data\raw\SummerSchool_Subset\images\2025-05-21\layers\2025-05-21_B03.tif,data\raw\SummerSchool_Subset\images\2025-05-21\layers\2025-05-21_B02.tif,data\raw\SummerSchool_Subset\images\2025-05-21\layers\2025-05-21_VV.tif,data\raw\SummerSchool_Subset\images\2025-05-21\layers\2025-05-21_VH.tif,data\raw\SummerSchool_Subset\masks\2025_05_21.tiff,0 1 2 3 255,45847,0.9748873011822744,258,0.0054860933911712,818,0.0173938929999149,105,0.0022327124266394,1181,0.0251126988177256,train,mid,2
2025-05-21,2025-05-21_r2464_c0448,11,2,2464,448,224,224,658770.4126087399,6044152.797279572,661016.7928851099,6046398.177413358,46273,0.9222138073979592,3903,True,True,True,data\raw\SummerSchool_Subset\images\2025-05-21\layers\2025-05-21_B04.tif,data\raw\SummerSchool_Subset\images\2025-05-21\layers\2025-05-21_B03.tif,data\raw\SummerSchool_Subset\images\2025-05-21\layers\2025-05-21_B02.tif,data\raw\SummerSchool_Subset\images\2025-05-21\layers\2025-05-21_VV.tif,data\raw\SummerSchool_Subset\images\2025-05-21\layers\2025-05-21_VH.tif,data\raw\SummerSchool_Subset\masks\2025_05_21.tiff,0 1 2 3 255,46035,0.9948566118470814,5,0.0001080543729604,213,0.0046031162881161,20,0.0004322174918418,238,0.0051433881529185,train,background/no algae,0
2025-05-21,2025-05-21_r2464_c0672,11,3,2464,672,224,224,661016.7928851099,6044152.797279572,663263.1731614799,6046398.177413358,44534,0.8875558035714286,5642,True,True,True,data\raw\SummerSchool_Subset\images\2025-05-21\layers\2025-05-21_B04.tif,data\raw\SummerSchool_Subset\images\2025-05-21\layers\2025-05-21_B03.tif,data\raw\SummerSchool_Subset\images\2025-05-21\layers\2025-05-21_B02.tif,data\raw\SummerSchool_Subset\images\2025-05-21\layers\2025-05-21_VV.tif,data\raw\SummerSchool_Subset\images\2025-05-21\layers\2025-05-21_VH.tif,data\raw\SummerSchool_Subset\masks\2025_05_21.tiff,0 1 2 3 255,43727,0.9818790137872188,72,0.0016167422643373,508,0.0114070148650469,227,0.0050972290833969,807,0.0181209862127812,train,mid,2
2025-05-21,2025-05-21_r2464_c0896,11,4,2464,896,224,224,663263.1731614799,6044152.797279572,665509.5534378499,6046398.177413358,43262,0.8622050382653061,6914,True,True,True,data\raw\SummerSchool_Subset\images\2025-05-21\layers\2025-05-21_B04.tif,data\raw\SummerSchool_Subset\images\2025-05-21\layers\2025-05-21_B03.tif,data\raw\SummerSchool_Subset\images\2025-05-21\layers\2025-05-21_B02.tif,data\raw\SummerSchool_Subset\images\2025-05-21\layers\2025-05-21_VV.tif,data\raw\SummerSchool_Subset\images\2025-05-21\layers\2025-05-21_VH.tif,data\raw\SummerSchool_Subset\masks\2025_05_21.tiff,0 1 2 3 255,42906,0.9917710692986916,51,0.001178863667884,210,0.0048541445148166,95,0.0021959225186075,356,0.0082289307013083,train,background/no algae,0
2025-05-21,2025-05-21_r2464_c1120,11,5,2464,1120,224,224,665509.5534378499,6044152.797279572,667755.9337142198,6046398.177413358,42646,0.8499282525510204,7530,True,True,True,data\raw\SummerSchool_Subset\images\2025-05-21\layers\2025-05-21_B04.tif,data\raw\SummerSchool_Subset\images\2025-05-21\layers\2025-05-21_B03.tif,data\raw\SummerSchool_Subset\images\2025-05-21\layers\2025-05-21_B02.tif,data\raw\SummerSchool_Subset\images\2025-05-21\layers\2025-05-21_VV.tif,data\raw\SummerSchool_Subset\images\2025-05-21\layers\2025-05-21_VH.tif,data\raw\SummerSchool_Subset\masks\2025_05_21.tiff,0 2 255,42564,0.9980771936406696,0,0.0,82,0.0019228063593303,0,0.0,82,0.0019228063593303,train,background/no algae,0
2025-05-21,2025-05-21_r2464_c1344,11,6,2464,1344,224,224,667755.9337142198,6044152.797279572,670002.3139905898,6046398.177413358,44195,0.8807995854591837,5981,True,True,True,data\raw\SummerSchool_Subset\images\2025-05-21\layers\2025-05-21_B04.tif,data\raw\SummerSchool_Subset\images\2025-05-21\layers\2025-05-21_B03.tif,data\raw\SummerSchool_Subset\images\2025-05-21\layers\2025-05-21_B02.tif,data\raw\SummerSchool_Subset\images\2025-05-21\layers\2025-05-21_VV.tif,data\raw\SummerSchool_Subset\images\2025-05-21\layers\2025-05-21_VH.tif,data\raw\SummerSchool_Subset\masks\2025_05_21.tiff,0 2 255,44043,0.9965606969114154,0,0.0,152,0.0034393030885846,0,0.0,152,0.0034393030885846,train,background/no algae,0
2025-05-21,2025-05-21_r2464_c1568,11,7,2464,1568,224,224,670002.3139905898,6044152.797279572,672248.6942669598,6046398.177413358,32200,0.6417410714285714,17976,True,True,True,data\raw\SummerSchool_Subset\images\2025-05-21\layers\2025-05-21_B04.tif,data\raw\SummerSchool_Subset\images\2025-05-21\layers\2025-05-21_B03.tif,data\raw\SummerSchool_Subset\images\2025-05-21\layers\2025-05-21_B02.tif,data\raw\SummerSchool_Subset\images\2025-05-21\layers\2025-05-21_VV.tif,data\raw\SummerSchool_Subset\images\2025-05-21\layers\2025-05-21_VH.tif,data\raw\SummerSchool_Subset\masks\2025_05_21.tiff,0 1 2 3 255,30477,0.9464906832298136,265,0.0082298136645962,1009,0.031335403726708,449,0.0139440993788819,1723,0.0535093167701863,train,high,3
2025-05-21,2025-05-21_r2688_c0224,12,1,2688,224,224,224,656524.0323323699,6041907.417145787,658770.4126087399,6044152.797279572,16253,0.3239198022959184,33923,True,True,True,data\raw\SummerSchool_Subset\images\2025-05-21\layers\2025-05-21_B04.tif,data\raw\SummerSchool_Subset\images\2025-05-21\layers\2025-05-21_B03.tif,data\raw\SummerSchool_Subset\images\2025-05-21\layers\2025-05-21_B02.tif,data\raw\SummerSchool_Subset\images\2025-05-21\layers\2025-05-21_VV.tif,data\raw\SummerSchool_Subset\images\2025-05-21\layers\2025-05-21_VH.tif,data\raw\SummerSchool_Subset\masks\2025_05_21.tiff,0 1 2 3 255,12917,0.7947455854303821,756,0.0465144896326832,1449,0.0891527717959761,1131,0.0695871531409585,3336,0.2052544145696179,train,high,3
2025-05-21,2025-05-21_r2688_c0448,12,2,2688,448,224,224,658770.4126087399,6041907.417145787,661016.7928851099,6044152.797279572,28174,0.5615035076530612,22002,True,True,True,data\raw\SummerSchool_Subset\images\2025-05-21\layers\2025-05-21_B04.tif,data\raw\SummerSchool_Subset\images\2025-05-21\layers\2025-05-21_B03.tif,data\raw\SummerSchool_Subset\images\2025-05-21\layers\2025-05-21_B02.tif,data\raw\SummerSchool_Subset\images\2025-05-21\layers\2025-05-21_VV.tif,data\raw\SummerSchool_Subset\images\2025-05-21\layers\2025-05-21_VH.tif,data\raw\SummerSchool_Subset\masks\2025_05_21.tiff,0 1 2 3 255,24523,0.8704124369986512,1163,0.0412791935827358,2038,0.0723361964932207,450,0.0159721729253922,3651,0.1295875630013487,train,high,3
2025-05-21,2025-05-21_r2688_c0896,12,4,2688,896,224,224,663263.1731614799,6041907.417145787,665509.5534378499,6044152.797279572,13860,0.2762276785714285,36316,True,True,True,data\raw\SummerSchool_Subset\images\2025-05-21\layers\2025-05-21_B04.tif,data\raw\SummerSchool_Subset\images\2025-05-21\layers\2025-05-21_B03.tif,data\raw\SummerSchool_Subset\images\2025-05-21\layers\2025-05-21_B02.tif,data\raw\SummerSchool_Subset\images\2025-05-21\layers\2025-05-21_VV.tif,data\raw\SummerSchool_Subset\images\2025-05-21\layers\2025-05-21_VH.tif,data\raw\SummerSchool_Subset\masks\2025_05_21.tiff,0 1 2 3 255,11094,0.8004329004329004,1371,0.0989177489177489,900,0.0649350649350649,495,0.0357142857142857,2766,0.1995670995670995,train,high,3
2025-05-21,2025-05-21_r2688_c1120,12,5,2688,1120,224,224,665509.5534378499,6041907.417145787,667755.9337142198,6044152.797279572,20724,0.4130261479591837,29452,True,True,True,data\raw\SummerSchool_Subset\images\2025-05-21\layers\2025-05-21_B04.tif,data\raw\SummerSchool_Subset\images\2025-05-21\layers\2025-05-21_B03.tif,data\raw\SummerSchool_Subset\images\2025-05-21\layers\2025-05-21_B02.tif,data\raw\SummerSchool_Subset\images\2025-05-21\layers\2025-05-21_VV.tif,data\raw\SummerSchool_Subset\images\2025-05-21\layers\2025-05-21_VH.tif,data\raw\SummerSchool_Subset\masks\2025_05_21.tiff,0 1 2 3 255,18885,0.9112623045744064,931,0.0449237598919127,528,0.0254777070063694,380,0.0183362285273113,1839,0.0887376954255935,train,high,3
2025-05-21,2025-05-21_r2688_c1344,12,6,2688,1344,224,224,667755.9337142198,6041907.417145787,670002.3139905898,6044152.797279572,44690,0.8906648596938775,5486,True,True,True,data\raw\SummerSchool_Subset\images\2025-05-21\layers\2025-05-21_B04.tif,data\raw\SummerSchool_Subset\images\2025-05-21\layers\2025-05-21_B03.tif,data\raw\SummerSchool_Subset\images\2025-05-21\layers\2025-05-21_B02.tif,data\raw\SummerSchool_Subset\images\2025-05-21\layers\2025-05-21_VV.tif,data\raw\SummerSchool_Subset\images\2025-05-21\layers\2025-05-21_VH.tif,data\raw\SummerSchool_Subset\masks\2025_05_21.tiff,0 1 2 3 255,43913,0.9826135600805548,17,0.0003803982993958,555,0.0124188856567464,205,0.0045871559633027,777,0.017386439919445,train,mid,2
2025-05-21,2025-05-21_r2688_c1568,12,7,2688,1568,224,224,670002.3139905898,6041907.417145787,672248.6942669598,6044152.797279572,34096,0.6795280612244898,16080,True,True,True,data\raw\SummerSchool_Subset\images\2025-05-21\layers\2025-05-21_B04.tif,data\raw\SummerSchool_Subset\images\2025-05-21\layers\2025-05-21_B03.tif,data\raw\SummerSchool_Subset\images\2025-05-21\layers\2025-05-21_B02.tif,data\raw\SummerSchool_Subset\images\2025-05-21\layers\2025-05-21_VV.tif,data\raw\SummerSchool_Subset\images\2025-05-21\layers\2025-05-21_VH.tif,data\raw\SummerSchool_Subset\masks\2025_05_21.tiff,0 1 2 3 255,31740,0.9309009854528392,130,0.0038127639605818,1436,0.0421163772876583,790,0.0231698732989206,2356,0.0690990145471609,train,high,3
2025-05-21,2025-05-21_r2912_c1344,13,6,2912,1344,224,224,667755.9337142198,6039662.037012001,670002.3139905898,6041907.417145787,11289,0.2249880420918367,38887,True,True,True,data\raw\SummerSchool_Subset\images\2025-05-21\layers\2025-05-21_B04.tif,data\raw\SummerSchool_Subset\images\2025-05-21\layers\2025-05-21_B03.tif,data\raw\SummerSchool_Subset\images\2025-05-21\layers\2025-05-21_B02.tif,data\raw\SummerSchool_Subset\images\2025-05-21\layers\2025-05-21_VV.tif,data\raw\SummerSchool_Subset\images\2025-05-21\layers\2025-05-21_VH.tif,data\raw\SummerSchool_Subset\masks\2025_05_21.tiff,0 1 2 3 255,8752,0.775267959961024,89,0.00788378067145,1962,0.1737975019930906,486,0.0430507573744352,2537,0.2247320400389759,train,high,3
2025-08-12,2025-08-12_r0224_c2016,1,9,224,2016,224,224,674495.0745433298,6066606.598617429,676741.4548196997,6068851.978751215,13979,0.2785993303571428,36197,True,True,True,data\raw\SummerSchool_Subset\images\2025-08-12\layers\2025-08-12_B04.tif,data\raw\SummerSchool_Subset\images\2025-08-12\layers\2025-08-12_B03.tif,data\raw\SummerSchool_Subset\images\2025-08-12\layers\2025-08-12_B02.tif,data\raw\SummerSchool_Subset\images\2025-08-12\layers\2025-08-12_VV.tif,data\raw\SummerSchool_Subset\images\2025-08-12\layers\2025-08-12_VH.tif,data\raw\SummerSchool_Subset\masks\2025_08_12.tiff,0 1 2 3 255,364,0.0260390585878818,1953,0.1397095643465198,10155,0.726446813076758,1507,0.1078045639888404,13615,0.9739609414121182,train,high,3
2025-08-12,2025-08-12_r0448_c1792,2,8,448,1792,224,224,672248.6942669598,6064361.218483644,674495.0745433298,6066606.598617429,21880,0.4360650510204081,28296,True,True,True,data\raw\SummerSchool_Subset\images\2025-08-12\layers\2025-08-12_B04.tif,data\raw\SummerSchool_Subset\images\2025-08-12\layers\2025-08-12_B03.tif,data\raw\SummerSchool_Subset\images\2025-08-12\layers\2025-08-12_B02.tif,data\raw\SummerSchool_Subset\images\2025-08-12\layers\2025-08-12_VV.tif,data\raw\SummerSchool_Subset\images\2025-08-12\layers\2025-08-12_VH.tif,data\raw\SummerSchool_Subset\masks\2025_08_12.tiff,0 1 2 3 255,1,4.570383912248629e-05,1261,0.0576325411334552,18976,0.8672760511882999,1642,0.0750457038391224,21879,0.9999542961608776,train,high,3
2025-08-12,2025-08-12_r0448_c2016,2,9,448,2016,224,224,674495.0745433298,6064361.218483644,676741.4548196997,6066606.598617429,10773,0.2147042410714285,39403,True,True,True,data\raw\SummerSchool_Subset\images\2025-08-12\layers\2025-08-12_B04.tif,data\raw\SummerSchool_Subset\images\2025-08-12\layers\2025-08-12_B03.tif,data\raw\SummerSchool_Subset\images\2025-08-12\layers\2025-08-12_B02.tif,data\raw\SummerSchool_Subset\images\2025-08-12\layers\2025-08-12_VV.tif,data\raw\SummerSchool_Subset\images\2025-08-12\layers\2025-08-12_VH.tif,data\raw\SummerSchool_Subset\masks\2025_08_12.tiff,0 1 2 3 255,21,0.0019493177387914,129,0.011974380395433,10248,0.9512670565302144,375,0.0348092453355611,10752,0.9980506822612084,train,high,3
2025-08-12,2025-08-12_r0448_c2240,2,10,448,2240,224,224,676741.4548196997,6064361.218483644,678987.8350960697,6066606.598617429,21486,0.4282126913265306,28690,True,True,True,data\raw\SummerSchool_Subset\images\2025-08-12\layers\2025-08-12_B04.tif,data\raw\SummerSchool_Subset\images\2025-08-12\layers\2025-08-12_B03.tif,data\raw\SummerSchool_Subset\images\2025-08-12\layers\2025-08-12_B02.tif,data\raw\SummerSchool_Subset\images\2025-08-12\layers\2025-08-12_VV.tif,data\raw\SummerSchool_Subset\images\2025-08-12\layers\2025-08-12_VH.tif,data\raw\SummerSchool_Subset\masks\2025_08_12.tiff,0 1 2 3 255,1083,0.0504049148282602,275,0.0127990319277669,19289,0.8977473703807131,839,0.0390486828632598,20403,0.9495950851717396,train,high,3
2025-08-12,2025-08-12_r0672_c0448,3,2,672,448,224,224,658770.4126087399,6062115.838349857,661016.7928851099,6064361.218483644,13124,0.2615593112244898,37052,True,True,True,data\raw\SummerSchool_Subset\images\2025-08-12\layers\2025-08-12_B04.tif,data\raw\SummerSchool_Subset\images\2025-08-12\layers\2025-08-12_B03.tif,data\raw\SummerSchool_Subset\images\2025-08-12\layers\2025-08-12_B02.tif,data\raw\SummerSchool_Subset\images\2025-08-12\layers\2025-08-12_VV.tif,data\raw\SummerSchool_Subset\images\2025-08-12\layers\2025-08-12_VH.tif,data\raw\SummerSchool_Subset\masks\2025_08_12.tiff,0 1 2 3 255,6741,0.5136391344102408,4653,0.3545412983846388,891,0.067890886924718,839,0.0639286802804023,6383,0.4863608655897592,train,high,3
2025-08-12,2025-08-12_r0672_c1120,3,5,672,1120,224,224,665509.5534378499,6062115.838349857,667755.9337142198,6064361.218483644,14856,0.296077806122449,35320,True,True,True,data\raw\SummerSchool_Subset\images\2025-08-12\layers\2025-08-12_B04.tif,data\raw\SummerSchool_Subset\images\2025-08-12\layers\2025-08-12_B03.tif,data\raw\SummerSchool_Subset\images\2025-08-12\layers\2025-08-12_B02.tif,data\raw\SummerSchool_Subset\images\2025-08-12\layers\2025-08-12_VV.tif,data\raw\SummerSchool_Subset\images\2025-08-12\layers\2025-08-12_VH.tif,data\raw\SummerSchool_Subset\masks\2025_08_12.tiff,0 1 2 3 255,5,0.0003365643511039,212,0.0142703284868066,10879,0.7322967151319332,3760,0.2530963920301561,14851,0.999663435648896,train,high,3
2025-08-12,2025-08-12_r0672_c1344,3,6,672,1344,224,224,667755.9337142198,6062115.838349857,670002.3139905898,6064361.218483644,22868,0.4557557397959184,27308,True,True,True,data\raw\SummerSchool_Subset\images\2025-08-12\layers\2025-08-12_B04.tif,data\raw\SummerSchool_Subset\images\2025-08-12\layers\2025-08-12_B03.tif,data\raw\SummerSchool_Subset\images\2025-08-12\layers\2025-08-12_B02.tif,data\raw\SummerSchool_Subset\images\2025-08-12\layers\2025-08-12_VV.tif,data\raw\SummerSchool_Subset\images\2025-08-12\layers\2025-08-12_VH.tif,data\raw\SummerSchool_Subset\masks\2025_08_12.tiff,0 1 2 3 255,46,0.0020115445163547,376,0.0164421899597691,21421,0.9367238061920587,1025,0.0448224593318173,22822,0.9979884554836452,train,high,3
2025-08-12,2025-08-12_r0672_c1568,3,7,672,1568,224,224,670002.3139905898,6062115.838349857,672248.6942669598,6064361.218483644,20997,0.4184669961734694,29179,True,True,True,data\raw\SummerSchool_Subset\images\2025-08-12\layers\2025-08-12_B04.tif,data\raw\SummerSchool_Subset\images\2025-08-12\layers\2025-08-12_B03.tif,data\raw\SummerSchool_Subset\images\2025-08-12\layers\2025-08-12_B02.tif,data\raw\SummerSchool_Subset\images\2025-08-12\layers\2025-08-12_VV.tif,data\raw\SummerSchool_Subset\images\2025-08-12\layers\2025-08-12_VH.tif,data\raw\SummerSchool_Subset\masks\2025_08_12.tiff,0 1 2 3 255,18,0.0008572653236176,356,0.0169548030671048,20329,0.9681859313235224,294,0.0140020002857551,20979,0.9991427346763824,train,high,3
2025-08-12,2025-08-12_r0672_c1792,3,8,672,1792,224,224,672248.6942669598,6062115.838349857,674495.0745433298,6064361.218483644,19289,0.3844268176020408,30887,True,True,True,data\raw\SummerSchool_Subset\images\2025-08-12\layers\2025-08-12_B04.tif,data\raw\SummerSchool_Subset\images\2025-08-12\layers\2025-08-12_B03.tif,data\raw\SummerSchool_Subset\images\2025-08-12\layers\2025-08-12_B02.tif,data\raw\SummerSchool_Subset\images\2025-08-12\layers\2025-08-12_VV.tif,data\raw\SummerSchool_Subset\images\2025-08-12\layers\2025-08-12_VH.tif,data\raw\SummerSchool_Subset\masks\2025_08_12.tiff,1 2 3 255,0,0.0,28,0.0014516045414484,19102,0.9903053553838976,159,0.0082430400746539,19289,1.0,train,mid,2
2025-08-12,2025-08-12_r0672_c2016,3,9,672,2016,224,224,674495.0745433298,6062115.838349857,676741.4548196997,6064361.218483644,23333,0.465023118622449,26843,True,True,True,data\raw\SummerSchool_Subset\images\2025-08-12\layers\2025-08-12_B04.tif,data\raw\SummerSchool_Subset\images\2025-08-12\layers\2025-08-12_B03.tif,data\raw\SummerSchool_Subset\images\2025-08-12\layers\2025-08-12_B02.tif,data\raw\SummerSchool_Subset\images\2025-08-12\layers\2025-08-12_VV.tif,data\raw\SummerSchool_Subset\images\2025-08-12\layers\2025-08-12_VH.tif,data\raw\SummerSchool_Subset\masks\2025_08_12.tiff,0 1 2 3 255,683,0.0292718467406677,150,0.006428663266618,22287,0.9551707881541164,213,0.0091287018385976,22650,0.9707281532593324,train,mid,2
2025-08-12,2025-08-12_r0896_c0448,4,2,896,448,224,224,658770.4126087399,6059870.458216072,661016.7928851099,6062115.838349857,19077,0.3802016900510204,31099,True,True,True,data\raw\SummerSchool_Subset\images\2025-08-12\layers\2025-08-12_B04.tif,data\raw\SummerSchool_Subset\images\2025-08-12\layers\2025-08-12_B03.tif,data\raw\SummerSchool_Subset\images\2025-08-12\layers\2025-08-12_B02.tif,data\raw\SummerSchool_Subset\images\2025-08-12\layers\2025-08-12_VV.tif,data\raw\SummerSchool_Subset\images\2025-08-12\layers\2025-08-12_VH.tif,data\raw\SummerSchool_Subset\masks\2025_08_12.tiff,0 1 2 3 255,2431,0.1274309377784767,1206,0.063217487026262,10408,0.5455784452482046,5032,0.2637731299470566,16646,0.8725690622215233,train,high,3
2025-08-12,2025-08-12_r0896_c0672,4,3,896,672,224,224,661016.7928851099,6059870.458216072,663263.1731614799,6062115.838349857,15707,0.3130381058673469,34469,True,True,True,data\raw\SummerSchool_Subset\images\2025-08-12\layers\2025-08-12_B04.tif,data\raw\SummerSchool_Subset\images\2025-08-12\layers\2025-08-12_B03.tif,data\raw\SummerSchool_Subset\images\2025-08-12\layers\2025-08-12_B02.tif,data\raw\SummerSchool_Subset\images\2025-08-12\layers\2025-08-12_VV.tif,data\raw\SummerSchool_Subset\images\2025-08-12\layers\2025-08-12_VH.tif,data\raw\SummerSchool_Subset\masks\2025_08_12.tiff,0 1 2 3 255,899,0.0572356274272617,1082,0.0688864837333672,10062,0.6406060991914433,3664,0.2332717896479276,14808,0.9427643725727384,train,high,3
2025-08-12,2025-08-12_r0896_c1120,4,5,896,1120,224,224,665509.5534378499,6059870.458216072,667755.9337142198,6062115.838349857,11979,0.2387396364795918,38197,True,True,True,data\raw\SummerSchool_Subset\images\2025-08-12\layers\2025-08-12_B04.tif,data\raw\SummerSchool_Subset\images\2025-08-12\layers\2025-08-12_B03.tif,data\raw\SummerSchool_Subset\images\2025-08-12\layers\2025-08-12_B02.tif,data\raw\SummerSchool_Subset\images\2025-08-12\layers\2025-08-12_VV.tif,data\raw\SummerSchool_Subset\images\2025-08-12\layers\2025-08-12_VH.tif,data\raw\SummerSchool_Subset\masks\2025_08_12.tiff,0 1 2 3 255,1,8.347942232239753e-05,1088,0.0908256114867685,8906,0.7434677352032724,1984,0.1656231738876367,11978,0.9999165205776775,train,high,3
2025-08-12,2025-08-12_r0896_c1344,4,6,896,1344,224,224,667755.9337142198,6059870.458216072,670002.3139905898,6062115.838349857,33821,0.6740473533163265,16355,True,True,True,data\raw\SummerSchool_Subset\images\2025-08-12\layers\2025-08-12_B04.tif,data\raw\SummerSchool_Subset\images\2025-08-12\layers\2025-08-12_B03.tif,data\raw\SummerSchool_Subset\images\2025-08-12\layers\2025-08-12_B02.tif,data\raw\SummerSchool_Subset\images\2025-08-12\layers\2025-08-12_VV.tif,data\raw\SummerSchool_Subset\images\2025-08-12\layers\2025-08-12_VH.tif,data\raw\SummerSchool_Subset\masks\2025_08_12.tiff,0 1 2 3 255,509,0.0150498211170574,1725,0.0510038141982791,31030,0.9174773069986104,557,0.016469057686053,33312,0.9849501788829426,train,high,3
2025-08-12,2025-08-12_r0896_c1568,4,7,896,1568,224,224,670002.3139905898,6059870.458216072,672248.6942669598,6062115.838349857,30318,0.6042330994897959,19858,True,True,True,data\raw\SummerSchool_Subset\images\2025-08-12\layers\2025-08-12_B04.tif,data\raw\SummerSchool_Subset\images\2025-08-12\layers\2025-08-12_B03.tif,data\raw\SummerSchool_Subset\images\2025-08-12\layers\2025-08-12_B02.tif,data\raw\SummerSchool_Subset\images\2025-08-12\layers\2025-08-12_VV.tif,data\raw\SummerSchool_Subset\images\2025-08-12\layers\2025-08-12_VH.tif,data\raw\SummerSchool_Subset\masks\2025_08_12.tiff,0 1 2 3 255,205,0.0067616597400883,2262,0.0746091430833168,26666,0.8795435055082789,1185,0.0390856916683158,30113,0.9932383402599116,train,high,3
2025-08-12,2025-08-12_r0896_c1792,4,8,896,1792,224,224,672248.6942669598,6059870.458216072,674495.0745433298,6062115.838349857,18151,0.3617466517857143,32025,True,True,True,data\raw\SummerSchool_Subset\images\2025-08-12\layers\2025-08-12_B04.tif,data\raw\SummerSchool_Subset\images\2025-08-12\layers\2025-08-12_B03.tif,data\raw\SummerSchool_Subset\images\2025-08-12\layers\2025-08-12_B02.tif,data\raw\SummerSchool_Subset\images\2025-08-12\layers\2025-08-12_VV.tif,data\raw\SummerSchool_Subset\images\2025-08-12\layers\2025-08-12_VH.tif,data\raw\SummerSchool_Subset\masks\2025_08_12.tiff,0 1 2 3 255,49,0.0026995757809487,239,0.0131673186050355,17016,0.9374690099719024,847,0.0466640956421133,18102,0.9973004242190512,train,high,3
2025-08-12,2025-08-12_r0896_c2016,4,9,896,2016,224,224,674495.0745433298,6059870.458216072,676741.4548196997,6062115.838349857,18845,0.3755779655612244,31331,True,True,True,data\raw\SummerSchool_Subset\images\2025-08-12\layers\2025-08-12_B04.tif,data\raw\SummerSchool_Subset\images\2025-08-12\layers\2025-08-12_B03.tif,data\raw\SummerSchool_Subset\images\2025-08-12\layers\2025-08-12_B02.tif,data\raw\SummerSchool_Subset\images\2025-08-12\layers\2025-08-12_VV.tif,data\raw\SummerSchool_Subset\images\2025-08-12\layers\2025-08-12_VH.tif,data\raw\SummerSchool_Subset\masks\2025_08_12.tiff,0 1 2 3 255,909,0.0482356062616078,348,0.0184664367206155,17036,0.9040063677368002,552,0.0292915892809763,17936,0.9517643937383922,train,high,3
2025-08-12,2025-08-12_r1120_c0672,5,3,1120,672,224,224,661016.7928851099,6057625.078082287,663263.1731614799,6059870.458216072,33288,0.6634247448979592,16888,True,True,True,data\raw\SummerSchool_Subset\images\2025-08-12\layers\2025-08-12_B04.tif,data\raw\SummerSchool_Subset\images\2025-08-12\layers\2025-08-12_B03.tif,data\raw\SummerSchool_Subset\images\2025-08-12\layers\2025-08-12_B02.tif,data\raw\SummerSchool_Subset\images\2025-08-12\layers\2025-08-12_VV.tif,data\raw\SummerSchool_Subset\images\2025-08-12\layers\2025-08-12_VH.tif,data\raw\SummerSchool_Subset\masks\2025_08_12.tiff,0 1 2 3 255,5829,0.1751081470800288,883,0.0265260754626291,23550,0.7074621485219899,3026,0.090903628935352,27459,0.8248918529199711,train,high,3
2025-08-12,2025-08-12_r1120_c1120,5,5,1120,1120,224,224,665509.5534378499,6057625.078082287,667755.9337142198,6059870.458216072,19718,0.3929767219387755,30458,True,True,True,data\raw\SummerSchool_Subset\images\2025-08-12\layers\2025-08-12_B04.tif,data\raw\SummerSchool_Subset\images\2025-08-12\layers\2025-08-12_B03.tif,data\raw\SummerSchool_Subset\images\2025-08-12\layers\2025-08-12_B02.tif,data\raw\SummerSchool_Subset\images\2025-08-12\layers\2025-08-12_VV.tif,data\raw\SummerSchool_Subset\images\2025-08-12\layers\2025-08-12_VH.tif,data\raw\SummerSchool_Subset\masks\2025_08_12.tiff,0 1 2 3 255,1,5.071508266558474e-05,693,0.0351455522872502,13140,0.6663961862257836,5884,0.2984075464043006,19717,0.9999492849173344,train,high,3
2025-08-12,2025-08-12_r1120_c1344,5,6,1120,1344,224,224,667755.9337142198,6057625.078082287,670002.3139905898,6059870.458216072,35154,0.7006138392857143,15022,True,True,True,data\raw\SummerSchool_Subset\images\2025-08-12\layers\2025-08-12_B04.tif,data\raw\SummerSchool_Subset\images\2025-08-12\layers\2025-08-12_B03.tif,data\raw\SummerSchool_Subset\images\2025-08-12\layers\2025-08-12_B02.tif,data\raw\SummerSchool_Subset\images\2025-08-12\layers\2025-08-12_VV.tif,data\raw\SummerSchool_Subset\images\2025-08-12\layers\2025-08-12_VH.tif,data\raw\SummerSchool_Subset\masks\2025_08_12.tiff,0 1 2 3 255,274,0.0077942766114809,500,0.0142231325027023,32542,0.9256983558058828,1838,0.052284235079934,34880,0.9922057233885192,train,high,3
2025-08-12,2025-08-12_r1120_c1568,5,7,1120,1568,224,224,670002.3139905898,6057625.078082287,672248.6942669598,6059870.458216072,41329,0.8236806441326531,8847,True,True,True,data\raw\SummerSchool_Subset\images\2025-08-12\layers\2025-08-12_B04.tif,data\raw\SummerSchool_Subset\images\2025-08-12\layers\2025-08-12_B03.tif,data\raw\SummerSchool_Subset\images\2025-08-12\layers\2025-08-12_B02.tif,data\raw\SummerSchool_Subset\images\2025-08-12\layers\2025-08-12_VV.tif,data\raw\SummerSchool_Subset\images\2025-08-12\layers\2025-08-12_VH.tif,data\raw\SummerSchool_Subset\masks\2025_08_12.tiff,0 1 2 3 255,2812,0.0680393912264995,682,0.0165017300200827,37237,0.9009896198795035,598,0.0144692588739142,38517,0.9319606087735004,train,high,3
2025-08-12,2025-08-12_r1120_c1792,5,8,1120,1792,224,224,672248.6942669598,6057625.078082287,674495.0745433298,6059870.458216072,35123,0.6999960140306123,15053,True,True,True,data\raw\SummerSchool_Subset\images\2025-08-12\layers\2025-08-12_B04.tif,data\raw\SummerSchool_Subset\images\2025-08-12\layers\2025-08-12_B03.tif,data\raw\SummerSchool_Subset\images\2025-08-12\layers\2025-08-12_B02.tif,data\raw\SummerSchool_Subset\images\2025-08-12\layers\2025-08-12_VV.tif,data\raw\SummerSchool_Subset\images\2025-08-12\layers\2025-08-12_VH.tif,data\raw\SummerSchool_Subset\masks\2025_08_12.tiff,0 1 2 3 255,3285,0.0935284571363494,224,0.0063775873359337,26726,0.7609258890185918,4888,0.139168066509125,31838,0.9064715428636506,train,high,3
2025-08-12,2025-08-12_r1344_c0672,6,3,1344,672,224,224,661016.7928851099,6055379.6979485005,663263.1731614799,6057625.078082287,37665,0.7506576849489796,12511,True,True,True,data\raw\SummerSchool_Subset\images\2025-08-12\layers\2025-08-12_B04.tif,data\raw\SummerSchool_Subset\images\2025-08-12\layers\2025-08-12_B03.tif,data\raw\SummerSchool_Subset\images\2025-08-12\layers\2025-08-12_B02.tif,data\raw\SummerSchool_Subset\images\2025-08-12\layers\2025-08-12_VV.tif,data\raw\SummerSchool_Subset\images\2025-08-12\layers\2025-08-12_VH.tif,data\raw\SummerSchool_Subset\masks\2025_08_12.tiff,0 1 2 3 255,9083,0.2411522633744856,863,0.02291251825302,26442,0.7020310633213859,1277,0.0339041550511084,28582,0.7588477366255144,train,high,3
2025-08-12,2025-08-12_r1344_c0896,6,4,1344,896,224,224,663263.1731614799,6055379.6979485005,665509.5534378499,6057625.078082287,15982,0.3185188137755102,34194,True,True,True,data\raw\SummerSchool_Subset\images\2025-08-12\layers\2025-08-12_B04.tif,data\raw\SummerSchool_Subset\images\2025-08-12\layers\2025-08-12_B03.tif,data\raw\SummerSchool_Subset\images\2025-08-12\layers\2025-08-12_B02.tif,data\raw\SummerSchool_Subset\images\2025-08-12\layers\2025-08-12_VV.tif,data\raw\SummerSchool_Subset\images\2025-08-12\layers\2025-08-12_VH.tif,data\raw\SummerSchool_Subset\masks\2025_08_12.tiff,0 1 2 3 255,67,0.0041922162432736,228,0.0142660493054686,14212,0.889250406707546,1475,0.0922913277437116,15915,0.9958077837567264,train,high,3
2025-08-12,2025-08-12_r1344_c1120,6,5,1344,1120,224,224,665509.5534378499,6055379.6979485005,667755.9337142198,6057625.078082287,25024,0.4987244897959184,25152,True,True,True,data\raw\SummerSchool_Subset\images\2025-08-12\layers\2025-08-12_B04.tif,data\raw\SummerSchool_Subset\images\2025-08-12\layers\2025-08-12_B03.tif,data\raw\SummerSchool_Subset\images\2025-08-12\layers\2025-08-12_B02.tif,data\raw\SummerSchool_Subset\images\2025-08-12\layers\2025-08-12_VV.tif,data\raw\SummerSchool_Subset\images\2025-08-12\layers\2025-08-12_VH.tif,data\raw\SummerSchool_Subset\masks\2025_08_12.tiff,0 1 2 3 255,1,3.9961636828644505e-05,256,0.0102301790281329,22492,0.8988171355498721,2275,0.0909127237851662,25023,0.9999600383631714,train,high,3
2025-08-12,2025-08-12_r1344_c1344,6,6,1344,1344,224,224,667755.9337142198,6055379.6979485005,670002.3139905898,6057625.078082287,29991,0.5977160395408163,20185,True,True,True,data\raw\SummerSchool_Subset\images\2025-08-12\layers\2025-08-12_B04.tif,data\raw\SummerSchool_Subset\images\2025-08-12\layers\2025-08-12_B03.tif,data\raw\SummerSchool_Subset\images\2025-08-12\layers\2025-08-12_B02.tif,data\raw\SummerSchool_Subset\images\2025-08-12\layers\2025-08-12_VV.tif,data\raw\SummerSchool_Subset\images\2025-08-12\layers\2025-08-12_VH.tif,data\raw\SummerSchool_Subset\masks\2025_08_12.tiff,0 1 2 3 255,3505,0.1168683938514887,511,0.0170384448667933,25234,0.8413857490580507,741,0.0247074122236671,26486,0.8831316061485113,train,high,3
2025-08-12,2025-08-12_r1344_c1568,6,7,1344,1568,224,224,670002.3139905898,6055379.6979485005,672248.6942669598,6057625.078082287,44609,0.8890505420918368,5567,True,True,True,data\raw\SummerSchool_Subset\images\2025-08-12\layers\2025-08-12_B04.tif,data\raw\SummerSchool_Subset\images\2025-08-12\layers\2025-08-12_B03.tif,data\raw\SummerSchool_Subset\images\2025-08-12\layers\2025-08-12_B02.tif,data\raw\SummerSchool_Subset\images\2025-08-12\layers\2025-08-12_VV.tif,data\raw\SummerSchool_Subset\images\2025-08-12\layers\2025-08-12_VH.tif,data\raw\SummerSchool_Subset\masks\2025_08_12.tiff,0 1 2 3 255,20050,0.4494608711246609,1070,0.0239861911273509,23426,0.5251406666816113,63,0.0014122710663767,24559,0.5505391288753391,train,mid,2
2025-08-12,2025-08-12_r1344_c1792,6,8,1344,1792,224,224,672248.6942669598,6055379.6979485005,674495.0745433298,6057625.078082287,23217,0.462711256377551,26959,True,True,True,data\raw\SummerSchool_Subset\images\2025-08-12\layers\2025-08-12_B04.tif,data\raw\SummerSchool_Subset\images\2025-08-12\layers\2025-08-12_B03.tif,data\raw\SummerSchool_Subset\images\2025-08-12\layers\2025-08-12_B02.tif,data\raw\SummerSchool_Subset\images\2025-08-12\layers\2025-08-12_VV.tif,data\raw\SummerSchool_Subset\images\2025-08-12\layers\2025-08-12_VH.tif,data\raw\SummerSchool_Subset\masks\2025_08_12.tiff,0 1 2 3 255,1283,0.0552612309945298,70,0.0030150320885558,17746,0.7643537063358746,4118,0.1773700305810397,21934,0.9447387690054702,train,high,3
2025-08-12,2025-08-12_r1568_c0672,7,3,1568,672,224,224,661016.7928851099,6053134.317814715,663263.1731614799,6055379.6979485005,44148,0.8798628826530612,6028,True,True,True,data\raw\SummerSchool_Subset\images\2025-08-12\layers\2025-08-12_B04.tif,data\raw\SummerSchool_Subset\images\2025-08-12\layers\2025-08-12_B03.tif,data\raw\SummerSchool_Subset\images\2025-08-12\layers\2025-08-12_B02.tif,data\raw\SummerSchool_Subset\images\2025-08-12\layers\2025-08-12_VV.tif,data\raw\SummerSchool_Subset\images\2025-08-12\layers\2025-08-12_VH.tif,data\raw\SummerSchool_Subset\masks\2025_08_12.tiff,0 1 2 3 255,4442,0.1006161094500317,1484,0.033614206759083,37964,0.8599257044486727,258,0.0058439793422125,39706,0.8993838905499683,train,mid,2
2025-08-12,2025-08-12_r1568_c0896,7,4,1568,896,224,224,663263.1731614799,6053134.317814715,665509.5534378499,6055379.6979485005,32600,0.6497130102040817,17576,True,True,True,data\raw\SummerSchool_Subset\images\2025-08-12\layers\2025-08-12_B04.tif,data\raw\SummerSchool_Subset\images\2025-08-12\layers\2025-08-12_B03.tif,data\raw\SummerSchool_Subset\images\2025-08-12\layers\2025-08-12_B02.tif,data\raw\SummerSchool_Subset\images\2025-08-12\layers\2025-08-12_VV.tif,data\raw\SummerSchool_Subset\images\2025-08-12\layers\2025-08-12_VH.tif,data\raw\SummerSchool_Subset\masks\2025_08_12.tiff,0 1 2 3 255,181,0.0055521472392638,825,0.0253067484662576,31147,0.9554294478527608,447,0.0137116564417177,32419,0.9944478527607362,train,high,3
2025-08-12,2025-08-12_r1568_c1120,7,5,1568,1120,224,224,665509.5534378499,6053134.317814715,667755.9337142198,6055379.6979485005,24884,0.4959343112244898,25292,True,True,True,data\raw\SummerSchool_Subset\images\2025-08-12\layers\2025-08-12_B04.tif,data\raw\SummerSchool_Subset\images\2025-08-12\layers\2025-08-12_B03.tif,data\raw\SummerSchool_Subset\images\2025-08-12\layers\2025-08-12_B02.tif,data\raw\SummerSchool_Subset\images\2025-08-12\layers\2025-08-12_VV.tif,data\raw\SummerSchool_Subset\images\2025-08-12\layers\2025-08-12_VH.tif,data\raw\SummerSchool_Subset\masks\2025_08_12.tiff,0 1 2 3 255,3,0.0001205593955955,214,0.0085999035524835,23843,0.9581658897283396,824,0.0331136473235814,24881,0.9998794406044044,train,high,3
2025-08-12,2025-08-12_r1568_c1344,7,6,1568,1344,224,224,667755.9337142198,6053134.317814715,670002.3139905898,6055379.6979485005,39244,0.7821269132653061,10932,True,True,True,data\raw\SummerSchool_Subset\images\2025-08-12\layers\2025-08-12_B04.tif,data\raw\SummerSchool_Subset\images\2025-08-12\layers\2025-08-12_B03.tif,data\raw\SummerSchool_Subset\images\2025-08-12\layers\2025-08-12_B02.tif,data\raw\SummerSchool_Subset\images\2025-08-12\layers\2025-08-12_VV.tif,data\raw\SummerSchool_Subset\images\2025-08-12\layers\2025-08-12_VH.tif,data\raw\SummerSchool_Subset\masks\2025_08_12.tiff,0 1 2 3 255,6193,0.1578075629395576,1139,0.0290235450005096,31699,0.8077413107736214,213,0.0054275812863112,33051,0.8421924370604423,train,mid,2
2025-08-12,2025-08-12_r1568_c1568,7,7,1568,1568,224,224,670002.3139905898,6053134.317814715,672248.6942669598,6055379.6979485005,43402,0.8649952168367347,6774,True,True,True,data\raw\SummerSchool_Subset\images\2025-08-12\layers\2025-08-12_B04.tif,data\raw\SummerSchool_Subset\images\2025-08-12\layers\2025-08-12_B03.tif,data\raw\SummerSchool_Subset\images\2025-08-12\layers\2025-08-12_B02.tif,data\raw\SummerSchool_Subset\images\2025-08-12\layers\2025-08-12_VV.tif,data\raw\SummerSchool_Subset\images\2025-08-12\layers\2025-08-12_VH.tif,data\raw\SummerSchool_Subset\masks\2025_08_12.tiff,0 1 2 3 255,8507,0.1960047924058799,5371,0.1237500576010322,29062,0.669600479240588,462,0.0106446707524998,34895,0.8039952075941201,train,high,3
2025-08-12,2025-08-12_r1568_c1792,7,8,1568,1792,224,224,672248.6942669598,6053134.317814715,674495.0745433298,6055379.6979485005,29164,0.5812340561224489,21012,True,True,True,data\raw\SummerSchool_Subset\images\2025-08-12\layers\2025-08-12_B04.tif,data\raw\SummerSchool_Subset\images\2025-08-12\layers\2025-08-12_B03.tif,data\raw\SummerSchool_Subset\images\2025-08-12\layers\2025-08-12_B02.tif,data\raw\SummerSchool_Subset\images\2025-08-12\layers\2025-08-12_VV.tif,data\raw\SummerSchool_Subset\images\2025-08-12\layers\2025-08-12_VH.tif,data\raw\SummerSchool_Subset\masks\2025_08_12.tiff,0 1 2 3 255,10744,0.3683993965162529,4526,0.1551913317789055,12579,0.4313194349197641,1315,0.0450898367850774,18420,0.6316006034837471,train,high,3
2025-08-12,2025-08-12_r1568_c2016,7,9,1568,2016,224,224,674495.0745433298,6053134.317814715,676741.4548196997,6055379.6979485005,24050,0.479312818877551,26126,True,True,True,data\raw\SummerSchool_Subset\images\2025-08-12\layers\2025-08-12_B04.tif,data\raw\SummerSchool_Subset\images\2025-08-12\layers\2025-08-12_B03.tif,data\raw\SummerSchool_Subset\images\2025-08-12\layers\2025-08-12_B02.tif,data\raw\SummerSchool_Subset\images\2025-08-12\layers\2025-08-12_VV.tif,data\raw\SummerSchool_Subset\images\2025-08-12\layers\2025-08-12_VH.tif,data\raw\SummerSchool_Subset\masks\2025_08_12.tiff,0 1 2 3 255,8292,0.3447817047817048,4186,0.174054054054054,10289,0.4278170478170478,1283,0.0533471933471933,15758,0.6552182952182952,train,high,3
2025-08-12,2025-08-12_r1792_c0448,8,2,1792,448,224,224,658770.4126087399,6050888.937680929,661016.7928851099,6053134.317814715,28018,0.5583944515306123,22158,True,True,True,data\raw\SummerSchool_Subset\images\2025-08-12\layers\2025-08-12_B04.tif,data\raw\SummerSchool_Subset\images\2025-08-12\layers\2025-08-12_B03.tif,data\raw\SummerSchool_Subset\images\2025-08-12\layers\2025-08-12_B02.tif,data\raw\SummerSchool_Subset\images\2025-08-12\layers\2025-08-12_VV.tif,data\raw\SummerSchool_Subset\images\2025-08-12\layers\2025-08-12_VH.tif,data\raw\SummerSchool_Subset\masks\2025_08_12.tiff,0 1 2 3 255,3635,0.1297380255550003,384,0.0137054750517524,23440,0.8366050396173889,559,0.0199514597758583,24383,0.8702619744449996,train,high,3
2025-08-12,2025-08-12_r1792_c0672,8,3,1792,672,224,224,661016.7928851099,6050888.937680929,663263.1731614799,6053134.317814715,39718,0.7915736607142857,10458,True,True,True,data\raw\SummerSchool_Subset\images\2025-08-12\layers\2025-08-12_B04.tif,data\raw\SummerSchool_Subset\images\2025-08-12\layers\2025-08-12_B03.tif,data\raw\SummerSchool_Subset\images\2025-08-12\layers\2025-08-12_B02.tif,data\raw\SummerSchool_Subset\images\2025-08-12\layers\2025-08-12_VV.tif,data\raw\SummerSchool_Subset\images\2025-08-12\layers\2025-08-12_VH.tif,data\raw\SummerSchool_Subset\masks\2025_08_12.tiff,0 1 2 3 255,459,0.011556473135606,498,0.0125383956896117,38043,0.9578276851805226,718,0.0180774459942595,39259,0.988443526864394,train,high,3
2025-08-12,2025-08-12_r1792_c0896,8,4,1792,896,224,224,663263.1731614799,6050888.937680929,665509.5534378499,6053134.317814715,37476,0.7468909438775511,12700,True,True,True,data\raw\SummerSchool_Subset\images\2025-08-12\layers\2025-08-12_B04.tif,data\raw\SummerSchool_Subset\images\2025-08-12\layers\2025-08-12_B03.tif,data\raw\SummerSchool_Subset\images\2025-08-12\layers\2025-08-12_B02.tif,data\raw\SummerSchool_Subset\images\2025-08-12\layers\2025-08-12_VV.tif,data\raw\SummerSchool_Subset\images\2025-08-12\layers\2025-08-12_VH.tif,data\raw\SummerSchool_Subset\masks\2025_08_12.tiff,0 1 2 3 255,632,0.0168641263742128,904,0.0241221048137474,35418,0.9450848543067564,522,0.0139289145052833,36844,0.9831358736257872,train,high,3
2025-08-12,2025-08-12_r1792_c1120,8,5,1792,1120,224,224,665509.5534378499,6050888.937680929,667755.9337142198,6053134.317814715,37258,0.742546237244898,12918,True,True,True,data\raw\SummerSchool_Subset\images\2025-08-12\layers\2025-08-12_B04.tif,data\raw\SummerSchool_Subset\images\2025-08-12\layers\2025-08-12_B03.tif,data\raw\SummerSchool_Subset\images\2025-08-12\layers\2025-08-12_B02.tif,data\raw\SummerSchool_Subset\images\2025-08-12\layers\2025-08-12_VV.tif,data\raw\SummerSchool_Subset\images\2025-08-12\layers\2025-08-12_VH.tif,data\raw\SummerSchool_Subset\masks\2025_08_12.tiff,0 1 2 3 255,722,0.0193783885340061,1036,0.0278061087551666,34835,0.9349669869558216,665,0.0178485157550056,36536,0.980621611465994,train,high,3
2025-08-12,2025-08-12_r1792_c1344,8,6,1792,1344,224,224,667755.9337142198,6050888.937680929,670002.3139905898,6053134.317814715,32558,0.6488759566326531,17618,True,True,True,data\raw\SummerSchool_Subset\images\2025-08-12\layers\2025-08-12_B04.tif,data\raw\SummerSchool_Subset\images\2025-08-12\layers\2025-08-12_B03.tif,data\raw\SummerSchool_Subset\images\2025-08-12\layers\2025-08-12_B02.tif,data\raw\SummerSchool_Subset\images\2025-08-12\layers\2025-08-12_VV.tif,data\raw\SummerSchool_Subset\images\2025-08-12\layers\2025-08-12_VH.tif,data\raw\SummerSchool_Subset\masks\2025_08_12.tiff,0 1 2 3 255,3548,0.1089747527489403,4678,0.1436820443516186,23771,0.7301124147674919,561,0.0172307881319491,29010,0.8910252472510597,train,high,3
2025-08-12,2025-08-12_r1792_c1568,8,7,1792,1568,224,224,670002.3139905898,6050888.937680929,672248.6942669598,6053134.317814715,38505,0.7673987563775511,11671,True,True,True,data\raw\SummerSchool_Subset\images\2025-08-12\layers\2025-08-12_B04.tif,data\raw\SummerSchool_Subset\images\2025-08-12\layers\2025-08-12_B03.tif,data\raw\SummerSchool_Subset\images\2025-08-12\layers\2025-08-12_B02.tif,data\raw\SummerSchool_Subset\images\2025-08-12\layers\2025-08-12_VV.tif,data\raw\SummerSchool_Subset\images\2025-08-12\layers\2025-08-12_VH.tif,data\raw\SummerSchool_Subset\masks\2025_08_12.tiff,0 1 2 3 255,563,0.0146214777301649,3018,0.0783794312426957,33315,0.8652123100895988,1609,0.0417867809375405,37942,0.9853785222698352,train,high,3
2025-08-12,2025-08-12_r1792_c1792,8,8,1792,1792,224,224,672248.6942669598,6050888.937680929,674495.0745433298,6053134.317814715,34530,0.6881776147959183,15646,True,True,True,data\raw\SummerSchool_Subset\images\2025-08-12\layers\2025-08-12_B04.tif,data\raw\SummerSchool_Subset\images\2025-08-12\layers\2025-08-12_B03.tif,data\raw\SummerSchool_Subset\images\2025-08-12\layers\2025-08-12_B02.tif,data\raw\SummerSchool_Subset\images\2025-08-12\layers\2025-08-12_VV.tif,data\raw\SummerSchool_Subset\images\2025-08-12\layers\2025-08-12_VH.tif,data\raw\SummerSchool_Subset\masks\2025_08_12.tiff,0 1 2 3 255,2658,0.0769765421372719,3532,0.1022878656240949,24299,0.703706921517521,4041,0.117028670721112,31872,0.923023457862728,train,high,3
2025-08-12,2025-08-12_r1792_c2016,8,9,1792,2016,224,224,674495.0745433298,6050888.937680929,676741.4548196997,6053134.317814715,35888,0.7152423469387755,14288,True,True,True,data\raw\SummerSchool_Subset\images\2025-08-12\layers\2025-08-12_B04.tif,data\raw\SummerSchool_Subset\images\2025-08-12\layers\2025-08-12_B03.tif,data\raw\SummerSchool_Subset\images\2025-08-12\layers\2025-08-12_B02.tif,data\raw\SummerSchool_Subset\images\2025-08-12\layers\2025-08-12_VV.tif,data\raw\SummerSchool_Subset\images\2025-08-12\layers\2025-08-12_VH.tif,data\raw\SummerSchool_Subset\masks\2025_08_12.tiff,0 1 2 3 255,13557,0.3777585822559072,4555,0.1269226482389656,16656,0.4641105662059741,1120,0.0312082032991529,22331,0.6222414177440927,train,high,3
2025-08-12,2025-08-12_r2016_c0224,9,1,2016,224,224,224,656524.0323323699,6048643.557547144,658770.4126087399,6050888.937680929,29216,0.5822704081632653,20960,True,True,True,data\raw\SummerSchool_Subset\images\2025-08-12\layers\2025-08-12_B04.tif,data\raw\SummerSchool_Subset\images\2025-08-12\layers\2025-08-12_B03.tif,data\raw\SummerSchool_Subset\images\2025-08-12\layers\2025-08-12_B02.tif,data\raw\SummerSchool_Subset\images\2025-08-12\layers\2025-08-12_VV.tif,data\raw\SummerSchool_Subset\images\2025-08-12\layers\2025-08-12_VH.tif,data\raw\SummerSchool_Subset\masks\2025_08_12.tiff,0 1 2 3 255,1162,0.0397727272727272,712,0.0243702081051478,26407,0.903854052573932,935,0.0320030120481927,28054,0.9602272727272728,train,high,3
2025-08-12,2025-08-12_r2016_c0448,9,2,2016,448,224,224,658770.4126087399,6048643.557547144,661016.7928851099,6050888.937680929,35680,0.7110969387755102,14496,True,True,True,data\raw\SummerSchool_Subset\images\2025-08-12\layers\2025-08-12_B04.tif,data\raw\SummerSchool_Subset\images\2025-08-12\layers\2025-08-12_B03.tif,data\raw\SummerSchool_Subset\images\2025-08-12\layers\2025-08-12_B02.tif,data\raw\SummerSchool_Subset\images\2025-08-12\layers\2025-08-12_VV.tif,data\raw\SummerSchool_Subset\images\2025-08-12\layers\2025-08-12_VH.tif,data\raw\SummerSchool_Subset\masks\2025_08_12.tiff,0 1 2 3 255,2158,0.060482062780269,416,0.0116591928251121,32078,0.8990470852017938,1028,0.0288116591928251,33522,0.939517937219731,train,high,3
2025-08-12,2025-08-12_r2016_c0672,9,3,2016,672,224,224,661016.7928851099,6048643.557547144,663263.1731614799,6050888.937680929,26149,0.5211455676020408,24027,True,True,True,data\raw\SummerSchool_Subset\images\2025-08-12\layers\2025-08-12_B04.tif,data\raw\SummerSchool_Subset\images\2025-08-12\layers\2025-08-12_B03.tif,data\raw\SummerSchool_Subset\images\2025-08-12\layers\2025-08-12_B02.tif,data\raw\SummerSchool_Subset\images\2025-08-12\layers\2025-08-12_VV.tif,data\raw\SummerSchool_Subset\images\2025-08-12\layers\2025-08-12_VH.tif,data\raw\SummerSchool_Subset\masks\2025_08_12.tiff,0 1 2 3 255,84,0.0032123599372824,837,0.0320088722322077,21165,0.8093999770545719,4063,0.1553787907759379,26065,0.9967876400627176,train,high,3
2025-08-12,2025-08-12_r2016_c0896,9,4,2016,896,224,224,663263.1731614799,6048643.557547144,665509.5534378499,6050888.937680929,34634,0.6902503188775511,15542,True,True,True,data\raw\SummerSchool_Subset\images\2025-08-12\layers\2025-08-12_B04.tif,data\raw\SummerSchool_Subset\images\2025-08-12\layers\2025-08-12_B03.tif,data\raw\SummerSchool_Subset\images\2025-08-12\layers\2025-08-12_B02.tif,data\raw\SummerSchool_Subset\images\2025-08-12\layers\2025-08-12_VV.tif,data\raw\SummerSchool_Subset\images\2025-08-12\layers\2025-08-12_VH.tif,data\raw\SummerSchool_Subset\masks\2025_08_12.tiff,0 1 2 3 255,226,0.0065253796847028,919,0.0265346191603626,31043,0.8963157590806722,2446,0.0706242420742622,34408,0.9934746203152972,train,high,3
2025-08-12,2025-08-12_r2016_c1120,9,5,2016,1120,224,224,665509.5534378499,6048643.557547144,667755.9337142198,6050888.937680929,41464,0.8263711734693877,8712,True,True,True,data\raw\SummerSchool_Subset\images\2025-08-12\layers\2025-08-12_B04.tif,data\raw\SummerSchool_Subset\images\2025-08-12\layers\2025-08-12_B03.tif,data\raw\SummerSchool_Subset\images\2025-08-12\layers\2025-08-12_B02.tif,data\raw\SummerSchool_Subset\images\2025-08-12\layers\2025-08-12_VV.tif,data\raw\SummerSchool_Subset\images\2025-08-12\layers\2025-08-12_VH.tif,data\raw\SummerSchool_Subset\masks\2025_08_12.tiff,0 1 2 3 255,1781,0.0429529230175574,2033,0.0490304842755161,36452,0.8791240594250435,1198,0.028892533281883,39683,0.9570470769824426,train,high,3
2025-08-12,2025-08-12_r2016_c1344,9,6,2016,1344,224,224,667755.9337142198,6048643.557547144,670002.3139905898,6050888.937680929,40708,0.8113042091836735,9468,True,True,True,data\raw\SummerSchool_Subset\images\2025-08-12\layers\2025-08-12_B04.tif,data\raw\SummerSchool_Subset\images\2025-08-12\layers\2025-08-12_B03.tif,data\raw\SummerSchool_Subset\images\2025-08-12\layers\2025-08-12_B02.tif,data\raw\SummerSchool_Subset\images\2025-08-12\layers\2025-08-12_VV.tif,data\raw\SummerSchool_Subset\images\2025-08-12\layers\2025-08-12_VH.tif,data\raw\SummerSchool_Subset\masks\2025_08_12.tiff,0 1 2 3 255,2328,0.0571877763584553,16439,0.4038272575415151,20170,0.4954800039304313,1771,0.0435049621695981,38380,0.9428122236415448,train,high,3
2025-08-12,2025-08-12_r2016_c1568,9,7,2016,1568,224,224,670002.3139905898,6048643.557547144,672248.6942669598,6050888.937680929,34646,0.6904894770408163,15530,True,True,True,data\raw\SummerSchool_Subset\images\2025-08-12\layers\2025-08-12_B04.tif,data\raw\SummerSchool_Subset\images\2025-08-12\layers\2025-08-12_B03.tif,data\raw\SummerSchool_Subset\images\2025-08-12\layers\2025-08-12_B02.tif,data\raw\SummerSchool_Subset\images\2025-08-12\layers\2025-08-12_VV.tif,data\raw\SummerSchool_Subset\images\2025-08-12\layers\2025-08-12_VH.tif,data\raw\SummerSchool_Subset\masks\2025_08_12.tiff,0 1 2 3 255,280,0.0080817410379264,1103,0.0318362870172602,28990,0.8367488310338855,4273,0.1233331409109276,34366,0.9919182589620736,train,high,3
2025-08-12,2025-08-12_r2016_c1792,9,8,2016,1792,224,224,672248.6942669598,6048643.557547144,674495.0745433298,6050888.937680929,28893,0.5758330676020408,21283,True,True,True,data\raw\SummerSchool_Subset\images\2025-08-12\layers\2025-08-12_B04.tif,data\raw\SummerSchool_Subset\images\2025-08-12\layers\2025-08-12_B03.tif,data\raw\SummerSchool_Subset\images\2025-08-12\layers\2025-08-12_B02.tif,data\raw\SummerSchool_Subset\images\2025-08-12\layers\2025-08-12_VV.tif,data\raw\SummerSchool_Subset\images\2025-08-12\layers\2025-08-12_VH.tif,data\raw\SummerSchool_Subset\masks\2025_08_12.tiff,0 1 2 3 255,918,0.0317724016197694,783,0.0270999896168622,25602,0.8860969785069048,1590,0.0550306302564635,27975,0.9682275983802304,train,high,3
2025-08-12,2025-08-12_r2240_c0000,10,0,2240,0,224,224,654277.652056,6046398.177413358,656524.0323323699,6048643.557547144,17543,0.3496293048469387,32633,True,True,True,data\raw\SummerSchool_Subset\images\2025-08-12\layers\2025-08-12_B04.tif,data\raw\SummerSchool_Subset\images\2025-08-12\layers\2025-08-12_B03.tif,data\raw\SummerSchool_Subset\images\2025-08-12\layers\2025-08-12_B02.tif,data\raw\SummerSchool_Subset\images\2025-08-12\layers\2025-08-12_VV.tif,data\raw\SummerSchool_Subset\images\2025-08-12\layers\2025-08-12_VH.tif,data\raw\SummerSchool_Subset\masks\2025_08_12.tiff,0 1 2 3 255,137,0.0078093826597503,77,0.0043892150715385,16481,0.9394630336886508,848,0.0483383685800604,17406,0.9921906173402496,train,high,3
2025-08-12,2025-08-12_r2240_c0224,10,1,2240,224,224,224,656524.0323323699,6046398.177413358,658770.4126087399,6048643.557547144,46157,0.9199019451530612,4019,True,True,True,data\raw\SummerSchool_Subset\images\2025-08-12\layers\2025-08-12_B04.tif,data\raw\SummerSchool_Subset\images\2025-08-12\layers\2025-08-12_B03.tif,data\raw\SummerSchool_Subset\images\2025-08-12\layers\2025-08-12_B02.tif,data\raw\SummerSchool_Subset\images\2025-08-12\layers\2025-08-12_VV.tif,data\raw\SummerSchool_Subset\images\2025-08-12\layers\2025-08-12_VH.tif,data\raw\SummerSchool_Subset\masks\2025_08_12.tiff,0 1 2 3 255,4491,0.0972983512793292,1370,0.0296813051108174,39652,0.859067963689148,644,0.0139523799207054,41666,0.9027016487206708,train,high,3
2025-08-12,2025-08-12_r2240_c0448,10,2,2240,448,224,224,658770.4126087399,6046398.177413358,661016.7928851099,6048643.557547144,41852,0.8341039540816326,8324,True,True,True,data\raw\SummerSchool_Subset\images\2025-08-12\layers\2025-08-12_B04.tif,data\raw\SummerSchool_Subset\images\2025-08-12\layers\2025-08-12_B03.tif,data\raw\SummerSchool_Subset\images\2025-08-12\layers\2025-08-12_B02.tif,data\raw\SummerSchool_Subset\images\2025-08-12\layers\2025-08-12_VV.tif,data\raw\SummerSchool_Subset\images\2025-08-12\layers\2025-08-12_VH.tif,data\raw\SummerSchool_Subset\masks\2025_08_12.tiff,0 1 2 3 255,1122,0.0268087546592755,582,0.0139061454649718,38437,0.918402943706394,1711,0.0408821561693586,40730,0.9731912453407244,train,high,3
2025-08-12,2025-08-12_r2240_c0672,10,3,2240,672,224,224,661016.7928851099,6046398.177413358,663263.1731614799,6048643.557547144,31869,0.6351442920918368,18307,True,True,True,data\raw\SummerSchool_Subset\images\2025-08-12\layers\2025-08-12_B04.tif,data\raw\SummerSchool_Subset\images\2025-08-12\layers\2025-08-12_B03.tif,data\raw\SummerSchool_Subset\images\2025-08-12\layers\2025-08-12_B02.tif,data\raw\SummerSchool_Subset\images\2025-08-12\layers\2025-08-12_VV.tif,data\raw\SummerSchool_Subset\images\2025-08-12\layers\2025-08-12_VH.tif,data\raw\SummerSchool_Subset\masks\2025_08_12.tiff,0 1 2 3 255,624,0.0195801562647086,1398,0.0438670808622799,24121,0.7568797263798676,5726,0.1796730364931438,31245,0.9804198437352912,train,high,3
2025-08-12,2025-08-12_r2240_c0896,10,4,2240,896,224,224,663263.1731614799,6046398.177413358,665509.5534378499,6048643.557547144,35509,0.7076889349489796,14667,True,True,True,data\raw\SummerSchool_Subset\images\2025-08-12\layers\2025-08-12_B04.tif,data\raw\SummerSchool_Subset\images\2025-08-12\layers\2025-08-12_B03.tif,data\raw\SummerSchool_Subset\images\2025-08-12\layers\2025-08-12_B02.tif,data\raw\SummerSchool_Subset\images\2025-08-12\layers\2025-08-12_VV.tif,data\raw\SummerSchool_Subset\images\2025-08-12\layers\2025-08-12_VH.tif,data\raw\SummerSchool_Subset\masks\2025_08_12.tiff,0 1 2 3 255,1101,0.0310062237742544,2899,0.0816412740432003,27062,0.76211664648399,4447,0.1252358556985553,34408,0.9689937762257456,train,high,3
2025-08-12,2025-08-12_r2240_c1120,10,5,2240,1120,224,224,665509.5534378499,6046398.177413358,667755.9337142198,6048643.557547144,39528,0.7877869897959183,10648,True,True,True,data\raw\SummerSchool_Subset\images\2025-08-12\layers\2025-08-12_B04.tif,data\raw\SummerSchool_Subset\images\2025-08-12\layers\2025-08-12_B03.tif,data\raw\SummerSchool_Subset\images\2025-08-12\layers\2025-08-12_B02.tif,data\raw\SummerSchool_Subset\images\2025-08-12\layers\2025-08-12_VV.tif,data\raw\SummerSchool_Subset\images\2025-08-12\layers\2025-08-12_VH.tif,data\raw\SummerSchool_Subset\masks\2025_08_12.tiff,0 1 2 3 255,1191,0.030130540376442,2595,0.0656496660595021,34191,0.8649817850637522,1551,0.0392380085003035,38337,0.969869459623558,train,high,3
2025-08-12,2025-08-12_r2240_c1344,10,6,2240,1344,224,224,667755.9337142198,6046398.177413358,670002.3139905898,6048643.557547144,38865,0.7745735012755102,11311,True,True,True,data\raw\SummerSchool_Subset\images\2025-08-12\layers\2025-08-12_B04.tif,data\raw\SummerSchool_Subset\images\2025-08-12\layers\2025-08-12_B03.tif,data\raw\SummerSchool_Subset\images\2025-08-12\layers\2025-08-12_B02.tif,data\raw\SummerSchool_Subset\images\2025-08-12\layers\2025-08-12_VV.tif,data\raw\SummerSchool_Subset\images\2025-08-12\layers\2025-08-12_VH.tif,data\raw\SummerSchool_Subset\masks\2025_08_12.tiff,0 1 2 3 255,2130,0.0548050945580856,5093,0.1310433552039109,30088,0.7741669882928084,1554,0.0399845619451949,36735,0.9451949054419144,train,high,3
2025-08-12,2025-08-12_r2240_c1568,10,7,2240,1568,224,224,670002.3139905898,6046398.177413358,672248.6942669598,6048643.557547144,42206,0.8411591198979592,7970,True,True,True,data\raw\SummerSchool_Subset\images\2025-08-12\layers\2025-08-12_B04.tif,data\raw\SummerSchool_Subset\images\2025-08-12\layers\2025-08-12_B03.tif,data\raw\SummerSchool_Subset\images\2025-08-12\layers\2025-08-12_B02.tif,data\raw\SummerSchool_Subset\images\2025-08-12\layers\2025-08-12_VV.tif,data\raw\SummerSchool_Subset\images\2025-08-12\layers\2025-08-12_VH.tif,data\raw\SummerSchool_Subset\masks\2025_08_12.tiff,0 1 2 3 255,6795,0.160996066909918,9669,0.2290906506183954,24695,0.5851063829787234,1047,0.024806899492963,35411,0.839003933090082,train,high,3
2025-08-12,2025-08-12_r2464_c0000,11,0,2464,0,224,224,654277.652056,6044152.797279572,656524.0323323699,6046398.177413358,19070,0.380062181122449,31106,True,True,True,data\raw\SummerSchool_Subset\images\2025-08-12\layers\2025-08-12_B04.tif,data\raw\SummerSchool_Subset\images\2025-08-12\layers\2025-08-12_B03.tif,data\raw\SummerSchool_Subset\images\2025-08-12\layers\2025-08-12_B02.tif,data\raw\SummerSchool_Subset\images\2025-08-12\layers\2025-08-12_VV.tif,data\raw\SummerSchool_Subset\images\2025-08-12\layers\2025-08-12_VH.tif,data\raw\SummerSchool_Subset\masks\2025_08_12.tiff,0 1 2 3 255,2011,0.1054535920293655,102,0.00534871525957,16448,0.8625065547981122,509,0.0266911379129522,17059,0.8945464079706344,train,high,3
2025-08-12,2025-08-12_r2464_c0224,11,1,2464,224,224,224,656524.0323323699,6044152.797279572,658770.4126087399,6046398.177413358,47224,0.9411670918367347,2952,True,True,True,data\raw\SummerSchool_Subset\images\2025-08-12\layers\2025-08-12_B04.tif,data\raw\SummerSchool_Subset\images\2025-08-12\layers\2025-08-12_B03.tif,data\raw\SummerSchool_Subset\images\2025-08-12\layers\2025-08-12_B02.tif,data\raw\SummerSchool_Subset\images\2025-08-12\layers\2025-08-12_VV.tif,data\raw\SummerSchool_Subset\images\2025-08-12\layers\2025-08-12_VH.tif,data\raw\SummerSchool_Subset\masks\2025_08_12.tiff,0 1 2 3 255,17600,0.3726918516008809,160,0.0033881077418261,28991,0.6139039471455192,473,0.0100160935117736,29624,0.6273081483991191,train,high,3
2025-08-12,2025-08-12_r2464_c0448,11,2,2464,448,224,224,658770.4126087399,6044152.797279572,661016.7928851099,6046398.177413358,47307,0.9428212691326532,2869,True,True,True,data\raw\SummerSchool_Subset\images\2025-08-12\layers\2025-08-12_B04.tif,data\raw\SummerSchool_Subset\images\2025-08-12\layers\2025-08-12_B03.tif,data\raw\SummerSchool_Subset\images\2025-08-12\layers\2025-08-12_B02.tif,data\raw\SummerSchool_Subset\images\2025-08-12\layers\2025-08-12_VV.tif,data\raw\SummerSchool_Subset\images\2025-08-12\layers\2025-08-12_VH.tif,data\raw\SummerSchool_Subset\masks\2025_08_12.tiff,0 1 2 3 255,26667,0.563700932208764,115,0.0024309298835267,20449,0.4322616103325089,76,0.0016065275752002,20640,0.4362990677912359,train,mid,2
2025-08-12,2025-08-12_r2464_c0672,11,3,2464,672,224,224,661016.7928851099,6044152.797279572,663263.1731614799,6046398.177413358,45203,0.9008888711734694,4973,True,True,True,data\raw\SummerSchool_Subset\images\2025-08-12\layers\2025-08-12_B04.tif,data\raw\SummerSchool_Subset\images\2025-08-12\layers\2025-08-12_B03.tif,data\raw\SummerSchool_Subset\images\2025-08-12\layers\2025-08-12_B02.tif,data\raw\SummerSchool_Subset\images\2025-08-12\layers\2025-08-12_VV.tif,data\raw\SummerSchool_Subset\images\2025-08-12\layers\2025-08-12_VH.tif,data\raw\SummerSchool_Subset\masks\2025_08_12.tiff,0 1 2 3 255,6954,0.1538393469459991,40,0.0008848970201092,37852,0.8373780501294162,357,0.0078977059044753,38249,0.8461606530540008,train,mid,2
2025-08-12,2025-08-12_r2464_c0896,11,4,2464,896,224,224,663263.1731614799,6044152.797279572,665509.5534378499,6046398.177413358,44593,0.8887316645408163,5583,True,True,True,data\raw\SummerSchool_Subset\images\2025-08-12\layers\2025-08-12_B04.tif,data\raw\SummerSchool_Subset\images\2025-08-12\layers\2025-08-12_B03.tif,data\raw\SummerSchool_Subset\images\2025-08-12\layers\2025-08-12_B02.tif,data\raw\SummerSchool_Subset\images\2025-08-12\layers\2025-08-12_VV.tif,data\raw\SummerSchool_Subset\images\2025-08-12\layers\2025-08-12_VH.tif,data\raw\SummerSchool_Subset\masks\2025_08_12.tiff,0 1 2 3 255,11040,0.2475724889556657,4690,0.105173457717579,28383,0.6364900320678133,480,0.0107640212589419,33553,0.7524275110443344,train,high,3
2025-08-12,2025-08-12_r2464_c1120,11,5,2464,1120,224,224,665509.5534378499,6044152.797279572,667755.9337142198,6046398.177413358,43214,0.8612484056122449,6962,True,True,True,data\raw\SummerSchool_Subset\images\2025-08-12\layers\2025-08-12_B04.tif,data\raw\SummerSchool_Subset\images\2025-08-12\layers\2025-08-12_B03.tif,data\raw\SummerSchool_Subset\images\2025-08-12\layers\2025-08-12_B02.tif,data\raw\SummerSchool_Subset\images\2025-08-12\layers\2025-08-12_VV.tif,data\raw\SummerSchool_Subset\images\2025-08-12\layers\2025-08-12_VH.tif,data\raw\SummerSchool_Subset\masks\2025_08_12.tiff,0 1 2 3 255,8492,0.1965103901513398,23147,0.535636599250243,11372,0.263155458879067,203,0.0046975517193502,34722,0.8034896098486601,train,mid,2
2025-08-12,2025-08-12_r2464_c1344,11,6,2464,1344,224,224,667755.9337142198,6044152.797279572,670002.3139905898,6046398.177413358,40925,0.8156289859693877,9251,True,True,True,data\raw\SummerSchool_Subset\images\2025-08-12\layers\2025-08-12_B04.tif,data\raw\SummerSchool_Subset\images\2025-08-12\layers\2025-08-12_B03.tif,data\raw\SummerSchool_Subset\images\2025-08-12\layers\2025-08-12_B02.tif,data\raw\SummerSchool_Subset\images\2025-08-12\layers\2025-08-12_VV.tif,data\raw\SummerSchool_Subset\images\2025-08-12\layers\2025-08-12_VH.tif,data\raw\SummerSchool_Subset\masks\2025_08_12.tiff,0 1 2 3 255,10967,0.2679780085522297,24713,0.603860720830788,5024,0.1227611484422724,221,0.0054001221747098,29958,0.7320219914477704,train,mid,2
2025-08-12,2025-08-12_r2464_c1568,11,7,2464,1568,224,224,670002.3139905898,6044152.797279572,672248.6942669598,6046398.177413358,30725,0.6123445471938775,19451,True,True,True,data\raw\SummerSchool_Subset\images\2025-08-12\layers\2025-08-12_B04.tif,data\raw\SummerSchool_Subset\images\2025-08-12\layers\2025-08-12_B03.tif,data\raw\SummerSchool_Subset\images\2025-08-12\layers\2025-08-12_B02.tif,data\raw\SummerSchool_Subset\images\2025-08-12\layers\2025-08-12_VV.tif,data\raw\SummerSchool_Subset\images\2025-08-12\layers\2025-08-12_VH.tif,data\raw\SummerSchool_Subset\masks\2025_08_12.tiff,0 1 2 3 255,12278,0.3996094385679414,11176,0.3637428803905614,6705,0.2182262001627339,566,0.0184214808787632,18447,0.6003905614320586,train,high,3
2025-08-12,2025-08-12_r2688_c0224,12,1,2688,224,224,224,656524.0323323699,6041907.417145787,658770.4126087399,6044152.797279572,16078,0.3204320790816326,34098,True,True,True,data\raw\SummerSchool_Subset\images\2025-08-12\layers\2025-08-12_B04.tif,data\raw\SummerSchool_Subset\images\2025-08-12\layers\2025-08-12_B03.tif,data\raw\SummerSchool_Subset\images\2025-08-12\layers\2025-08-12_B02.tif,data\raw\SummerSchool_Subset\images\2025-08-12\layers\2025-08-12_VV.tif,data\raw\SummerSchool_Subset\images\2025-08-12\layers\2025-08-12_VH.tif,data\raw\SummerSchool_Subset\masks\2025_08_12.tiff,0 1 2 3 255,8021,0.4988804577683791,36,0.0022390844632416,6551,0.4074511755193432,1470,0.0914292822490359,8057,0.5011195422316208,train,high,3
2025-08-12,2025-08-12_r2688_c0448,12,2,2688,448,224,224,658770.4126087399,6041907.417145787,661016.7928851099,6044152.797279572,29648,0.5908801020408163,20528,True,True,True,data\raw\SummerSchool_Subset\images\2025-08-12\layers\2025-08-12_B04.tif,data\raw\SummerSchool_Subset\images\2025-08-12\layers\2025-08-12_B03.tif,data\raw\SummerSchool_Subset\images\2025-08-12\layers\2025-08-12_B02.tif,data\raw\SummerSchool_Subset\images\2025-08-12\layers\2025-08-12_VV.tif,data\raw\SummerSchool_Subset\images\2025-08-12\layers\2025-08-12_VH.tif,data\raw\SummerSchool_Subset\masks\2025_08_12.tiff,0 1 2 3 255,19973,0.6736710739341608,21,0.0007083108472746,9198,0.3102401511063141,456,0.0153804641122504,9675,0.3263289260658392,train,high,3
2025-08-12,2025-08-12_r2688_c0896,12,4,2688,896,224,224,663263.1731614799,6041907.417145787,665509.5534378499,6044152.797279572,12373,0.2465919961734693,37803,True,True,True,data\raw\SummerSchool_Subset\images\2025-08-12\layers\2025-08-12_B04.tif,data\raw\SummerSchool_Subset\images\2025-08-12\layers\2025-08-12_B03.tif,data\raw\SummerSchool_Subset\images\2025-08-12\layers\2025-08-12_B02.tif,data\raw\SummerSchool_Subset\images\2025-08-12\layers\2025-08-12_VV.tif,data\raw\SummerSchool_Subset\images\2025-08-12\layers\2025-08-12_VH.tif,data\raw\SummerSchool_Subset\masks\2025_08_12.tiff,0 1 2 3 255,5365,0.4336054311807969,5012,0.4050755677685282,1622,0.131091893639376,374,0.0302271074112987,7008,0.5663945688192031,train,high,3
2025-08-12,2025-08-12_r2688_c1120,12,5,2688,1120,224,224,665509.5534378499,6041907.417145787,667755.9337142198,6044152.797279572,14441,0.2878069196428571,35735,True,True,True,data\raw\SummerSchool_Subset\images\2025-08-12\layers\2025-08-12_B04.tif,data\raw\SummerSchool_Subset\images\2025-08-12\layers\2025-08-12_B03.tif,data\raw\SummerSchool_Subset\images\2025-08-12\layers\2025-08-12_B02.tif,data\raw\SummerSchool_Subset\images\2025-08-12\layers\2025-08-12_VV.tif,data\raw\SummerSchool_Subset\images\2025-08-12\layers\2025-08-12_VH.tif,data\raw\SummerSchool_Subset\masks\2025_08_12.tiff,0 1 2 3 255,7075,0.4899245204625718,7266,0.5031507513330101,11,0.0007617201024859,89,0.0061630081019319,7366,0.5100754795374282,train,low,1
2025-08-12,2025-08-12_r2688_c1344,12,6,2688,1344,224,224,667755.9337142198,6041907.417145787,670002.3139905898,6044152.797279572,10554,0.2103396045918367,39622,True,True,True,data\raw\SummerSchool_Subset\images\2025-08-12\layers\2025-08-12_B04.tif,data\raw\SummerSchool_Subset\images\2025-08-12\layers\2025-08-12_B03.tif,data\raw\SummerSchool_Subset\images\2025-08-12\layers\2025-08-12_B02.tif,data\raw\SummerSchool_Subset\images\2025-08-12\layers\2025-08-12_VV.tif,data\raw\SummerSchool_Subset\images\2025-08-12\layers\2025-08-12_VH.tif,data\raw\SummerSchool_Subset\masks\2025_08_12.tiff,0 1 3 255,9354,0.8862990335417851,1188,0.1125639567936327,0,0.0,12,0.0011370096645821,1200,0.1137009664582149,train,low,1
