date,tile_id,tile_row,tile_col,row_offset,col_offset,window_height,window_width,left,bottom,right,top,valid_pixel_count,valid_pixel_ratio,ignore_pixel_count,s1_valid,s2_valid,common_valid,source_B04,source_B03,source_B02,source_VV,source_VH,source_mask,mask_values_observed,class_0_count,class_0_fraction,class_1_count,class_1_fraction,class_2_count,class_2_fraction,class_3_count,class_3_fraction,algae_count,algae_fraction,split
2025-01-01,2025-01-01_r0672_c1344,3,6,672,1344,224,224,667755.9337142198,6062115.838349857,670002.3139905898,6064361.218483644,14063,0.2802734375,36113,True,True,True,data\raw\SummerSchool_Subset\images\2025-01-01\layers\2025-01-01_B04.tif,data\raw\SummerSchool_Subset\images\2025-01-01\layers\2025-01-01_B03.tif,data\raw\SummerSchool_Subset\images\2025-01-01\layers\2025-01-01_B02.tif,data\raw\SummerSchool_Subset\images\2025-01-01\layers\2025-01-01_VV.tif,data\raw\SummerSchool_Subset\images\2025-01-01\layers\2025-01-01_VH.tif,data\raw\SummerSchool_Subset\masks\2025_01_01.tiff,0 1 2 255,6780,0.4821161914243049,7278,0.5175282656616653,5,0.0003555429140297,0,0.0,7283,0.517883808575695,validation
2025-01-01,2025-01-01_r0896_c1120,4,5,896,1120,224,224,665509.5534378499,6059870.458216072,667755.9337142198,6062115.838349857,14476,0.2885044642857143,35700,True,True,True,data\raw\SummerSchool_Subset\images\2025-01-01\layers\2025-01-01_B04.tif,data\raw\SummerSchool_Subset\images\2025-01-01\layers\2025-01-01_B03.tif,data\raw\SummerSchool_Subset\images\2025-01-01\layers\2025-01-01_B02.tif,data\raw\SummerSchool_Subset\images\2025-01-01\layers\2025-01-01_VV.tif,data\raw\SummerSchool_Subset\images\2025-01-01\layers\2025-01-01_VH.tif,data\raw\SummerSchool_Subset\masks\2025_01_01.tiff,0 1 255,13090,0.9042553191489362,1386,0.0957446808510638,0,0.0,0,0.0,1386,0.0957446808510638,validation
2025-01-01,2025-01-01_r0896_c1344,4,6,896,1344,224,224,667755.9337142198,6059870.458216072,670002.3139905898,6062115.838349857,22098,0.4404097576530612,28078,True,True,True,data\raw\SummerSchool_Subset\images\2025-01-01\layers\2025-01-01_B04.tif,data\raw\SummerSchool_Subset\images\2025-01-01\layers\2025-01-01_B03.tif,data\raw\SummerSchool_Subset\images\2025-01-01\layers\2025-01-01_B02.tif,data\raw\SummerSchool_Subset\images\2025-01-01\layers\2025-01-01_VV.tif,data\raw\SummerSchool_Subset\images\2025-01-01\layers\2025-01-01_VH.tif,data\raw\SummerSchool_Subset\masks\2025_01_01.tiff,0 1 3 255,11930,0.539867861344918,10163,0.4599058738347362,0,0.0,5,0.0002262648203457,10168,0.4601321386550819,validation
2025-01-01,2025-01-01_r0896_c1568,4,7,896,1568,224,224,670002.3139905898,6059870.458216072,672248.6942669598,6062115.838349857,36729,0.7320033482142857,13447,True,True,True,data\raw\SummerSchool_Subset\images\2025-01-01\layers\2025-01-01_B04.tif,data\raw\SummerSchool_Subset\images\2025-01-01\layers\2025-01-01_B03.tif,data\raw\SummerSchool_Subset\images\2025-01-01\layers\2025-01-01_B02.tif,data\raw\SummerSchool_Subset\images\2025-01-01\layers\2025-01-01_VV.tif,data\raw\SummerSchool_Subset\images\2025-01-01\layers\2025-01-01_VH.tif,data\raw\SummerSchool_Subset\masks\2025_01_01.tiff,0 1 255,7003,0.1906667755724359,29726,0.8093332244275641,0,0.0,0,0.0,29726,0.8093332244275641,validation
2025-01-01,2025-01-01_r0896_c1792,4,8,896,1792,224,224,672248.6942669598,6059870.458216072,674495.0745433298,6062115.838349857,18137,0.3614676339285714,32039,True,True,True,data\raw\SummerSchool_Subset\images\2025-01-01\layers\2025-01-01_B04.tif,data\raw\SummerSchool_Subset\images\2025-01-01\layers\2025-01-01_B03.tif,data\raw\SummerSchool_Subset\images\2025-01-01\layers\2025-01-01_B02.tif,data\raw\SummerSchool_Subset\images\2025-01-01\layers\2025-01-01_VV.tif,data\raw\SummerSchool_Subset\images\2025-01-01\layers\2025-01-01_VH.tif,data\raw\SummerSchool_Subset\masks\2025_01_01.tiff,0 1 2 255,5729,0.3158736284942383,12403,0.6838506919556707,5,0.0002756795500909,0,0.0,12408,0.6841263715057617,validation
2025-01-01,2025-01-01_r1120_c1120,5,5,1120,1120,224,224,665509.5534378499,6057625.078082287,667755.9337142198,6059870.458216072,21448,0.4274553571428571,28728,True,True,True,data\raw\SummerSchool_Subset\images\2025-01-01\layers\2025-01-01_B04.tif,data\raw\SummerSchool_Subset\images\2025-01-01\layers\2025-01-01_B03.tif,data\raw\SummerSchool_Subset\images\2025-01-01\layers\2025-01-01_B02.tif,data\raw\SummerSchool_Subset\images\2025-01-01\layers\2025-01-01_VV.tif,data\raw\SummerSchool_Subset\images\2025-01-01\layers\2025-01-01_VH.tif,data\raw\SummerSchool_Subset\masks\2025_01_01.tiff,0 1 255,19801,0.9232096232748974,1647,0.0767903767251025,0,0.0,0,0.0,1647,0.0767903767251025,validation
2025-01-01,2025-01-01_r1120_c1344,5,6,1120,1344,224,224,667755.9337142198,6057625.078082287,670002.3139905898,6059870.458216072,31861,0.6349848533163265,18315,True,True,True,data\raw\SummerSchool_Subset\images\2025-01-01\layers\2025-01-01_B04.tif,data\raw\SummerSchool_Subset\images\2025-01-01\layers\2025-01-01_B03.tif,data\raw\SummerSchool_Subset\images\2025-01-01\layers\2025-01-01_B02.tif,data\raw\SummerSchool_Subset\images\2025-01-01\layers\2025-01-01_VV.tif,data\raw\SummerSchool_Subset\images\2025-01-01\layers\2025-01-01_VH.tif,data\raw\SummerSchool_Subset\masks\2025_01_01.tiff,0 1 3 255,17640,0.5536549386397163,14213,0.4460939706851636,0,0.0,8,0.00025109067512,14221,0.4463450613602837,validation
2025-01-01,2025-01-01_r1120_c1568,5,7,1120,1568,224,224,670002.3139905898,6057625.078082287,672248.6942669598,6059870.458216072,18537,0.3694395727040816,31639,True,True,True,data\raw\SummerSchool_Subset\images\2025-01-01\layers\2025-01-01_B04.tif,data\raw\SummerSchool_Subset\images\2025-01-01\layers\2025-01-01_B03.tif,data\raw\SummerSchool_Subset\images\2025-01-01\layers\2025-01-01_B02.tif,data\raw\SummerSchool_Subset\images\2025-01-01\layers\2025-01-01_VV.tif,data\raw\SummerSchool_Subset\images\2025-01-01\layers\2025-01-01_VH.tif,data\raw\SummerSchool_Subset\masks\2025_01_01.tiff,0 1 2 3 255,5522,0.2978907050763338,13006,0.7016237794680908,1,5.394616173059287e-05,8,0.0004315692938447,13015,0.7021092949236661,validation
2025-01-01,2025-01-01_r1120_c1792,5,8,1120,1792,224,224,672248.6942669598,6057625.078082287,674495.0745433298,6059870.458216072,26915,0.5364118303571429,23261,True,True,True,data\raw\SummerSchool_Subset\images\2025-01-01\layers\2025-01-01_B04.tif,data\raw\SummerSchool_Subset\images\2025-01-01\layers\2025-01-01_B03.tif,data\raw\SummerSchool_Subset\images\2025-01-01\layers\2025-01-01_B02.tif,data\raw\SummerSchool_Subset\images\2025-01-01\layers\2025-01-01_VV.tif,data\raw\SummerSchool_Subset\images\2025-01-01\layers\2025-01-01_VH.tif,data\raw\SummerSchool_Subset\masks\2025_01_01.tiff,0 1 2 3 255,6594,0.2449934980494148,19954,0.7413709827233884,34,0.0012632361136912,333,0.0123722831135054,20321,0.7550065019505852,validation
2025-01-01,2025-01-01_r1344_c0896,6,4,1344,896,224,224,663263.1731614799,6055379.6979485005,665509.5534378499,6057625.078082287,31911,0.6359813456632653,18265,True,True,True,data\raw\SummerSchool_Subset\images\2025-01-01\layers\2025-01-01_B04.tif,data\raw\SummerSchool_Subset\images\2025-01-01\layers\2025-01-01_B03.tif,data\raw\SummerSchool_Subset\images\2025-01-01\layers\2025-01-01_B02.tif,data\raw\SummerSchool_Subset\images\2025-01-01\layers\2025-01-01_VV.tif,data\raw\SummerSchool_Subset\images\2025-01-01\layers\2025-01-01_VH.tif,data\raw\SummerSchool_Subset\masks\2025_01_01.tiff,0 1 2 255,23693,0.742471248158942,8217,0.2574974146845915,1,3.133715646642224e-05,0,0.0,8218,0.2575287518410579,validation
2025-01-01,2025-01-01_r1344_c1120,6,5,1344,1120,224,224,665509.5534378499,6055379.6979485005,667755.9337142198,6057625.078082287,13358,0.2662228954081632,36818,True,True,True,data\raw\SummerSchool_Subset\images\2025-01-01\layers\2025-01-01_B04.tif,data\raw\SummerSchool_Subset\images\2025-01-01\layers\2025-01-01_B03.tif,data\raw\SummerSchool_Subset\images\2025-01-01\layers\2025-01-01_B02.tif,data\raw\SummerSchool_Subset\images\2025-01-01\layers\2025-01-01_VV.tif,data\raw\SummerSchool_Subset\images\2025-01-01\layers\2025-01-01_VH.tif,data\raw\SummerSchool_Subset\masks\2025_01_01.tiff,0 1 3 255,10718,0.8023656235963468,2640,0.1976343764036532,0,0.0,0,0.0,2640,0.1976343764036532,validation
2025-01-01,2025-01-01_r1344_c1344,6,6,1344,1344,224,224,667755.9337142198,6055379.6979485005,670002.3139905898,6057625.078082287,17998,0.3586973852040816,32178,True,True,True,data\raw\SummerSchool_Subset\images\2025-01-01\layers\2025-01-01_B04.tif,data\raw\SummerSchool_Subset\images\2025-01-01\layers\2025-01-01_B03.tif,data\raw\SummerSchool_Subset\images\2025-01-01\layers\2025-01-01_B02.tif,data\raw\SummerSchool_Subset\images\2025-01-01\layers\2025-01-01_VV.tif,data\raw\SummerSchool_Subset\images\2025-01-01\layers\2025-01-01_VH.tif,data\raw\SummerSchool_Subset\masks\2025_01_01.tiff,0 1 3 255,7001,0.388987665296144,10990,0.6106234026002889,0,0.0,7,0.000388932103567,10997,0.611012334703856,validation
2025-01-01,2025-01-01_r1568_c0896,7,4,1568,896,224,224,663263.1731614799,6053134.317814715,665509.5534378499,6055379.6979485005,17870,0.3561463647959184,32306,True,True,True,data\raw\SummerSchool_Subset\images\2025-01-01\layers\2025-01-01_B04.tif,data\raw\SummerSchool_Subset\images\2025-01-01\layers\2025-01-01_B03.tif,data\raw\SummerSchool_Subset\images\2025-01-01\layers\2025-01-01_B02.tif,data\raw\SummerSchool_Subset\images\2025-01-01\layers\2025-01-01_VV.tif,data\raw\SummerSchool_Subset\images\2025-01-01\layers\2025-01-01_VH.tif,data\raw\SummerSchool_Subset\masks\2025_01_01.tiff,0 1 2 255,1612,0.0902070509233352,16255,0.9096250699496362,3,0.0001678791270285,0,0.0,16258,0.9097929490766647,validation
2025-01-01,2025-01-01_r1568_c1120,7,5,1568,1120,224,224,665509.5534378499,6053134.317814715,667755.9337142198,6055379.6979485005,43260,0.8621651785714286,6916,True,True,True,data\raw\SummerSchool_Subset\images\2025-01-01\layers\2025-01-01_B04.tif,data\raw\SummerSchool_Subset\images\2025-01-01\layers\2025-01-01_B03.tif,data\raw\SummerSchool_Subset\images\2025-01-01\layers\2025-01-01_B02.tif,data\raw\SummerSchool_Subset\images\2025-01-01\layers\2025-01-01_VV.tif,data\raw\SummerSchool_Subset\images\2025-01-01\layers\2025-01-01_VH.tif,data\raw\SummerSchool_Subset\masks\2025_01_01.tiff,0 1 255,3045,0.0703883495145631,40215,0.9296116504854368,0,0.0,0,0.0,40215,0.9296116504854368,validation
2025-01-01,2025-01-01_r1568_c1344,7,6,1568,1344,224,224,667755.9337142198,6053134.317814715,670002.3139905898,6055379.6979485005,40786,0.812858737244898,9390,True,True,True,data\raw\SummerSchool_Subset\images\2025-01-01\layers\2025-01-01_B04.tif,data\raw\SummerSchool_Subset\images\2025-01-01\layers\2025-01-01_B03.tif,data\raw\SummerSchool_Subset\images\2025-01-01\layers\2025-01-01_B02.tif,data\raw\SummerSchool_Subset\images\2025-01-01\layers\2025-01-01_VV.tif,data\raw\SummerSchool_Subset\images\2025-01-01\layers\2025-01-01_VH.tif,data\raw\SummerSchool_Subset\masks\2025_01_01.tiff,0 1 2 255,4628,0.1134703084391703,36151,0.8863580640415829,7,0.0001716275192468,0,0.0,36158,0.8865296915608297,validation
2025-01-01,2025-01-01_r1568_c1568,7,7,1568,1568,224,224,670002.3139905898,6053134.317814715,672248.6942669598,6055379.6979485005,16623,0.3312938456632653,33553,True,True,True,data\raw\SummerSchool_Subset\images\2025-01-01\layers\2025-01-01_B04.tif,data\raw\SummerSchool_Subset\images\2025-01-01\layers\2025-01-01_B03.tif,data\raw\SummerSchool_Subset\images\2025-01-01\layers\2025-01-01_B02.tif,data\raw\SummerSchool_Subset\images\2025-01-01\layers\2025-01-01_VV.tif,data\raw\SummerSchool_Subset\images\2025-01-01\layers\2025-01-01_VH.tif,data\raw\SummerSchool_Subset\masks\2025_01_01.tiff,0 1 2 255,12361,0.7436082536244962,4174,0.251097876436263,88,0.0052938699392408,0,0.0,4262,0.2563917463755038,validation
2025-01-01,2025-01-01_r1568_c2016,7,9,1568,2016,224,224,674495.0745433298,6053134.317814715,676741.4548196997,6055379.6979485005,27242,0.5429288903061225,22934,True,True,True,data\raw\SummerSchool_Subset\images\2025-01-01\layers\2025-01-01_B04.tif,data\raw\SummerSchool_Subset\images\2025-01-01\layers\2025-01-01_B03.tif,data\raw\SummerSchool_Subset\images\2025-01-01\layers\2025-01-01_B02.tif,data\raw\SummerSchool_Subset\images\2025-01-01\layers\2025-01-01_VV.tif,data\raw\SummerSchool_Subset\images\2025-01-01\layers\2025-01-01_VH.tif,data\raw\SummerSchool_Subset\masks\2025_01_01.tiff,0 1 2 3 255,8027,0.2946553116511269,18335,0.6730416268996403,332,0.0121870640922105,548,0.0201159973570222,19215,0.7053446883488731,validation
2025-01-01,2025-01-01_r1792_c0896,8,4,1792,896,224,224,663263.1731614799,6050888.937680929,665509.5534378499,6053134.317814715,23000,0.4583864795918367,27176,True,True,True,data\raw\SummerSchool_Subset\images\2025-01-01\layers\2025-01-01_B04.tif,data\raw\SummerSchool_Subset\images\2025-01-01\layers\2025-01-01_B03.tif,data\raw\SummerSchool_Subset\images\2025-01-01\layers\2025-01-01_B02.tif,data\raw\SummerSchool_Subset\images\2025-01-01\layers\2025-01-01_VV.tif,data\raw\SummerSchool_Subset\images\2025-01-01\layers\2025-01-01_VH.tif,data\raw\SummerSchool_Subset\masks\2025_01_01.tiff,0 1 2 255,2745,0.1193478260869565,20249,0.8803913043478261,6,0.0002608695652173,0,0.0,20255,0.8806521739130435,validation
2025-01-01,2025-01-01_r1792_c1120,8,5,1792,1120,224,224,665509.5534378499,6050888.937680929,667755.9337142198,6053134.317814715,43505,0.8670479910714286,6671,True,True,True,data\raw\SummerSchool_Subset\images\2025-01-01\layers\2025-01-01_B04.tif,data\raw\SummerSchool_Subset\images\2025-01-01\layers\2025-01-01_B03.tif,data\raw\SummerSchool_Subset\images\2025-01-01\layers\2025-01-01_B02.tif,data\raw\SummerSchool_Subset\images\2025-01-01\layers\2025-01-01_VV.tif,data\raw\SummerSchool_Subset\images\2025-01-01\layers\2025-01-01_VH.tif,data\raw\SummerSchool_Subset\masks\2025_01_01.tiff,0 1 2 255,2422,0.0556717618664521,41082,0.944305252269854,1,2.298586369382829e-05,0,0.0,41083,0.9443282381335478,validation
2025-01-01,2025-01-01_r1792_c1344,8,6,1792,1344,224,224,667755.9337142198,6050888.937680929,670002.3139905898,6053134.317814715,41985,0.8367546237244898,8191,True,True,True,data\raw\SummerSchool_Subset\images\2025-01-01\layers\2025-01-01_B04.tif,data\raw\SummerSchool_Subset\images\2025-01-01\layers\2025-01-01_B03.tif,data\raw\SummerSchool_Subset\images\2025-01-01\layers\2025-01-01_B02.tif,data\raw\SummerSchool_Subset\images\2025-01-01\layers\2025-01-01_VV.tif,data\raw\SummerSchool_Subset\images\2025-01-01\layers\2025-01-01_VH.tif,data\raw\SummerSchool_Subset\masks\2025_01_01.tiff,0 1 2 255,6176,0.1471001548171966,35794,0.8525425747290699,15,0.0003572704537334,0,0.0,35809,0.8528998451828034,validation
2025-01-01,2025-01-01_r1792_c1568,8,7,1792,1568,224,224,670002.3139905898,6050888.937680929,672248.6942669598,6053134.317814715,36483,0.7271006058673469,13693,True,True,True,data\raw\SummerSchool_Subset\images\2025-01-01\layers\2025-01-01_B04.tif,data\raw\SummerSchool_Subset\images\2025-01-01\layers\2025-01-01_B03.tif,data\raw\SummerSchool_Subset\images\2025-01-01\layers\2025-01-01_B02.tif,data\raw\SummerSchool_Subset\images\2025-01-01\layers\2025-01-01_VV.tif,data\raw\SummerSchool_Subset\images\2025-01-01\layers\2025-01-01_VH.tif,data\raw\SummerSchool_Subset\masks\2025_01_01.tiff,0 1 2 255,23704,0.6497272702354522,12178,0.3337993037853247,601,0.0164734259792232,0,0.0,12779,0.3502727297645479,validation
2025-01-01,2025-01-01_r1792_c1792,8,8,1792,1792,224,224,672248.6942669598,6050888.937680929,674495.0745433298,6053134.317814715,24944,0.4971301020408163,25232,True,True,True,data\raw\SummerSchool_Subset\images\2025-01-01\layers\2025-01-01_B04.tif,data\raw\SummerSchool_Subset\images\2025-01-01\layers\2025-01-01_B03.tif,data\raw\SummerSchool_Subset\images\2025-01-01\layers\2025-01-01_B02.tif,data\raw\SummerSchool_Subset\images\2025-01-01\layers\2025-01-01_VV.tif,data\raw\SummerSchool_Subset\images\2025-01-01\layers\2025-01-01_VH.tif,data\raw\SummerSchool_Subset\masks\2025_01_01.tiff,0 1 2 3 255,22412,0.8984926234765875,130,0.0052116741500962,2323,0.0931286080821039,79,0.0031670942912123,2532,0.1015073765234124,validation
2025-01-01,2025-01-01_r1792_c2016,8,9,1792,2016,224,224,674495.0745433298,6050888.937680929,676741.4548196997,6053134.317814715,36766,0.7327407525510204,13410,True,True,True,data\raw\SummerSchool_Subset\images\2025-01-01\layers\2025-01-01_B04.tif,data\raw\SummerSchool_Subset\images\2025-01-01\layers\2025-01-01_B03.tif,data\raw\SummerSchool_Subset\images\2025-01-01\layers\2025-01-01_B02.tif,data\raw\SummerSchool_Subset\images\2025-01-01\layers\2025-01-01_VV.tif,data\raw\SummerSchool_Subset\images\2025-01-01\layers\2025-01-01_VH.tif,data\raw\SummerSchool_Subset\masks\2025_01_01.tiff,0 1 2 3 255,21481,0.5842626339552848,14292,0.3887287167491704,553,0.0150410705543164,440,0.0119675787412283,15285,0.4157373660447152,validation
2025-01-01,2025-01-01_r2016_c0448,9,2,2016,448,224,224,658770.4126087399,6048643.557547144,661016.7928851099,6050888.937680929,37057,0.7385403380102041,13119,True,True,True,data\raw\SummerSchool_Subset\images\2025-01-01\layers\2025-01-01_B04.tif,data\raw\SummerSchool_Subset\images\2025-01-01\layers\2025-01-01_B03.tif,data\raw\SummerSchool_Subset\images\2025-01-01\layers\2025-01-01_B02.tif,data\raw\SummerSchool_Subset\images\2025-01-01\layers\2025-01-01_VV.tif,data\raw\SummerSchool_Subset\images\2025-01-01\layers\2025-01-01_VH.tif,data\raw\SummerSchool_Subset\masks\2025_01_01.tiff,0 1 2 255,23708,0.6397711633429581,13259,0.3578001457214561,90,0.0024286909355857,0,0.0,13349,0.3602288366570418,validation
2025-01-01,2025-01-01_r2016_c0672,9,3,2016,672,224,224,661016.7928851099,6048643.557547144,663263.1731614799,6050888.937680929,27078,0.5396603954081632,23098,True,True,True,data\raw\SummerSchool_Subset\images\2025-01-01\layers\2025-01-01_B04.tif,data\raw\SummerSchool_Subset\images\2025-01-01\layers\2025-01-01_B03.tif,data\raw\SummerSchool_Subset\images\2025-01-01\layers\2025-01-01_B02.tif,data\raw\SummerSchool_Subset\images\2025-01-01\layers\2025-01-01_VV.tif,data\raw\SummerSchool_Subset\images\2025-01-01\layers\2025-01-01_VH.tif,data\raw\SummerSchool_Subset\masks\2025_01_01.tiff,0 1 2 255,18026,0.665706477583278,8948,0.3304527660831671,104,0.0038407563335549,0,0.0,9052,0.334293522416722,validation
2025-01-01,2025-01-01_r2016_c0896,9,4,2016,896,224,224,663263.1731614799,6048643.557547144,665509.5534378499,6050888.937680929,29900,0.5959024234693877,20276,True,True,True,data\raw\SummerSchool_Subset\images\2025-01-01\layers\2025-01-01_B04.tif,data\raw\SummerSchool_Subset\images\2025-01-01\layers\2025-01-01_B03.tif,data\raw\SummerSchool_Subset\images\2025-01-01\layers\2025-01-01_B02.tif,data\raw\SummerSchool_Subset\images\2025-01-01\layers\2025-01-01_VV.tif,data\raw\SummerSchool_Subset\images\2025-01-01\layers\2025-01-01_VH.tif,data\raw\SummerSchool_Subset\masks\2025_01_01.tiff,0 1 2 255,6061,0.2027090301003344,23818,0.7965886287625418,21,0.0007023411371237,0,0.0,23839,0.7972909698996655,validation
2025-01-01,2025-01-01_r2016_c1120,9,5,2016,1120,224,224,665509.5534378499,6048643.557547144,667755.9337142198,6050888.937680929,41437,0.8258330676020408,8739,True,True,True,data\raw\SummerSchool_Subset\images\2025-01-01\layers\2025-01-01_B04.tif,data\raw\SummerSchool_Subset\images\2025-01-01\layers\2025-01-01_B03.tif,data\raw\SummerSchool_Subset\images\2025-01-01\layers\2025-01-01_B02.tif,data\raw\SummerSchool_Subset\images\2025-01-01\layers\2025-01-01_VV.tif,data\raw\SummerSchool_Subset\images\2025-01-01\layers\2025-01-01_VH.tif,data\raw\SummerSchool_Subset\masks\2025_01_01.tiff,0 1 2 255,9290,0.2241957670680792,32135,0.7755146366773656,12,0.0002895962545551,0,0.0,32147,0.7758042329319208,validation
2025-01-01,2025-01-01_r2016_c1344,9,6,2016,1344,224,224,667755.9337142198,6048643.557547144,670002.3139905898,6050888.937680929,31648,0.6307397959183674,18528,True,True,True,data\raw\SummerSchool_Subset\images\2025-01-01\layers\2025-01-01_B04.tif,data\raw\SummerSchool_Subset\images\2025-01-01\layers\2025-01-01_B03.tif,data\raw\SummerSchool_Subset\images\2025-01-01\layers\2025-01-01_B02.tif,data\raw\SummerSchool_Subset\images\2025-01-01\layers\2025-01-01_VV.tif,data\raw\SummerSchool_Subset\images\2025-01-01\layers\2025-01-01_VH.tif,data\raw\SummerSchool_Subset\masks\2025_01_01.tiff,0 1 2 255,8050,0.2543604651162791,23578,0.7450075834175935,20,0.0006319514661274,0,0.0,23598,0.7456395348837209,validation
2025-01-01,2025-01-01_r2016_c1568,9,7,2016,1568,224,224,670002.3139905898,6048643.557547144,672248.6942669598,6050888.937680929,35694,0.7113759566326531,14482,True,True,True,data\raw\SummerSchool_Subset\images\2025-01-01\layers\2025-01-01_B04.tif,data\raw\SummerSchool_Subset\images\2025-01-01\layers\2025-01-01_B03.tif,data\raw\SummerSchool_Subset\images\2025-01-01\layers\2025-01-01_B02.tif,data\raw\SummerSchool_Subset\images\2025-01-01\layers\2025-01-01_VV.tif,data\raw\SummerSchool_Subset\images\2025-01-01\layers\2025-01-01_VH.tif,data\raw\SummerSchool_Subset\masks\2025_01_01.tiff,0 1 2 255,25158,0.704824340225248,9426,0.2640779963018995,1110,0.0310976634728525,0,0.0,10536,0.2951756597747521,validation
2025-01-01,2025-01-01_r2016_c1792,9,8,2016,1792,224,224,672248.6942669598,6048643.557547144,674495.0745433298,6050888.937680929,24836,0.4949776785714285,25340,True,True,True,data\raw\SummerSchool_Subset\images\2025-01-01\layers\2025-01-01_B04.tif,data\raw\SummerSchool_Subset\images\2025-01-01\layers\2025-01-01_B03.tif,data\raw\SummerSchool_Subset\images\2025-01-01\layers\2025-01-01_B02.tif,data\raw\SummerSchool_Subset\images\2025-01-01\layers\2025-01-01_VV.tif,data\raw\SummerSchool_Subset\images\2025-01-01\layers\2025-01-01_VH.tif,data\raw\SummerSchool_Subset\masks\2025_01_01.tiff,0 1 2 3 255,21235,0.8550088581091964,1348,0.0542760508938637,2165,0.0871718473184087,88,0.0035432436785311,3601,0.1449911418908036,validation
2025-01-01,2025-01-01_r2240_c0224,10,1,2240,224,224,224,656524.0323323699,6046398.177413358,658770.4126087399,6048643.557547144,14082,0.2806521045918367,36094,True,True,True,data\raw\SummerSchool_Subset\images\2025-01-01\layers\2025-01-01_B04.tif,data\raw\SummerSchool_Subset\images\2025-01-01\layers\2025-01-01_B03.tif,data\raw\SummerSchool_Subset\images\2025-01-01\layers\2025-01-01_B02.tif,data\raw\SummerSchool_Subset\images\2025-01-01\layers\2025-01-01_VV.tif,data\raw\SummerSchool_Subset\images\2025-01-01\layers\2025-01-01_VH.tif,data\raw\SummerSchool_Subset\masks\2025_01_01.tiff,0 1 2 3 255,11588,0.8228944752165885,2301,0.1634000852151683,138,0.0097997443544951,55,0.003905695213748,2494,0.1771055247834114,validation
2025-01-01,2025-01-01_r2240_c0448,10,2,2240,448,224,224,658770.4126087399,6046398.177413358,661016.7928851099,6048643.557547144,26606,0.5302535076530612,23570,True,True,True,data\raw\SummerSchool_Subset\images\2025-01-01\layers\2025-01-01_B04.tif,data\raw\SummerSchool_Subset\images\2025-01-01\layers\2025-01-01_B03.tif,data\raw\SummerSchool_Subset\images\2025-01-01\layers\2025-01-01_B02.tif,data\raw\SummerSchool_Subset\images\2025-01-01\layers\2025-01-01_VV.tif,data\raw\SummerSchool_Subset\images\2025-01-01\layers\2025-01-01_VH.tif,data\raw\SummerSchool_Subset\masks\2025_01_01.tiff,0 1 2 3 255,21306,0.8007968127490039,5126,0.1926633090280388,144,0.0054123130121025,30,0.0011275652108546,5300,0.199203187250996,validation
2025-01-01,2025-01-01_r2240_c0672,10,3,2240,672,224,224,661016.7928851099,6046398.177413358,663263.1731614799,6048643.557547144,21032,0.4191645408163265,29144,True,True,True,data\raw\SummerSchool_Subset\images\2025-01-01\layers\2025-01-01_B04.tif,data\raw\SummerSchool_Subset\images\2025-01-01\layers\2025-01-01_B03.tif,data\raw\SummerSchool_Subset\images\2025-01-01\layers\2025-01-01_B02.tif,data\raw\SummerSchool_Subset\images\2025-01-01\layers\2025-01-01_VV.tif,data\raw\SummerSchool_Subset\images\2025-01-01\layers\2025-01-01_VH.tif,data\raw\SummerSchool_Subset\masks\2025_01_01.tiff,0 1 2 255,16901,0.8035850133130468,3964,0.1884747052111068,167,0.0079402814758463,0,0.0,4131,0.1964149866869532,validation
2025-01-01,2025-01-01_r2240_c0896,10,4,2240,896,224,224,663263.1731614799,6046398.177413358,665509.5534378499,6048643.557547144,36070,0.7188695790816326,14106,True,True,True,data\raw\SummerSchool_Subset\images\2025-01-01\layers\2025-01-01_B04.tif,data\raw\SummerSchool_Subset\images\2025-01-01\layers\2025-01-01_B03.tif,data\raw\SummerSchool_Subset\images\2025-01-01\layers\2025-01-01_B02.tif,data\raw\SummerSchool_Subset\images\2025-01-01\layers\2025-01-01_VV.tif,data\raw\SummerSchool_Subset\images\2025-01-01\layers\2025-01-01_VH.tif,data\raw\SummerSchool_Subset\masks\2025_01_01.tiff,0 1 2 255,17819,0.4940116440255059,18162,0.5035209315220405,89,0.0024674244524535,0,0.0,18251,0.505988355974494,validation
2025-01-01,2025-01-01_r2240_c1120,10,5,2240,1120,224,224,665509.5534378499,6046398.177413358,667755.9337142198,6048643.557547144,26946,0.5370296556122449,23230,True,True,True,data\raw\SummerSchool_Subset\images\2025-01-01\layers\2025-01-01_B04.tif,data\raw\SummerSchool_Subset\images\2025-01-01\layers\2025-01-01_B03.tif,data\raw\SummerSchool_Subset\images\2025-01-01\layers\2025-01-01_B02.tif,data\raw\SummerSchool_Subset\images\2025-01-01\layers\2025-01-01_VV.tif,data\raw\SummerSchool_Subset\images\2025-01-01\layers\2025-01-01_VH.tif,data\raw\SummerSchool_Subset\masks\2025_01_01.tiff,0 1 2 255,20088,0.7454909819639278,6643,0.2465300972315,215,0.0079789208045721,0,0.0,6858,0.2545090180360721,validation
2025-01-01,2025-01-01_r2240_c1344,10,6,2240,1344,224,224,667755.9337142198,6046398.177413358,670002.3139905898,6048643.557547144,24825,0.494758450255102,25351,True,True,True,data\raw\SummerSchool_Subset\images\2025-01-01\layers\2025-01-01_B04.tif,data\raw\SummerSchool_Subset\images\2025-01-01\layers\2025-01-01_B03.tif,data\raw\SummerSchool_Subset\images\2025-01-01\layers\2025-01-01_B02.tif,data\raw\SummerSchool_Subset\images\2025-01-01\layers\2025-01-01_VV.tif,data\raw\SummerSchool_Subset\images\2025-01-01\layers\2025-01-01_VH.tif,data\raw\SummerSchool_Subset\masks\2025_01_01.tiff,0 1 2 255,19873,0.8005236656596173,4799,0.1933131923464249,153,0.0061631419939577,0,0.0,4952,0.1994763343403826,validation
2025-01-01,2025-01-01_r2240_c1568,10,7,2240,1568,224,224,670002.3139905898,6046398.177413358,672248.6942669598,6048643.557547144,23771,0.4737523915816326,26405,True,True,True,data\raw\SummerSchool_Subset\images\2025-01-01\layers\2025-01-01_B04.tif,data\raw\SummerSchool_Subset\images\2025-01-01\layers\2025-01-01_B03.tif,data\raw\SummerSchool_Subset\images\2025-01-01\layers\2025-01-01_B02.tif,data\raw\SummerSchool_Subset\images\2025-01-01\layers\2025-01-01_VV.tif,data\raw\SummerSchool_Subset\images\2025-01-01\layers\2025-01-01_VH.tif,data\raw\SummerSchool_Subset\masks\2025_01_01.tiff,0 1 2 3 255,21699,0.912834966976568,1124,0.0472845063312439,903,0.0379874637162929,45,0.0018930629758949,2072,0.0871650330234319,validation
2025-01-01,2025-01-01_r2464_c0448,11,2,2464,448,224,224,658770.4126087399,6044152.797279572,661016.7928851099,6046398.177413358,17127,0.3413384885204081,33049,True,True,True,data\raw\SummerSchool_Subset\images\2025-01-01\layers\2025-01-01_B04.tif,data\raw\SummerSchool_Subset\images\2025-01-01\layers\2025-01-01_B03.tif,data\raw\SummerSchool_Subset\images\2025-01-01\layers\2025-01-01_B02.tif,data\raw\SummerSchool_Subset\images\2025-01-01\layers\2025-01-01_VV.tif,data\raw\SummerSchool_Subset\images\2025-01-01\layers\2025-01-01_VH.tif,data\raw\SummerSchool_Subset\masks\2025_01_01.tiff,0 1 2 3 255,15906,0.928709055876686,966,0.0564021720091084,241,0.0140713493314649,14,0.0008174227827407,1221,0.071290944123314,validation
2025-01-01,2025-01-01_r2464_c0896,11,4,2464,896,224,224,663263.1731614799,6044152.797279572,665509.5534378499,6046398.177413358,12653,0.2521723533163265,37523,True,True,True,data\raw\SummerSchool_Subset\images\2025-01-01\layers\2025-01-01_B04.tif,data\raw\SummerSchool_Subset\images\2025-01-01\layers\2025-01-01_B03.tif,data\raw\SummerSchool_Subset\images\2025-01-01\layers\2025-01-01_B02.tif,data\raw\SummerSchool_Subset\images\2025-01-01\layers\2025-01-01_VV.tif,data\raw\SummerSchool_Subset\images\2025-01-01\layers\2025-01-01_VH.tif,data\raw\SummerSchool_Subset\masks\2025_01_01.tiff,0 1 2 3 255,10998,0.869200980004742,1399,0.1105666640322453,204,0.0161226586580257,52,0.0041096973049869,1655,0.130799019995258,validation
2025-01-01,2025-01-01_r2464_c1120,11,5,2464,1120,224,224,665509.5534378499,6044152.797279572,667755.9337142198,6046398.177413358,26348,0.5251116071428571,23828,True,True,True,data\raw\SummerSchool_Subset\images\2025-01-01\layers\2025-01-01_B04.tif,data\raw\SummerSchool_Subset\images\2025-01-01\layers\2025-01-01_B03.tif,data\raw\SummerSchool_Subset\images\2025-01-01\layers\2025-01-01_B02.tif,data\raw\SummerSchool_Subset\images\2025-01-01\layers\2025-01-01_VV.tif,data\raw\SummerSchool_Subset\images\2025-01-01\layers\2025-01-01_VH.tif,data\raw\SummerSchool_Subset\masks\2025_01_01.tiff,0 1 2 255,23385,0.8875436465765902,2544,0.096553818126613,419,0.0159025352967967,0,0.0,2963,0.1124563534234097,validation
2025-01-01,2025-01-01_r2464_c1344,11,6,2464,1344,224,224,667755.9337142198,6044152.797279572,670002.3139905898,6046398.177413358,33081,0.6592992665816326,17095,True,True,True,data\raw\SummerSchool_Subset\images\2025-01-01\layers\2025-01-01_B04.tif,data\raw\SummerSchool_Subset\images\2025-01-01\layers\2025-01-01_B03.tif,data\raw\SummerSchool_Subset\images\2025-01-01\layers\2025-01-01_B02.tif,data\raw\SummerSchool_Subset\images\2025-01-01\layers\2025-01-01_VV.tif,data\raw\SummerSchool_Subset\images\2025-01-01\layers\2025-01-01_VH.tif,data\raw\SummerSchool_Subset\masks\2025_01_01.tiff,0 1 2 255,28332,0.8564432755962638,4314,0.130407182370545,435,0.0131495420331912,0,0.0,4749,0.1435567244037363,validation
2025-01-01,2025-01-01_r2464_c1568,11,7,2464,1568,224,224,670002.3139905898,6044152.797279572,672248.6942669598,6046398.177413358,29499,0.5879105548469388,20677,True,True,True,data\raw\SummerSchool_Subset\images\2025-01-01\layers\2025-01-01_B04.tif,data\raw\SummerSchool_Subset\images\2025-01-01\layers\2025-01-01_B03.tif,data\raw\SummerSchool_Subset\images\2025-01-01\layers\2025-01-01_B02.tif,data\raw\SummerSchool_Subset\images\2025-01-01\layers\2025-01-01_VV.tif,data\raw\SummerSchool_Subset\images\2025-01-01\layers\2025-01-01_VH.tif,data\raw\SummerSchool_Subset\masks\2025_01_01.tiff,0 1 2 3 255,20221,0.6854808637580935,8384,0.2842130241703108,491,0.0166446320214244,403,0.0136614800501711,9278,0.3145191362419065,validation
2025-01-01,2025-01-01_r2688_c1344,12,6,2688,1344,224,224,667755.9337142198,6041907.417145787,670002.3139905898,6044152.797279572,14315,0.2852957589285714,35861,True,True,True,data\raw\SummerSchool_Subset\images\2025-01-01\layers\2025-01-01_B04.tif,data\raw\SummerSchool_Subset\images\2025-01-01\layers\2025-01-01_B03.tif,data\raw\SummerSchool_Subset\images\2025-01-01\layers\2025-01-01_B02.tif,data\raw\SummerSchool_Subset\images\2025-01-01\layers\2025-01-01_VV.tif,data\raw\SummerSchool_Subset\images\2025-01-01\layers\2025-01-01_VH.tif,data\raw\SummerSchool_Subset\masks\2025_01_01.tiff,0 1 2 3 255,12754,0.8909535452322739,89,0.0062172546280125,1447,0.1010827803003842,25,0.0017464198393293,1561,0.1090464547677261,validation
2025-01-01,2025-01-01_r2688_c1568,12,7,2688,1568,224,224,670002.3139905898,6041907.417145787,672248.6942669598,6044152.797279572,20752,0.4135841836734694,29424,True,True,True,data\raw\SummerSchool_Subset\images\2025-01-01\layers\2025-01-01_B04.tif,data\raw\SummerSchool_Subset\images\2025-01-01\layers\2025-01-01_B03.tif,data\raw\SummerSchool_Subset\images\2025-01-01\layers\2025-01-01_B02.tif,data\raw\SummerSchool_Subset\images\2025-01-01\layers\2025-01-01_VV.tif,data\raw\SummerSchool_Subset\images\2025-01-01\layers\2025-01-01_VH.tif,data\raw\SummerSchool_Subset\masks\2025_01_01.tiff,0 1 2 3 255,16829,0.8109579799537394,1956,0.0942559753276792,795,0.0383095605242868,1172,0.0564764841942945,3923,0.1890420200462606,validation
2025-01-31,2025-01-31_r0000_c0672,0,3,0,672,224,224,661016.7928851099,6068851.978751215,663263.1731614799,6071097.358885,20802,0.4145806760204081,29374,True,True,True,data\raw\SummerSchool_Subset\images\2025-01-31\layers\2025-01-31_B04.tif,data\raw\SummerSchool_Subset\images\2025-01-31\layers\2025-01-31_B03.tif,data\raw\SummerSchool_Subset\images\2025-01-31\layers\2025-01-31_B02.tif,data\raw\SummerSchool_Subset\images\2025-01-31\layers\2025-01-31_VV.tif,data\raw\SummerSchool_Subset\images\2025-01-31\layers\2025-01-31_VH.tif,data\raw\SummerSchool_Subset\masks\2025_01_31.tiff,0 1 2 3 255,10671,0.5129795211998847,9565,0.4598115565810979,160,0.0076915681184501,406,0.0195173541005672,10131,0.4870204788001154,train
2025-01-31,2025-01-31_r0224_c0448,1,2,224,448,224,224,658770.4126087399,6066606.598617429,661016.7928851099,6068851.978751215,16836,0.3355389030612244,33340,True,True,True,data\raw\SummerSchool_Subset\images\2025-01-31\layers\2025-01-31_B04.tif,data\raw\SummerSchool_Subset\images\2025-01-31\layers\2025-01-31_B03.tif,data\raw\SummerSchool_Subset\images\2025-01-31\layers\2025-01-31_B02.tif,data\raw\SummerSchool_Subset\images\2025-01-31\layers\2025-01-31_VV.tif,data\raw\SummerSchool_Subset\images\2025-01-31\layers\2025-01-31_VH.tif,data\raw\SummerSchool_Subset\masks\2025_01_31.tiff,0 1 2 3 255,3191,0.1895343311950582,13495,0.8015561891185555,81,0.0048111190306486,69,0.0040983606557377,13645,0.8104656688049418,train
2025-01-31,2025-01-31_r0224_c0672,1,3,224,672,224,224,661016.7928851099,6066606.598617429,663263.1731614799,6068851.978751215,43704,0.8710140306122449,6472,True,True,True,data\raw\SummerSchool_Subset\images\2025-01-31\layers\2025-01-31_B04.tif,data\raw\SummerSchool_Subset\images\2025-01-31\layers\2025-01-31_B03.tif,data\raw\SummerSchool_Subset\images\2025-01-31\layers\2025-01-31_B02.tif,data\raw\SummerSchool_Subset\images\2025-01-31\layers\2025-01-31_VV.tif,data\raw\SummerSchool_Subset\images\2025-01-31\layers\2025-01-31_VH.tif,data\raw\SummerSchool_Subset\masks\2025_01_31.tiff,0 1 2 3 255,10240,0.234303496247483,32726,0.7488101775581183,515,0.0117838184147904,223,0.0051025077796082,33464,0.765696503752517,train
2025-01-31,2025-01-31_r0448_c0448,2,2,448,448,224,224,658770.4126087399,6064361.218483644,661016.7928851099,6066606.598617429,33590,0.6694435586734694,16586,True,True,True,data\raw\SummerSchool_Subset\images\2025-01-31\layers\2025-01-31_B04.tif,data\raw\SummerSchool_Subset\images\2025-01-31\layers\2025-01-31_B03.tif,data\raw\SummerSchool_Subset\images\2025-01-31\layers\2025-01-31_B02.tif,data\raw\SummerSchool_Subset\images\2025-01-31\layers\2025-01-31_VV.tif,data\raw\SummerSchool_Subset\images\2025-01-31\layers\2025-01-31_VH.tif,data\raw\SummerSchool_Subset\masks\2025_01_31.tiff,0 1 2 3 255,4371,0.1301280142899672,28955,0.8620125037213456,114,0.0033938672223876,150,0.0044656147662994,29219,0.8698719857100328,train
2025-01-31,2025-01-31_r0448_c0672,2,3,448,672,224,224,661016.7928851099,6064361.218483644,663263.1731614799,6066606.598617429,44093,0.8787667410714286,6083,True,True,True,data\raw\SummerSchool_Subset\images\2025-01-31\layers\2025-01-31_B04.tif,data\raw\SummerSchool_Subset\images\2025-01-31\layers\2025-01-31_B03.tif,data\raw\SummerSchool_Subset\images\2025-01-31\layers\2025-01-31_B02.tif,data\raw\SummerSchool_Subset\images\2025-01-31\layers\2025-01-31_VV.tif,data\raw\SummerSchool_Subset\images\2025-01-31\layers\2025-01-31_VH.tif,data\raw\SummerSchool_Subset\masks\2025_01_31.tiff,0 1 2 3 255,5580,0.126550699657542,38119,0.864513641621119,249,0.0056471548771913,145,0.0032885038441475,38513,0.8734493003424579,train
2025-01-31,2025-01-31_r0448_c0896,2,4,448,896,224,224,663263.1731614799,6064361.218483644,665509.5534378499,6066606.598617429,21045,0.4194236288265306,29131,True,True,True,data\raw\SummerSchool_Subset\images\2025-01-31\layers\2025-01-31_B04.tif,data\raw\SummerSchool_Subset\images\2025-01-31\layers\2025-01-31_B03.tif,data\raw\SummerSchool_Subset\images\2025-01-31\layers\2025-01-31_B02.tif,data\raw\SummerSchool_Subset\images\2025-01-31\layers\2025-01-31_VV.tif,data\raw\SummerSchool_Subset\images\2025-01-31\layers\2025-01-31_VH.tif,data\raw\SummerSchool_Subset\masks\2025_01_31.tiff,0 1 2 3 255,18701,0.8886196246139225,304,0.0144452363981943,1454,0.0690900451413637,586,0.0278450938465193,2344,0.1113803753860774,train
2025-01-31,2025-01-31_r0448_c1120,2,5,448,1120,224,224,665509.5534378499,6064361.218483644,667755.9337142198,6066606.598617429,10653,0.2123126594387755,39523,True,True,True,data\raw\SummerSchool_Subset\images\2025-01-31\layers\2025-01-31_B04.tif,data\raw\SummerSchool_Subset\images\2025-01-31\layers\2025-01-31_B03.tif,data\raw\SummerSchool_Subset\images\2025-01-31\layers\2025-01-31_B02.tif,data\raw\SummerSchool_Subset\images\2025-01-31\layers\2025-01-31_VV.tif,data\raw\SummerSchool_Subset\images\2025-01-31\layers\2025-01-31_VH.tif,data\raw\SummerSchool_Subset\masks\2025_01_31.tiff,0 1 2 3 255,8103,0.7606308082230357,1347,0.1264432554210081,775,0.0727494602459401,428,0.0401764761100159,2550,0.2393691917769642,train
2025-01-31,2025-01-31_r0448_c1344,2,6,448,1344,224,224,667755.9337142198,6064361.218483644,670002.3139905898,6066606.598617429,10526,0.209781568877551,39650,True,True,True,data\raw\SummerSchool_Subset\images\2025-01-31\layers\2025-01-31_B04.tif,data\raw\SummerSchool_Subset\images\2025-01-31\layers\2025-01-31_B03.tif,data\raw\SummerSchool_Subset\images\2025-01-31\layers\2025-01-31_B02.tif,data\raw\SummerSchool_Subset\images\2025-01-31\layers\2025-01-31_VV.tif,data\raw\SummerSchool_Subset\images\2025-01-31\layers\2025-01-31_VH.tif,data\raw\SummerSchool_Subset\masks\2025_01_31.tiff,0 1 2 3 255,6439,0.611723351700551,3327,0.316074482234467,328,0.0311609348280448,432,0.0410412312369371,4087,0.3882766482994489,train
2025-01-31,2025-01-31_r0448_c1568,2,7,448,1568,224,224,670002.3139905898,6064361.218483644,672248.6942669598,6066606.598617429,28193,0.561882174744898,21983,True,True,True,data\raw\SummerSchool_Subset\images\2025-01-31\layers\2025-01-31_B04.tif,data\raw\SummerSchool_Subset\images\2025-01-31\layers\2025-01-31_B03.tif,data\raw\SummerSchool_Subset\images\2025-01-31\layers\2025-01-31_B02.tif,data\raw\SummerSchool_Subset\images\2025-01-31\layers\2025-01-31_VV.tif,data\raw\SummerSchool_Subset\images\2025-01-31\layers\2025-01-31_VH.tif,data\raw\SummerSchool_Subset\masks\2025_01_31.tiff,0 1 2 3 255,16082,0.5704252828716349,11012,0.3905934097116305,510,0.0180895967084027,589,0.0208917107083318,12111,0.4295747171283652,train
2025-01-31,2025-01-31_r0448_c1792,2,8,448,1792,224,224,672248.6942669598,6064361.218483644,674495.0745433298,6066606.598617429,26290,0.5239556760204082,23886,True,True,True,data\raw\SummerSchool_Subset\images\2025-01-31\layers\2025-01-31_B04.tif,data\raw\SummerSchool_Subset\images\2025-01-31\layers\2025-01-31_B03.tif,data\raw\SummerSchool_Subset\images\2025-01-31\layers\2025-01-31_B02.tif,data\raw\SummerSchool_Subset\images\2025-01-31\layers\2025-01-31_VV.tif,data\raw\SummerSchool_Subset\images\2025-01-31\layers\2025-01-31_VH.tif,data\raw\SummerSchool_Subset\masks\2025_01_31.tiff,0 1 2 3 255,5208,0.1980981361734499,20921,0.795777862305059,45,0.001711677443895,116,0.004412324077596,21082,0.80190186382655,train
2025-01-31,2025-01-31_r0672_c0448,3,2,672,448,224,224,658770.4126087399,6062115.838349857,661016.7928851099,6064361.218483644,30233,0.6025390625,19943,True,True,True,data\raw\SummerSchool_Subset\images\2025-01-31\layers\2025-01-31_B04.tif,data\raw\SummerSchool_Subset\images\2025-01-31\layers\2025-01-31_B03.tif,data\raw\SummerSchool_Subset\images\2025-01-31\layers\2025-01-31_B02.tif,data\raw\SummerSchool_Subset\images\2025-01-31\layers\2025-01-31_VV.tif,data\raw\SummerSchool_Subset\images\2025-01-31\layers\2025-01-31_VH.tif,data\raw\SummerSchool_Subset\masks\2025_01_31.tiff,0 1 2 3 255,12997,0.42989448615751,17103,0.5657063473687692,129,0.0042668607151126,4,0.0001323057586081,17236,0.57010551384249,train
2025-01-31,2025-01-31_r0672_c0672,3,3,672,672,224,224,661016.7928851099,6062115.838349857,663263.1731614799,6064361.218483644,43388,0.8647161989795918,6788,True,True,True,data\raw\SummerSchool_Subset\images\2025-01-31\layers\2025-01-31_B04.tif,data\raw\SummerSchool_Subset\images\2025-01-31\layers\2025-01-31_B03.tif,data\raw\SummerSchool_Subset\images\2025-01-31\layers\2025-01-31_B02.tif,data\raw\SummerSchool_Subset\images\2025-01-31\layers\2025-01-31_VV.tif,data\raw\SummerSchool_Subset\images\2025-01-31\layers\2025-01-31_VH.tif,data\raw\SummerSchool_Subset\masks\2025_01_31.tiff,0 1 2 255,3685,0.0849313174149534,39700,0.9149995390430534,3,6.914354199317784e-05,0,0.0,39703,0.9150686825850466,train
2025-01-31,2025-01-31_r0672_c0896,3,4,672,896,224,224,663263.1731614799,6062115.838349857,665509.5534378499,6064361.218483644,42729,0.8515824298469388,7447,True,True,True,data\raw\SummerSchool_Subset\images\2025-01-31\layers\2025-01-31_B04.tif,data\raw\SummerSchool_Subset\images\2025-01-31\layers\2025-01-31_B03.tif,data\raw\SummerSchool_Subset\images\2025-01-31\layers\2025-01-31_B02.tif,data\raw\SummerSchool_Subset\images\2025-01-31\layers\2025-01-31_VV.tif,data\raw\SummerSchool_Subset\images\2025-01-31\layers\2025-01-31_VH.tif,data\raw\SummerSchool_Subset\masks\2025_01_31.tiff,0 1 2 3 255,16604,0.3885885464204638,26043,0.6094923822228463,80,0.0018722647382339,2,4.6806618455849655e-05,26125,0.6114114535795362,train
2025-01-31,2025-01-31_r0672_c1120,3,5,672,1120,224,224,665509.5534378499,6062115.838349857,667755.9337142198,6064361.218483644,44181,0.8805205676020408,5995,True,True,True,data\raw\SummerSchool_Subset\images\2025-01-31\layers\2025-01-31_B04.tif,data\raw\SummerSchool_Subset\images\2025-01-31\layers\2025-01-31_B03.tif,data\raw\SummerSchool_Subset\images\2025-01-31\layers\2025-01-31_B02.tif,data\raw\SummerSchool_Subset\images\2025-01-31\layers\2025-01-31_VV.tif,data\raw\SummerSchool_Subset\images\2025-01-31\layers\2025-01-31_VH.tif,data\raw\SummerSchool_Subset\masks\2025_01_31.tiff,0 1 255,4212,0.0953350987981258,39969,0.904664901201874,0,0.0,0,0.0,39969,0.904664901201874,train
2025-01-31,2025-01-31_r0672_c1344,3,6,672,1344,224,224,667755.9337142198,6062115.838349857,670002.3139905898,6064361.218483644,43540,0.8677455357142857,6636,True,True,True,data\raw\SummerSchool_Subset\images\2025-01-31\layers\2025-01-31_B04.tif,data\raw\SummerSchool_Subset\images\2025-01-31\layers\2025-01-31_B03.tif,data\raw\SummerSchool_Subset\images\2025-01-31\layers\2025-01-31_B02.tif,data\raw\SummerSchool_Subset\images\2025-01-31\layers\2025-01-31_VV.tif,data\raw\SummerSchool_Subset\images\2025-01-31\layers\2025-01-31_VH.tif,data\raw\SummerSchool_Subset\masks\2025_01_31.tiff,0 1 255,3496,0.0802939825447864,40044,0.9197060174552136,0,0.0,0,0.0,40044,0.9197060174552136,train
2025-01-31,2025-01-31_r0672_c1568,3,7,672,1568,224,224,670002.3139905898,6062115.838349857,672248.6942669598,6064361.218483644,42686,0.8507254464285714,7490,True,True,True,data\raw\SummerSchool_Subset\images\2025-01-31\layers\2025-01-31_B04.tif,data\raw\SummerSchool_Subset\images\2025-01-31\layers\2025-01-31_B03.tif,data\raw\SummerSchool_Subset\images\2025-01-31\layers\2025-01-31_B02.tif,data\raw\SummerSchool_Subset\images\2025-01-31\layers\2025-01-31_VV.tif,data\raw\SummerSchool_Subset\images\2025-01-31\layers\2025-01-31_VH.tif,data\raw\SummerSchool_Subset\masks\2025_01_31.tiff,0 1 255,3644,0.0853675678208311,39042,0.9146324321791688,0,0.0,0,0.0,39042,0.9146324321791688,train
2025-01-31,2025-01-31_r0672_c1792,3,8,672,1792,224,224,672248.6942669598,6062115.838349857,674495.0745433298,6064361.218483644,42836,0.8537149234693877,7340,True,True,True,data\raw\SummerSchool_Subset\images\2025-01-31\layers\2025-01-31_B04.tif,data\raw\SummerSchool_Subset\images\2025-01-31\layers\2025-01-31_B03.tif,data\raw\SummerSchool_Subset\images\2025-01-31\layers\2025-01-31_B02.tif,data\raw\SummerSchool_Subset\images\2025-01-31\layers\2025-01-31_VV.tif,data\raw\SummerSchool_Subset\images\2025-01-31\layers\2025-01-31_VH.tif,data\raw\SummerSchool_Subset\masks\2025_01_31.tiff,0 1 2 255,14849,0.3466476795218974,27984,0.6532822859277243,3,7.003455037818658e-05,0,0.0,27987,0.6533523204781025,train
2025-01-31,2025-01-31_r0672_c2016,3,9,672,2016,224,224,674495.0745433298,6062115.838349857,676741.4548196997,6064361.218483644,16850,0.3358179209183674,33326,True,True,True,data\raw\SummerSchool_Subset\images\2025-01-31\layers\2025-01-31_B04.tif,data\raw\SummerSchool_Subset\images\2025-01-31\layers\2025-01-31_B03.tif,data\raw\SummerSchool_Subset\images\2025-01-31\layers\2025-01-31_B02.tif,data\raw\SummerSchool_Subset\images\2025-01-31\layers\2025-01-31_VV.tif,data\raw\SummerSchool_Subset\images\2025-01-31\layers\2025-01-31_VH.tif,data\raw\SummerSchool_Subset\masks\2025_01_31.tiff,0 1 2 3 255,7168,0.4254005934718101,9583,0.5687240356083086,72,0.0042729970326409,27,0.0016023738872403,9682,0.5745994065281899,train
2025-01-31,2025-01-31_r0896_c0448,4,2,896,448,224,224,658770.4126087399,6059870.458216072,661016.7928851099,6062115.838349857,20704,0.4126275510204081,29472,True,True,True,data\raw\SummerSchool_Subset\images\2025-01-31\layers\2025-01-31_B04.tif,data\raw\SummerSchool_Subset\images\2025-01-31\layers\2025-01-31_B03.tif,data\raw\SummerSchool_Subset\images\2025-01-31\layers\2025-01-31_B02.tif,data\raw\SummerSchool_Subset\images\2025-01-31\layers\2025-01-31_VV.tif,data\raw\SummerSchool_Subset\images\2025-01-31\layers\2025-01-31_VH.tif,data\raw\SummerSchool_Subset\masks\2025_01_31.tiff,0 1 2 3 255,8552,0.4130602782071097,11918,0.5756375579598145,136,0.0065687789799072,98,0.0047333848531684,12152,0.5869397217928902,train
2025-01-31,2025-01-31_r0896_c0672,4,3,896,672,224,224,661016.7928851099,6059870.458216072,663263.1731614799,6062115.838349857,41952,0.8360969387755102,8224,True,True,True,data\raw\SummerSchool_Subset\images\2025-01-31\layers\2025-01-31_B04.tif,data\raw\SummerSchool_Subset\images\2025-01-31\layers\2025-01-31_B03.tif,data\raw\SummerSchool_Subset\images\2025-01-31\layers\2025-01-31_B02.tif,data\raw\SummerSchool_Subset\images\2025-01-31\layers\2025-01-31_VV.tif,data\raw\SummerSchool_Subset\images\2025-01-31\layers\2025-01-31_VH.tif,data\raw\SummerSchool_Subset\masks\2025_01_31.tiff,0 1 255,2116,0.050438596491228,39836,0.949561403508772,0,0.0,0,0.0,39836,0.949561403508772,train
2025-01-31,2025-01-31_r0896_c0896,4,4,896,896,224,224,663263.1731614799,6059870.458216072,665509.5534378499,6062115.838349857,40612,0.8093909438775511,9564,True,True,True,data\raw\SummerSchool_Subset\images\2025-01-31\layers\2025-01-31_B04.tif,data\raw\SummerSchool_Subset\images\2025-01-31\layers\2025-01-31_B03.tif,data\raw\SummerSchool_Subset\images\2025-01-31\layers\2025-01-31_B02.tif,data\raw\SummerSchool_Subset\images\2025-01-31\layers\2025-01-31_VV.tif,data\raw\SummerSchool_Subset\images\2025-01-31\layers\2025-01-31_VH.tif,data\raw\SummerSchool_Subset\masks\2025_01_31.tiff,0 1 255,9423,0.2320250172362848,31189,0.7679749827637151,0,0.0,0,0.0,31189,0.7679749827637151,train
2025-01-31,2025-01-31_r0896_c1120,4,5,896,1120,224,224,665509.5534378499,6059870.458216072,667755.9337142198,6062115.838349857,41306,0.8232222576530612,8870,True,True,True,data\raw\SummerSchool_Subset\images\2025-01-31\layers\2025-01-31_B04.tif,data\raw\SummerSchool_Subset\images\2025-01-31\layers\2025-01-31_B03.tif,data\raw\SummerSchool_Subset\images\2025-01-31\layers\2025-01-31_B02.tif,data\raw\SummerSchool_Subset\images\2025-01-31\layers\2025-01-31_VV.tif,data\raw\SummerSchool_Subset\images\2025-01-31\layers\2025-01-31_VH.tif,data\raw\SummerSchool_Subset\masks\2025_01_31.tiff,0 1 255,6864,0.1661744056553527,34442,0.8338255943446473,0,0.0,0,0.0,34442,0.8338255943446473,train
2025-01-31,2025-01-31_r0896_c1344,4,6,896,1344,224,224,667755.9337142198,6059870.458216072,670002.3139905898,6062115.838349857,38679,0.770866549744898,11497,True,True,True,data\raw\SummerSchool_Subset\images\2025-01-31\layers\2025-01-31_B04.tif,data\raw\SummerSchool_Subset\images\2025-01-31\layers\2025-01-31_B03.tif,data\raw\SummerSchool_Subset\images\2025-01-31\layers\2025-01-31_B02.tif,data\raw\SummerSchool_Subset\images\2025-01-31\layers\2025-01-31_VV.tif,data\raw\SummerSchool_Subset\images\2025-01-31\layers\2025-01-31_VH.tif,data\raw\SummerSchool_Subset\masks\2025_01_31.tiff,0 1 255,3230,0.083507846635125,35449,0.916492153364875,0,0.0,0,0.0,35449,0.916492153364875,train
2025-01-31,2025-01-31_r0896_c1568,4,7,896,1568,224,224,670002.3139905898,6059870.458216072,672248.6942669598,6062115.838349857,42225,0.8415377869897959,7951,True,True,True,data\raw\SummerSchool_Subset\images\2025-01-31\layers\2025-01-31_B04.tif,data\raw\SummerSchool_Subset\images\2025-01-31\layers\2025-01-31_B03.tif,data\raw\SummerSchool_Subset\images\2025-01-31\layers\2025-01-31_B02.tif,data\raw\SummerSchool_Subset\images\2025-01-31\layers\2025-01-31_VV.tif,data\raw\SummerSchool_Subset\images\2025-01-31\layers\2025-01-31_VH.tif,data\raw\SummerSchool_Subset\masks\2025_01_31.tiff,0 1 2 255,2815,0.0666666666666666,39409,0.9333096506808762,1,2.3682652457075192e-05,0,0.0,39410,0.9333333333333332,train
2025-01-31,2025-01-31_r0896_c1792,4,8,896,1792,224,224,672248.6942669598,6059870.458216072,674495.0745433298,6062115.838349857,42483,0.8466796875,7693,True,True,True,data\raw\SummerSchool_Subset\images\2025-01-31\layers\2025-01-31_B04.tif,data\raw\SummerSchool_Subset\images\2025-01-31\layers\2025-01-31_B03.tif,data\raw\SummerSchool_Subset\images\2025-01-31\layers\2025-01-31_B02.tif,data\raw\SummerSchool_Subset\images\2025-01-31\layers\2025-01-31_VV.tif,data\raw\SummerSchool_Subset\images\2025-01-31\layers\2025-01-31_VH.tif,data\raw\SummerSchool_Subset\masks\2025_01_31.tiff,0 1 2 255,18857,0.4438716663135842,23618,0.5559400230680508,8,0.0001883106183649,0,0.0,23626,0.5561283336864158,train
2025-01-31,2025-01-31_r1120_c0672,5,3,1120,672,224,224,661016.7928851099,6057625.078082287,663263.1731614799,6059870.458216072,40540,0.8079559948979592,9636,True,True,True,data\raw\SummerSchool_Subset\images\2025-01-31\layers\2025-01-31_B04.tif,data\raw\SummerSchool_Subset\images\2025-01-31\layers\2025-01-31_B03.tif,data\raw\SummerSchool_Subset\images\2025-01-31\layers\2025-01-31_B02.tif,data\raw\SummerSchool_Subset\images\2025-01-31\layers\2025-01-31_VV.tif,data\raw\SummerSchool_Subset\images\2025-01-31\layers\2025-01-31_VH.tif,data\raw\SummerSchool_Subset\masks\2025_01_31.tiff,0 1 2 3 255,20721,0.5111248149975333,19604,0.4835717809570794,86,0.0021213616181549,129,0.0031820424272323,19819,0.4888751850024667,train
2025-01-31,2025-01-31_r1120_c0896,5,4,1120,896,224,224,663263.1731614799,6057625.078082287,665509.5534378499,6059870.458216072,40744,0.8120216836734694,9432,True,True,True,data\raw\SummerSchool_Subset\images\2025-01-31\layers\2025-01-31_B04.tif,data\raw\SummerSchool_Subset\images\2025-01-31\layers\2025-01-31_B03.tif,data\raw\SummerSchool_Subset\images\2025-01-31\layers\2025-01-31_B02.tif,data\raw\SummerSchool_Subset\images\2025-01-31\layers\2025-01-31_VV.tif,data\raw\SummerSchool_Subset\images\2025-01-31\layers\2025-01-31_VH.tif,data\raw\SummerSchool_Subset\masks\2025_01_31.tiff,0 1 255,14089,0.3457932456312586,26655,0.6542067543687414,0,0.0,0,0.0,26655,0.6542067543687414,train
2025-01-31,2025-01-31_r1120_c1120,5,5,1120,1120,224,224,665509.5534378499,6057625.078082287,667755.9337142198,6059870.458216072,39344,0.7841198979591837,10832,True,True,True,data\raw\SummerSchool_Subset\images\2025-01-31\layers\2025-01-31_B04.tif,data\raw\SummerSchool_Subset\images\2025-01-31\layers\2025-01-31_B03.tif,data\raw\SummerSchool_Subset\images\2025-01-31\layers\2025-01-31_B02.tif,data\raw\SummerSchool_Subset\images\2025-01-31\layers\2025-01-31_VV.tif,data\raw\SummerSchool_Subset\images\2025-01-31\layers\2025-01-31_VH.tif,data\raw\SummerSchool_Subset\masks\2025_01_31.tiff,0 1 255,4881,0.1240595770638471,34463,0.8759404229361529,0,0.0,0,0.0,34463,0.8759404229361529,train
2025-01-31,2025-01-31_r1120_c1344,5,6,1120,1344,224,224,667755.9337142198,6057625.078082287,670002.3139905898,6059870.458216072,39409,0.7854153380102041,10767,True,True,True,data\raw\SummerSchool_Subset\images\2025-01-31\layers\2025-01-31_B04.tif,data\raw\SummerSchool_Subset\images\2025-01-31\layers\2025-01-31_B03.tif,data\raw\SummerSchool_Subset\images\2025-01-31\layers\2025-01-31_B02.tif,data\raw\SummerSchool_Subset\images\2025-01-31\layers\2025-01-31_VV.tif,data\raw\SummerSchool_Subset\images\2025-01-31\layers\2025-01-31_VH.tif,data\raw\SummerSchool_Subset\masks\2025_01_31.tiff,0 1 255,1484,0.0376563729097414,37925,0.9623436270902586,0,0.0,0,0.0,37925,0.9623436270902586,train
2025-01-31,2025-01-31_r1120_c1568,5,7,1120,1568,224,224,670002.3139905898,6057625.078082287,672248.6942669598,6059870.458216072,42754,0.8520806760204082,7422,True,True,True,data\raw\SummerSchool_Subset\images\2025-01-31\layers\2025-01-31_B04.tif,data\raw\SummerSchool_Subset\images\2025-01-31\layers\2025-01-31_B03.tif,data\raw\SummerSchool_Subset\images\2025-01-31\layers\2025-01-31_B02.tif,data\raw\SummerSchool_Subset\images\2025-01-31\layers\2025-01-31_VV.tif,data\raw\SummerSchool_Subset\images\2025-01-31\layers\2025-01-31_VH.tif,data\raw\SummerSchool_Subset\masks\2025_01_31.tiff,0 1 2 255,12350,0.2888618608785143,30352,0.7099218786546289,52,0.0012162604668569,0,0.0,30404,0.7111381391214857,train
2025-01-31,2025-01-31_r1120_c1792,5,8,1120,1792,224,224,672248.6942669598,6057625.078082287,674495.0745433298,6059870.458216072,33443,0.6665138711734694,16733,True,True,True,data\raw\SummerSchool_Subset\images\2025-01-31\layers\2025-01-31_B04.tif,data\raw\SummerSchool_Subset\images\2025-01-31\layers\2025-01-31_B03.tif,data\raw\SummerSchool_Subset\images\2025-01-31\layers\2025-01-31_B02.tif,data\raw\SummerSchool_Subset\images\2025-01-31\layers\2025-01-31_VV.tif,data\raw\SummerSchool_Subset\images\2025-01-31\layers\2025-01-31_VH.tif,data\raw\SummerSchool_Subset\masks\2025_01_31.tiff,0 1 2 3 255,27038,0.8084801004694555,5573,0.1666417486469515,538,0.0160870735280925,294,0.0087910773555004,6405,0.1915198995305445,train
2025-01-31,2025-01-31_r1344_c0672,6,3,1344,672,224,224,661016.7928851099,6055379.6979485005,663263.1731614799,6057625.078082287,42568,0.8483737244897959,7608,True,True,True,data\raw\SummerSchool_Subset\images\2025-01-31\layers\2025-01-31_B04.tif,data\raw\SummerSchool_Subset\images\2025-01-31\layers\2025-01-31_B03.tif,data\raw\SummerSchool_Subset\images\2025-01-31\layers\2025-01-31_B02.tif,data\raw\SummerSchool_Subset\images\2025-01-31\layers\2025-01-31_VV.tif,data\raw\SummerSchool_Subset\images\2025-01-31\layers\2025-01-31_VH.tif,data\raw\SummerSchool_Subset\masks\2025_01_31.tiff,0 1 2 3 255,17116,0.4020860740462319,25068,0.5888930652133058,160,0.0037586919751926,224,0.0052621687652696,25452,0.5979139259537681,train
2025-01-31,2025-01-31_r1344_c0896,6,4,1344,896,224,224,663263.1731614799,6055379.6979485005,665509.5534378499,6057625.078082287,43421,0.8653738839285714,6755,True,True,True,data\raw\SummerSchool_Subset\images\2025-01-31\layers\2025-01-31_B04.tif,data\raw\SummerSchool_Subset\images\2025-01-31\layers\2025-01-31_B03.tif,data\raw\SummerSchool_Subset\images\2025-01-31\layers\2025-01-31_B02.tif,data\raw\SummerSchool_Subset\images\2025-01-31\layers\2025-01-31_VV.tif,data\raw\SummerSchool_Subset\images\2025-01-31\layers\2025-01-31_VH.tif,data\raw\SummerSchool_Subset\masks\2025_01_31.tiff,0 1 255,2577,0.0593491628474701,40844,0.9406508371525298,0,0.0,0,0.0,40844,0.9406508371525298,train
2025-01-31,2025-01-31_r1344_c1120,6,5,1344,1120,224,224,665509.5534378499,6055379.6979485005,667755.9337142198,6057625.078082287,42607,0.8491509885204082,7569,True,True,True,data\raw\SummerSchool_Subset\images\2025-01-31\layers\2025-01-31_B04.tif,data\raw\SummerSchool_Subset\images\2025-01-31\layers\2025-01-31_B03.tif,data\raw\SummerSchool_Subset\images\2025-01-31\layers\2025-01-31_B02.tif,data\raw\SummerSchool_Subset\images\2025-01-31\layers\2025-01-31_VV.tif,data\raw\SummerSchool_Subset\images\2025-01-31\layers\2025-01-31_VH.tif,data\raw\SummerSchool_Subset\masks\2025_01_31.tiff,0 1 255,502,0.011782101532612,42105,0.988217898467388,0,0.0,0,0.0,42105,0.988217898467388,train
2025-01-31,2025-01-31_r1344_c1344,6,6,1344,1344,224,224,667755.9337142198,6055379.6979485005,670002.3139905898,6057625.078082287,42562,0.8482541454081632,7614,True,True,True,data\raw\SummerSchool_Subset\images\2025-01-31\layers\2025-01-31_B04.tif,data\raw\SummerSchool_Subset\images\2025-01-31\layers\2025-01-31_B03.tif,data\raw\SummerSchool_Subset\images\2025-01-31\layers\2025-01-31_B02.tif,data\raw\SummerSchool_Subset\images\2025-01-31\layers\2025-01-31_VV.tif,data\raw\SummerSchool_Subset\images\2025-01-31\layers\2025-01-31_VH.tif,data\raw\SummerSchool_Subset\masks\2025_01_31.tiff,0 1 255,803,0.0188665946149147,41759,0.9811334053850852,0,0.0,0,0.0,41759,0.9811334053850852,train
2025-01-31,2025-01-31_r1344_c1568,6,7,1344,1568,224,224,670002.3139905898,6055379.6979485005,672248.6942669598,6057625.078082287,43242,0.8618064413265306,6934,True,True,True,data\raw\SummerSchool_Subset\images\2025-01-31\layers\2025-01-31_B04.tif,data\raw\SummerSchool_Subset\images\2025-01-31\layers\2025-01-31_B03.tif,data\raw\SummerSchool_Subset\images\2025-01-31\layers\2025-01-31_B02.tif,data\raw\SummerSchool_Subset\images\2025-01-31\layers\2025-01-31_VV.tif,data\raw\SummerSchool_Subset\images\2025-01-31\layers\2025-01-31_VH.tif,data\raw\SummerSchool_Subset\masks\2025_01_31.tiff,0 1 2 255,12861,0.2974191758013043,30297,0.700638268350215,84,0.0019425558484806,0,0.0,30381,0.7025808241986957,train
2025-01-31,2025-01-31_r1344_c1792,6,8,1344,1792,224,224,672248.6942669598,6055379.6979485005,674495.0745433298,6057625.078082287,27784,0.5537308673469388,22392,True,True,True,data\raw\SummerSchool_Subset\images\2025-01-31\layers\2025-01-31_B04.tif,data\raw\SummerSchool_Subset\images\2025-01-31\layers\2025-01-31_B03.tif,data\raw\SummerSchool_Subset\images\2025-01-31\layers\2025-01-31_B02.tif,data\raw\SummerSchool_Subset\images\2025-01-31\layers\2025-01-31_VV.tif,data\raw\SummerSchool_Subset\images\2025-01-31\layers\2025-01-31_VH.tif,data\raw\SummerSchool_Subset\masks\2025_01_31.tiff,0 1 2 3 255,21939,0.7896271235243305,5031,0.1810754391016412,549,0.0197595738554563,265,0.0095378635185718,5845,0.2103728764756694,train
2025-01-31,2025-01-31_r1568_c0672,7,3,1568,672,224,224,661016.7928851099,6053134.317814715,663263.1731614799,6055379.6979485005,44312,0.8831313775510204,5864,True,True,True,data\raw\SummerSchool_Subset\images\2025-01-31\layers\2025-01-31_B04.tif,data\raw\SummerSchool_Subset\images\2025-01-31\layers\2025-01-31_B03.tif,data\raw\SummerSchool_Subset\images\2025-01-31\layers\2025-01-31_B02.tif,data\raw\SummerSchool_Subset\images\2025-01-31\layers\2025-01-31_VV.tif,data\raw\SummerSchool_Subset\images\2025-01-31\layers\2025-01-31_VH.tif,data\raw\SummerSchool_Subset\masks\2025_01_31.tiff,0 1 2 3 255,22588,0.5097490521754829,21627,0.4880619245351146,46,0.0010380935186856,51,0.0011509297707167,21724,0.490250947824517,train
2025-01-31,2025-01-31_r1568_c0896,7,4,1568,896,224,224,663263.1731614799,6053134.317814715,665509.5534378499,6055379.6979485005,43956,0.8760363520408163,6220,True,True,True,data\raw\SummerSchool_Subset\images\2025-01-31\layers\2025-01-31_B04.tif,data\raw\SummerSchool_Subset\images\2025-01-31\layers\2025-01-31_B03.tif,data\raw\SummerSchool_Subset\images\2025-01-31\layers\2025-01-31_B02.tif,data\raw\SummerSchool_Subset\images\2025-01-31\layers\2025-01-31_VV.tif,data\raw\SummerSchool_Subset\images\2025-01-31\layers\2025-01-31_VH.tif,data\raw\SummerSchool_Subset\masks\2025_01_31.tiff,0 1 255,283,0.0064382564382564,43673,0.9935617435617436,0,0.0,0,0.0,43673,0.9935617435617436,train
2025-01-31,2025-01-31_r1568_c1120,7,5,1568,1120,224,224,665509.5534378499,6053134.317814715,667755.9337142198,6055379.6979485005,43097,0.8589166135204082,7079,True,True,True,data\raw\SummerSchool_Subset\images\2025-01-31\layers\2025-01-31_B04.tif,data\raw\SummerSchool_Subset\images\2025-01-31\layers\2025-01-31_B03.tif,data\raw\SummerSchool_Subset\images\2025-01-31\layers\2025-01-31_B02.tif,data\raw\SummerSchool_Subset\images\2025-01-31\layers\2025-01-31_VV.tif,data\raw\SummerSchool_Subset\images\2025-01-31\layers\2025-01-31_VH.tif,data\raw\SummerSchool_Subset\masks\2025_01_31.tiff,0 1 2 3 255,1082,0.0251061558809197,41968,0.9738032809708332,4,9.28138849571896e-05,43,0.0009977492632897,42015,0.9748938441190802,train
2025-01-31,2025-01-31_r1568_c1344,7,6,1568,1344,224,224,667755.9337142198,6053134.317814715,670002.3139905898,6055379.6979485005,41613,0.8293407206632653,8563,True,True,True,data\raw\SummerSchool_Subset\images\2025-01-31\layers\2025-01-31_B04.tif,data\raw\SummerSchool_Subset\images\2025-01-31\layers\2025-01-31_B03.tif,data\raw\SummerSchool_Subset\images\2025-01-31\layers\2025-01-31_B02.tif,data\raw\SummerSchool_Subset\images\2025-01-31\layers\2025-01-31_VV.tif,data\raw\SummerSchool_Subset\images\2025-01-31\layers\2025-01-31_VH.tif,data\raw\SummerSchool_Subset\masks\2025_01_31.tiff,0 1 2 255,981,0.0235743637805493,40547,0.9743830053108404,85,0.0020426309086102,0,0.0,40632,0.9764256362194508,train
2025-01-31,2025-01-31_r1568_c1568,7,7,1568,1568,224,224,670002.3139905898,6053134.317814715,672248.6942669598,6055379.6979485005,43994,0.8767936862244898,6182,True,True,True,data\raw\SummerSchool_Subset\images\2025-01-31\layers\2025-01-31_B04.tif,data\raw\SummerSchool_Subset\images\2025-01-31\layers\2025-01-31_B03.tif,data\raw\SummerSchool_Subset\images\2025-01-31\layers\2025-01-31_B02.tif,data\raw\SummerSchool_Subset\images\2025-01-31\layers\2025-01-31_VV.tif,data\raw\SummerSchool_Subset\images\2025-01-31\layers\2025-01-31_VH.tif,data\raw\SummerSchool_Subset\masks\2025_01_31.tiff,0 1 255,1796,0.0408237486930035,42198,0.9591762513069964,0,0.0,0,0.0,42198,0.9591762513069964,train
2025-01-31,2025-01-31_r1568_c1792,7,8,1568,1792,224,224,672248.6942669598,6053134.317814715,674495.0745433298,6055379.6979485005,10508,0.209422831632653,39668,True,True,True,data\raw\SummerSchool_Subset\images\2025-01-31\layers\2025-01-31_B04.tif,data\raw\SummerSchool_Subset\images\2025-01-31\layers\2025-01-31_B03.tif,data\raw\SummerSchool_Subset\images\2025-01-31\layers\2025-01-31_B02.tif,data\raw\SummerSchool_Subset\images\2025-01-31\layers\2025-01-31_VV.tif,data\raw\SummerSchool_Subset\images\2025-01-31\layers\2025-01-31_VH.tif,data\raw\SummerSchool_Subset\masks\2025_01_31.tiff,0 1 2 3 255,5794,0.5513894175866006,4643,0.4418538256566425,49,0.0046631138180433,22,0.0020936429387133,4714,0.4486105824133993,train
2025-01-31,2025-01-31_r1568_c2016,7,9,1568,2016,224,224,674495.0745433298,6053134.317814715,676741.4548196997,6055379.6979485005,10140,0.2020886479591837,40036,True,True,True,data\raw\SummerSchool_Subset\images\2025-01-31\layers\2025-01-31_B04.tif,data\raw\SummerSchool_Subset\images\2025-01-31\layers\2025-01-31_B03.tif,data\raw\SummerSchool_Subset\images\2025-01-31\layers\2025-01-31_B02.tif,data\raw\SummerSchool_Subset\images\2025-01-31\layers\2025-01-31_VV.tif,data\raw\SummerSchool_Subset\images\2025-01-31\layers\2025-01-31_VH.tif,data\raw\SummerSchool_Subset\masks\2025_01_31.tiff,0 1 2 3 255,8088,0.7976331360946746,1612,0.1589743589743589,249,0.0245562130177514,191,0.0188362919132149,2052,0.2023668639053254,train
2025-01-31,2025-01-31_r1792_c0448,8,2,1792,448,224,224,658770.4126087399,6050888.937680929,661016.7928851099,6053134.317814715,29531,0.5885483099489796,20645,True,True,True,data\raw\SummerSchool_Subset\images\2025-01-31\layers\2025-01-31_B04.tif,data\raw\SummerSchool_Subset\images\2025-01-31\layers\2025-01-31_B03.tif,data\raw\SummerSchool_Subset\images\2025-01-31\layers\2025-01-31_B02.tif,data\raw\SummerSchool_Subset\images\2025-01-31\layers\2025-01-31_VV.tif,data\raw\SummerSchool_Subset\images\2025-01-31\layers\2025-01-31_VH.tif,data\raw\SummerSchool_Subset\masks\2025_01_31.tiff,0 1 2 3 255,25701,0.8703057803663946,3607,0.1221428329551996,135,0.0045714672716806,88,0.0029799194067251,3830,0.1296942196336053,train
2025-01-31,2025-01-31_r1792_c0672,8,3,1792,672,224,224,661016.7928851099,6050888.937680929,663263.1731614799,6053134.317814715,44200,0.8808992346938775,5976,True,True,True,data\raw\SummerSchool_Subset\images\2025-01-31\layers\2025-01-31_B04.tif,data\raw\SummerSchool_Subset\images\2025-01-31\layers\2025-01-31_B03.tif,data\raw\SummerSchool_Subset\images\2025-01-31\layers\2025-01-31_B02.tif,data\raw\SummerSchool_Subset\images\2025-01-31\layers\2025-01-31_VV.tif,data\raw\SummerSchool_Subset\images\2025-01-31\layers\2025-01-31_VH.tif,data\raw\SummerSchool_Subset\masks\2025_01_31.tiff,0 1 2 255,15869,0.3590271493212669,28318,0.6406787330316742,13,0.0002941176470588,0,0.0,28331,0.640972850678733,train
2025-01-31,2025-01-31_r1792_c0896,8,4,1792,896,224,224,663263.1731614799,6050888.937680929,665509.5534378499,6053134.317814715,43591,0.8687619579081632,6585,True,True,True,data\raw\SummerSchool_Subset\images\2025-01-31\layers\2025-01-31_B04.tif,data\raw\SummerSchool_Subset\images\2025-01-31\layers\2025-01-31_B03.tif,data\raw\SummerSchool_Subset\images\2025-01-31\layers\2025-01-31_B02.tif,data\raw\SummerSchool_Subset\images\2025-01-31\layers\2025-01-31_VV.tif,data\raw\SummerSchool_Subset\images\2025-01-31\layers\2025-01-31_VH.tif,data\raw\SummerSchool_Subset\masks\2025_01_31.tiff,0 1 255,136,0.0031199100731802,43455,0.9968800899268198,0,0.0,0,0.0,43455,0.9968800899268198,train
2025-01-31,2025-01-31_r1792_c1120,8,5,1792,1120,224,224,665509.5534378499,6050888.937680929,667755.9337142198,6053134.317814715,42830,0.8535953443877551,7346,True,True,True,data\raw\SummerSchool_Subset\images\2025-01-31\layers\2025-01-31_B04.tif,data\raw\SummerSchool_Subset\images\2025-01-31\layers\2025-01-31_B03.tif,data\raw\SummerSchool_Subset\images\2025-01-31\layers\2025-01-31_B02.tif,data\raw\SummerSchool_Subset\images\2025-01-31\layers\2025-01-31_VV.tif,data\raw\SummerSchool_Subset\images\2025-01-31\layers\2025-01-31_VH.tif,data\raw\SummerSchool_Subset\masks\2025_01_31.tiff,0 1 255,1077,0.0251459257529768,41753,0.9748540742470232,0,0.0,0,0.0,41753,0.9748540742470232,train
2025-01-31,2025-01-31_r1792_c1344,8,6,1792,1344,224,224,667755.9337142198,6050888.937680929,670002.3139905898,6053134.317814715,41558,0.8282445790816326,8618,True,True,True,data\raw\SummerSchool_Subset\images\2025-01-31\layers\2025-01-31_B04.tif,data\raw\SummerSchool_Subset\images\2025-01-31\layers\2025-01-31_B03.tif,data\raw\SummerSchool_Subset\images\2025-01-31\layers\2025-01-31_B02.tif,data\raw\SummerSchool_Subset\images\2025-01-31\layers\2025-01-31_VV.tif,data\raw\SummerSchool_Subset\images\2025-01-31\layers\2025-01-31_VH.tif,data\raw\SummerSchool_Subset\masks\2025_01_31.tiff,0 1 255,6081,0.1463256172096828,35477,0.8536743827903172,0,0.0,0,0.0,35477,0.8536743827903172,train
2025-01-31,2025-01-31_r1792_c1568,8,7,1792,1568,224,224,670002.3139905898,6050888.937680929,672248.6942669598,6053134.317814715,43582,0.8685825892857143,6594,True,True,True,data\raw\SummerSchool_Subset\images\2025-01-31\layers\2025-01-31_B04.tif,data\raw\SummerSchool_Subset\images\2025-01-31\layers\2025-01-31_B03.tif,data\raw\SummerSchool_Subset\images\2025-01-31\layers\2025-01-31_B02.tif,data\raw\SummerSchool_Subset\images\2025-01-31\layers\2025-01-31_VV.tif,data\raw\SummerSchool_Subset\images\2025-01-31\layers\2025-01-31_VH.tif,data\raw\SummerSchool_Subset\masks\2025_01_31.tiff,0 1 2 255,10969,0.2516864760681015,32611,0.748267633426644,2,4.589050525446285e-05,0,0.0,32613,0.7483135239318985,train
2025-01-31,2025-01-31_r1792_c1792,8,8,1792,1792,224,224,672248.6942669598,6050888.937680929,674495.0745433298,6053134.317814715,35330,0.7041214923469388,14846,True,True,True,data\raw\SummerSchool_Subset\images\2025-01-31\layers\2025-01-31_B04.tif,data\raw\SummerSchool_Subset\images\2025-01-31\layers\2025-01-31_B03.tif,data\raw\SummerSchool_Subset\images\2025-01-31\layers\2025-01-31_B02.tif,data\raw\SummerSchool_Subset\images\2025-01-31\layers\2025-01-31_VV.tif,data\raw\SummerSchool_Subset\images\2025-01-31\layers\2025-01-31_VH.tif,data\raw\SummerSchool_Subset\masks\2025_01_31.tiff,0 1 2 3 255,25900,0.7330880271723748,9067,0.2566374186243985,266,0.0075290121709595,97,0.0027455420322671,9430,0.2669119728276252,train
2025-01-31,2025-01-31_r1792_c2016,8,9,1792,2016,224,224,674495.0745433298,6050888.937680929,676741.4548196997,6053134.317814715,20472,0.4080038265306122,29704,True,True,True,data\raw\SummerSchool_Subset\images\2025-01-31\layers\2025-01-31_B04.tif,data\raw\SummerSchool_Subset\images\2025-01-31\layers\2025-01-31_B03.tif,data\raw\SummerSchool_Subset\images\2025-01-31\layers\2025-01-31_B02.tif,data\raw\SummerSchool_Subset\images\2025-01-31\layers\2025-01-31_VV.tif,data\raw\SummerSchool_Subset\images\2025-01-31\layers\2025-01-31_VH.tif,data\raw\SummerSchool_Subset\masks\2025_01_31.tiff,0 1 2 3 255,18767,0.9167155138726064,453,0.0221277842907385,1144,0.0558812035951543,108,0.0052754982415005,1705,0.0832844861273935,train
2025-01-31,2025-01-31_r2016_c0224,9,1,2016,224,224,224,656524.0323323699,6048643.557547144,658770.4126087399,6050888.937680929,30974,0.6173070790816326,19202,True,True,True,data\raw\SummerSchool_Subset\images\2025-01-31\layers\2025-01-31_B04.tif,data\raw\SummerSchool_Subset\images\2025-01-31\layers\2025-01-31_B03.tif,data\raw\SummerSchool_Subset\images\2025-01-31\layers\2025-01-31_B02.tif,data\raw\SummerSchool_Subset\images\2025-01-31\layers\2025-01-31_VV.tif,data\raw\SummerSchool_Subset\images\2025-01-31\layers\2025-01-31_VH.tif,data\raw\SummerSchool_Subset\masks\2025_01_31.tiff,0 1 2 3 255,26831,0.8662426551301091,3746,0.1209401433460321,205,0.0066184541873829,192,0.0061987473364757,4143,0.1337573448698908,train
2025-01-31,2025-01-31_r2016_c0448,9,2,2016,448,224,224,658770.4126087399,6048643.557547144,661016.7928851099,6050888.937680929,42627,0.8495495854591837,7549,True,True,True,data\raw\SummerSchool_Subset\images\2025-01-31\layers\2025-01-31_B04.tif,data\raw\SummerSchool_Subset\images\2025-01-31\layers\2025-01-31_B03.tif,data\raw\SummerSchool_Subset\images\2025-01-31\layers\2025-01-31_B02.tif,data\raw\SummerSchool_Subset\images\2025-01-31\layers\2025-01-31_VV.tif,data\raw\SummerSchool_Subset\images\2025-01-31\layers\2025-01-31_VH.tif,data\raw\SummerSchool_Subset\masks\2025_01_31.tiff,0 1 2 255,29285,0.6870058882867666,13303,0.3120791986299763,39,0.000914913083257,0,0.0,13342,0.3129941117132334,train
2025-01-31,2025-01-31_r2016_c0672,9,3,2016,672,224,224,661016.7928851099,6048643.557547144,663263.1731614799,6050888.937680929,43482,0.8665896045918368,6694,True,True,True,data\raw\SummerSchool_Subset\images\2025-01-31\layers\2025-01-31_B04.tif,data\raw\SummerSchool_Subset\images\2025-01-31\layers\2025-01-31_B03.tif,data\raw\SummerSchool_Subset\images\2025-01-31\layers\2025-01-31_B02.tif,data\raw\SummerSchool_Subset\images\2025-01-31\layers\2025-01-31_VV.tif,data\raw\SummerSchool_Subset\images\2025-01-31\layers\2025-01-31_VH.tif,data\raw\SummerSchool_Subset\masks\2025_01_31.tiff,0 1 255,1059,0.0243549054781288,42423,0.9756450945218712,0,0.0,0,0.0,42423,0.9756450945218712,train
2025-01-31,2025-01-31_r2016_c0896,9,4,2016,896,224,224,663263.1731614799,6048643.557547144,665509.5534378499,6050888.937680929,43038,0.8577407525510204,7138,True,True,True,data\raw\SummerSchool_Subset\images\2025-01-31\layers\2025-01-31_B04.tif,data\raw\SummerSchool_Subset\images\2025-01-31\layers\2025-01-31_B03.tif,data\raw\SummerSchool_Subset\images\2025-01-31\layers\2025-01-31_B02.tif,data\raw\SummerSchool_Subset\images\2025-01-31\layers\2025-01-31_VV.tif,data\raw\SummerSchool_Subset\images\2025-01-31\layers\2025-01-31_VH.tif,data\raw\SummerSchool_Subset\masks\2025_01_31.tiff,0 1 255,114,0.0026488219712811,42924,0.9973511780287188,0,0.0,0,0.0,42924,0.9973511780287188,train
2025-01-31,2025-01-31_r2016_c1120,9,5,2016,1120,224,224,665509.5534378499,6048643.557547144,667755.9337142198,6050888.937680929,41498,0.8270487882653061,8678,True,True,True,data\raw\SummerSchool_Subset\images\2025-01-31\layers\2025-01-31_B04.tif,data\raw\SummerSchool_Subset\images\2025-01-31\layers\2025-01-31_B03.tif,data\raw\SummerSchool_Subset\images\2025-01-31\layers\2025-01-31_B02.tif,data\raw\SummerSchool_Subset\images\2025-01-31\layers\2025-01-31_VV.tif,data\raw\SummerSchool_Subset\images\2025-01-31\layers\2025-01-31_VH.tif,data\raw\SummerSchool_Subset\masks\2025_01_31.tiff,0 1 255,500,0.0120487734348643,40998,0.9879512265651356,0,0.0,0,0.0,40998,0.9879512265651356,train
2025-01-31,2025-01-31_r2016_c1344,9,6,2016,1344,224,224,667755.9337142198,6048643.557547144,670002.3139905898,6050888.937680929,42140,0.83984375,8036,True,True,True,data\raw\SummerSchool_Subset\images\2025-01-31\layers\2025-01-31_B04.tif,data\raw\SummerSchool_Subset\images\2025-01-31\layers\2025-01-31_B03.tif,data\raw\SummerSchool_Subset\images\2025-01-31\layers\2025-01-31_B02.tif,data\raw\SummerSchool_Subset\images\2025-01-31\layers\2025-01-31_VV.tif,data\raw\SummerSchool_Subset\images\2025-01-31\layers\2025-01-31_VH.tif,data\raw\SummerSchool_Subset\masks\2025_01_31.tiff,0 1 255,5075,0.1204318936877076,37065,0.8795681063122923,0,0.0,0,0.0,37065,0.8795681063122923,train
2025-01-31,2025-01-31_r2016_c1568,9,7,2016,1568,224,224,670002.3139905898,6048643.557547144,672248.6942669598,6050888.937680929,43917,0.8752590880102041,6259,True,True,True,data\raw\SummerSchool_Subset\images\2025-01-31\layers\2025-01-31_B04.tif,data\raw\SummerSchool_Subset\images\2025-01-31\layers\2025-01-31_B03.tif,data\raw\SummerSchool_Subset\images\2025-01-31\layers\2025-01-31_B02.tif,data\raw\SummerSchool_Subset\images\2025-01-31\layers\2025-01-31_VV.tif,data\raw\SummerSchool_Subset\images\2025-01-31\layers\2025-01-31_VH.tif,data\raw\SummerSchool_Subset\masks\2025_01_31.tiff,0 1 2 255,32132,0.7316528906801466,11773,0.2680738666120181,12,0.0002732427078352,0,0.0,11785,0.2683471093198533,train
2025-01-31,2025-01-31_r2016_c1792,9,8,2016,1792,224,224,672248.6942669598,6048643.557547144,674495.0745433298,6050888.937680929,27960,0.5572385204081632,22216,True,True,True,data\raw\SummerSchool_Subset\images\2025-01-31\layers\2025-01-31_B04.tif,data\raw\SummerSchool_Subset\images\2025-01-31\layers\2025-01-31_B03.tif,data\raw\SummerSchool_Subset\images\2025-01-31\layers\2025-01-31_B02.tif,data\raw\SummerSchool_Subset\images\2025-01-31\layers\2025-01-31_VV.tif,data\raw\SummerSchool_Subset\images\2025-01-31\layers\2025-01-31_VH.tif,data\raw\SummerSchool_Subset\masks\2025_01_31.tiff,0 1 2 3 255,25829,0.9237839771101574,821,0.0293633762517882,927,0.0331545064377682,383,0.0136981402002861,2131,0.0762160228898426,train
2025-01-31,2025-01-31_r2240_c0000,10,0,2240,0,224,224,654277.652056,6046398.177413358,656524.0323323699,6048643.557547144,21451,0.4275151466836734,28725,True,True,True,data\raw\SummerSchool_Subset\images\2025-01-31\layers\2025-01-31_B04.tif,data\raw\SummerSchool_Subset\images\2025-01-31\layers\2025-01-31_B03.tif,data\raw\SummerSchool_Subset\images\2025-01-31\layers\2025-01-31_B02.tif,data\raw\SummerSchool_Subset\images\2025-01-31\layers\2025-01-31_VV.tif,data\raw\SummerSchool_Subset\images\2025-01-31\layers\2025-01-31_VH.tif,data\raw\SummerSchool_Subset\masks\2025_01_31.tiff,0 1 2 3 255,15467,0.7210386462169596,5751,0.2680993893058598,165,0.0076919490932823,68,0.0031700153838981,5984,0.2789613537830404,train
2025-01-31,2025-01-31_r2240_c0224,10,1,2240,224,224,224,656524.0323323699,6046398.177413358,658770.4126087399,6048643.557547144,43297,0.8629025829081632,6879,True,True,True,data\raw\SummerSchool_Subset\images\2025-01-31\layers\2025-01-31_B04.tif,data\raw\SummerSchool_Subset\images\2025-01-31\layers\2025-01-31_B03.tif,data\raw\SummerSchool_Subset\images\2025-01-31\layers\2025-01-31_B02.tif,data\raw\SummerSchool_Subset\images\2025-01-31\layers\2025-01-31_VV.tif,data\raw\SummerSchool_Subset\images\2025-01-31\layers\2025-01-31_VH.tif,data\raw\SummerSchool_Subset\masks\2025_01_31.tiff,0 1 2 255,12473,0.2880800055431092,30820,0.711827609303185,4,9.238515370579948e-05,0,0.0,30824,0.7119199944568908,train
2025-01-31,2025-01-31_r2240_c0448,10,2,2240,448,224,224,658770.4126087399,6046398.177413358,661016.7928851099,6048643.557547144,42345,0.8439293686224489,7831,True,True,True,data\raw\SummerSchool_Subset\images\2025-01-31\layers\2025-01-31_B04.tif,data\raw\SummerSchool_Subset\images\2025-01-31\layers\2025-01-31_B03.tif,data\raw\SummerSchool_Subset\images\2025-01-31\layers\2025-01-31_B02.tif,data\raw\SummerSchool_Subset\images\2025-01-31\layers\2025-01-31_VV.tif,data\raw\SummerSchool_Subset\images\2025-01-31\layers\2025-01-31_VH.tif,data\raw\SummerSchool_Subset\masks\2025_01_31.tiff,0 1 255,19080,0.4505844845908608,23265,0.5494155154091392,0,0.0,0,0.0,23265,0.5494155154091392,train
2025-01-31,2025-01-31_r2240_c0672,10,3,2240,672,224,224,661016.7928851099,6046398.177413358,663263.1731614799,6048643.557547144,43124,0.8594547193877551,7052,True,True,True,data\raw\SummerSchool_Subset\images\2025-01-31\layers\2025-01-31_B04.tif,data\raw\SummerSchool_Subset\images\2025-01-31\layers\2025-01-31_B03.tif,data\raw\SummerSchool_Subset\images\2025-01-31\layers\2025-01-31_B02.tif,data\raw\SummerSchool_Subset\images\2025-01-31\layers\2025-01-31_VV.tif,data\raw\SummerSchool_Subset\images\2025-01-31\layers\2025-01-31_VH.tif,data\raw\SummerSchool_Subset\masks\2025_01_31.tiff,0 1 255,11061,0.2564929041832854,32063,0.7435070958167146,0,0.0,0,0.0,32063,0.7435070958167146,train
2025-01-31,2025-01-31_r2240_c0896,10,4,2240,896,224,224,663263.1731614799,6046398.177413358,665509.5534378499,6048643.557547144,42197,0.8409797512755102,7979,True,True,True,data\raw\SummerSchool_Subset\images\2025-01-31\layers\2025-01-31_B04.tif,data\raw\SummerSchool_Subset\images\2025-01-31\layers\2025-01-31_B03.tif,data\raw\SummerSchool_Subset\images\2025-01-31\layers\2025-01-31_B02.tif,data\raw\SummerSchool_Subset\images\2025-01-31\layers\2025-01-31_VV.tif,data\raw\SummerSchool_Subset\images\2025-01-31\layers\2025-01-31_VH.tif,data\raw\SummerSchool_Subset\masks\2025_01_31.tiff,0 1 255,3490,0.0827073014669289,38707,0.917292698533071,0,0.0,0,0.0,38707,0.917292698533071,train
2025-01-31,2025-01-31_r2240_c1120,10,5,2240,1120,224,224,665509.5534378499,6046398.177413358,667755.9337142198,6048643.557547144,41320,0.8235012755102041,8856,True,True,True,data\raw\SummerSchool_Subset\images\2025-01-31\layers\2025-01-31_B04.tif,data\raw\SummerSchool_Subset\images\2025-01-31\layers\2025-01-31_B03.tif,data\raw\SummerSchool_Subset\images\2025-01-31\layers\2025-01-31_B02.tif,data\raw\SummerSchool_Subset\images\2025-01-31\layers\2025-01-31_VV.tif,data\raw\SummerSchool_Subset\images\2025-01-31\layers\2025-01-31_VH.tif,data\raw\SummerSchool_Subset\masks\2025_01_31.tiff,0 1 255,6134,0.1484511132623427,35186,0.8515488867376573,0,0.0,0,0.0,35186,0.8515488867376573,train
2025-01-31,2025-01-31_r2240_c1344,10,6,2240,1344,224,224,667755.9337142198,6046398.177413358,670002.3139905898,6048643.557547144,43081,0.8585977359693877,7095,True,True,True,data\raw\SummerSchool_Subset\images\2025-01-31\layers\2025-01-31_B04.tif,data\raw\SummerSchool_Subset\images\2025-01-31\layers\2025-01-31_B03.tif,data\raw\SummerSchool_Subset\images\2025-01-31\layers\2025-01-31_B02.tif,data\raw\SummerSchool_Subset\images\2025-01-31\layers\2025-01-31_VV.tif,data\raw\SummerSchool_Subset\images\2025-01-31\layers\2025-01-31_VH.tif,data\raw\SummerSchool_Subset\masks\2025_01_31.tiff,0 1 2 255,26724,0.620319862584434,16355,0.3796337132378543,2,4.642417771175228e-05,0,0.0,16357,0.379680137415566,train
2025-01-31,2025-01-31_r2240_c1568,10,7,2240,1568,224,224,670002.3139905898,6046398.177413358,672248.6942669598,6048643.557547144,41817,0.8334064094387755,8359,True,True,True,data\raw\SummerSchool_Subset\images\2025-01-31\layers\2025-01-31_B04.tif,data\raw\SummerSchool_Subset\images\2025-01-31\layers\2025-01-31_B03.tif,data\raw\SummerSchool_Subset\images\2025-01-31\layers\2025-01-31_B02.tif,data\raw\SummerSchool_Subset\images\2025-01-31\layers\2025-01-31_VV.tif,data\raw\SummerSchool_Subset\images\2025-01-31\layers\2025-01-31_VH.tif,data\raw\SummerSchool_Subset\masks\2025_01_31.tiff,0 1 2 3 255,37991,0.9085061099552814,3543,0.0847263074826027,150,0.0035870578951144,133,0.0031805246670014,3826,0.0914938900447186,train
2025-01-31,2025-01-31_r2464_c0000,11,0,2464,0,224,224,654277.652056,6044152.797279572,656524.0323323699,6046398.177413358,14804,0.2950414540816326,35372,True,True,True,data\raw\SummerSchool_Subset\images\2025-01-31\layers\2025-01-31_B04.tif,data\raw\SummerSchool_Subset\images\2025-01-31\layers\2025-01-31_B03.tif,data\raw\SummerSchool_Subset\images\2025-01-31\layers\2025-01-31_B02.tif,data\raw\SummerSchool_Subset\images\2025-01-31\layers\2025-01-31_VV.tif,data\raw\SummerSchool_Subset\images\2025-01-31\layers\2025-01-31_VH.tif,data\raw\SummerSchool_Subset\masks\2025_01_31.tiff,0 1 2 3 255,12622,0.8526074034044853,2006,0.1355039178600378,101,0.0068224804106998,75,0.005066198324777,2182,0.1473925965955147,train
2025-01-31,2025-01-31_r2464_c0224,11,1,2464,224,224,224,656524.0323323699,6044152.797279572,658770.4126087399,6046398.177413358,40580,0.8087531887755102,9596,True,True,True,data\raw\SummerSchool_Subset\images\2025-01-31\layers\2025-01-31_B04.tif,data\raw\SummerSchool_Subset\images\2025-01-31\layers\2025-01-31_B03.tif,data\raw\SummerSchool_Subset\images\2025-01-31\layers\2025-01-31_B02.tif,data\raw\SummerSchool_Subset\images\2025-01-31\layers\2025-01-31_VV.tif,data\raw\SummerSchool_Subset\images\2025-01-31\layers\2025-01-31_VH.tif,data\raw\SummerSchool_Subset\masks\2025_01_31.tiff,0 1 2 3 255,25393,0.625751601774273,14991,0.3694184327254805,171,0.0042138984721537,25,0.0006160670280926,15187,0.374248398225727,train
2025-01-31,2025-01-31_r2464_c0448,11,2,2464,448,224,224,658770.4126087399,6044152.797279572,661016.7928851099,6046398.177413358,42474,0.8465003188775511,7702,True,True,True,data\raw\SummerSchool_Subset\images\2025-01-31\layers\2025-01-31_B04.tif,data\raw\SummerSchool_Subset\images\2025-01-31\layers\2025-01-31_B03.tif,data\raw\SummerSchool_Subset\images\2025-01-31\layers\2025-01-31_B02.tif,data\raw\SummerSchool_Subset\images\2025-01-31\layers\2025-01-31_VV.tif,data\raw\SummerSchool_Subset\images\2025-01-31\layers\2025-01-31_VH.tif,data\raw\SummerSchool_Subset\masks\2025_01_31.tiff,0 1 2 3 255,29693,0.6990864999764562,12609,0.2968639638367001,168,0.0039553609266845,4,9.41752601591562e-05,12781,0.3009135000235438,train
2025-01-31,2025-01-31_r2464_c0672,11,3,2464,672,224,224,661016.7928851099,6044152.797279572,663263.1731614799,6046398.177413358,41808,0.8332270408163265,8368,True,True,True,data\raw\SummerSchool_Subset\images\2025-01-31\layers\2025-01-31_B04.tif,data\raw\SummerSchool_Subset\images\2025-01-31\layers\2025-01-31_B03.tif,data\raw\SummerSchool_Subset\images\2025-01-31\layers\2025-01-31_B02.tif,data\raw\SummerSchool_Subset\images\2025-01-31\layers\2025-01-31_VV.tif,data\raw\SummerSchool_Subset\images\2025-01-31\layers\2025-01-31_VH.tif,data\raw\SummerSchool_Subset\masks\2025_01_31.tiff,0 1 2 3 255,34835,0.8332137389973211,6380,0.1526023727516264,477,0.0114092996555683,116,0.0027745885954841,6973,0.1667862610026789,train
2025-01-31,2025-01-31_r2464_c0896,11,4,2464,896,224,224,663263.1731614799,6044152.797279572,665509.5534378499,6046398.177413358,42472,0.8464604591836735,7704,True,True,True,data\raw\SummerSchool_Subset\images\2025-01-31\layers\2025-01-31_B04.tif,data\raw\SummerSchool_Subset\images\2025-01-31\layers\2025-01-31_B03.tif,data\raw\SummerSchool_Subset\images\2025-01-31\layers\2025-01-31_B02.tif,data\raw\SummerSchool_Subset\images\2025-01-31\layers\2025-01-31_VV.tif,data\raw\SummerSchool_Subset\images\2025-01-31\layers\2025-01-31_VH.tif,data\raw\SummerSchool_Subset\masks\2025_01_31.tiff,0 1 2 3 255,37036,0.8720097946882652,5296,0.1246939159917121,133,0.0031314748540214,7,0.0001648144660011,5436,0.1279902053117348,train
2025-01-31,2025-01-31_r2464_c1120,11,5,2464,1120,224,224,665509.5534378499,6044152.797279572,667755.9337142198,6046398.177413358,42720,0.8514030612244898,7456,True,True,True,data\raw\SummerSchool_Subset\images\2025-01-31\layers\2025-01-31_B04.tif,data\raw\SummerSchool_Subset\images\2025-01-31\layers\2025-01-31_B03.tif,data\raw\SummerSchool_Subset\images\2025-01-31\layers\2025-01-31_B02.tif,data\raw\SummerSchool_Subset\images\2025-01-31\layers\2025-01-31_VV.tif,data\raw\SummerSchool_Subset\images\2025-01-31\layers\2025-01-31_VH.tif,data\raw\SummerSchool_Subset\masks\2025_01_31.tiff,0 1 2 255,39497,0.9245552434456928,3214,0.0752340823970037,9,0.0002106741573033,0,0.0,3223,0.0754447565543071,train
2025-01-31,2025-01-31_r2464_c1344,11,6,2464,1344,224,224,667755.9337142198,6044152.797279572,670002.3139905898,6046398.177413358,43132,0.8596141581632653,7044,True,True,True,data\raw\SummerSchool_Subset\images\2025-01-31\layers\2025-01-31_B04.tif,data\raw\SummerSchool_Subset\images\2025-01-31\layers\2025-01-31_B03.tif,data\raw\SummerSchool_Subset\images\2025-01-31\layers\2025-01-31_B02.tif,data\raw\SummerSchool_Subset\images\2025-01-31\layers\2025-01-31_VV.tif,data\raw\SummerSchool_Subset\images\2025-01-31\layers\2025-01-31_VH.tif,data\raw\SummerSchool_Subset\masks\2025_01_31.tiff,0 1 2 255,42508,0.9855327830844848,597,0.0138412315682092,27,0.0006259853473059,0,0.0,624,0.0144672169155151,train
2025-01-31,2025-01-31_r2464_c1568,11,7,2464,1568,224,224,670002.3139905898,6044152.797279572,672248.6942669598,6046398.177413358,31221,0.6222297512755102,18955,True,True,True,data\raw\SummerSchool_Subset\images\2025-01-31\layers\2025-01-31_B04.tif,data\raw\SummerSchool_Subset\images\2025-01-31\layers\2025-01-31_B03.tif,data\raw\SummerSchool_Subset\images\2025-01-31\layers\2025-01-31_B02.tif,data\raw\SummerSchool_Subset\images\2025-01-31\layers\2025-01-31_VV.tif,data\raw\SummerSchool_Subset\images\2025-01-31\layers\2025-01-31_VH.tif,data\raw\SummerSchool_Subset\masks\2025_01_31.tiff,0 1 2 3 255,30263,0.9693155248070208,121,0.0038755965536017,567,0.0181608532718362,270,0.008648025367541,958,0.030684475192979,train
2025-01-31,2025-01-31_r2688_c0224,12,1,2688,224,224,224,656524.0323323699,6041907.417145787,658770.4126087399,6044152.797279572,11462,0.2284359056122449,38714,True,True,True,data\raw\SummerSchool_Subset\images\2025-01-31\layers\2025-01-31_B04.tif,data\raw\SummerSchool_Subset\images\2025-01-31\layers\2025-01-31_B03.tif,data\raw\SummerSchool_Subset\images\2025-01-31\layers\2025-01-31_B02.tif,data\raw\SummerSchool_Subset\images\2025-01-31\layers\2025-01-31_VV.tif,data\raw\SummerSchool_Subset\images\2025-01-31\layers\2025-01-31_VH.tif,data\raw\SummerSchool_Subset\masks\2025_01_31.tiff,0 1 2 3 255,9690,0.8454021985691851,1051,0.0916942941894957,236,0.0205897749083929,485,0.0423137323329261,1772,0.1545978014308148,train
2025-01-31,2025-01-31_r2688_c0448,12,2,2688,448,224,224,658770.4126087399,6041907.417145787,661016.7928851099,6044152.797279572,24589,0.490055006377551,25587,True,True,True,data\raw\SummerSchool_Subset\images\2025-01-31\layers\2025-01-31_B04.tif,data\raw\SummerSchool_Subset\images\2025-01-31\layers\2025-01-31_B03.tif,data\raw\SummerSchool_Subset\images\2025-01-31\layers\2025-01-31_B02.tif,data\raw\SummerSchool_Subset\images\2025-01-31\layers\2025-01-31_VV.tif,data\raw\SummerSchool_Subset\images\2025-01-31\layers\2025-01-31_VH.tif,data\raw\SummerSchool_Subset\masks\2025_01_31.tiff,0 1 2 3 255,23461,0.9541258286225548,500,0.0203342958233356,411,0.0167147911667818,217,0.0088250843873276,1128,0.0458741713774452,train
2025-01-31,2025-01-31_r2688_c0896,12,4,2688,896,224,224,663263.1731614799,6041907.417145787,665509.5534378499,6044152.797279572,11774,0.2346540178571428,38402,True,True,True,data\raw\SummerSchool_Subset\images\2025-01-31\layers\2025-01-31_B04.tif,data\raw\SummerSchool_Subset\images\2025-01-31\layers\2025-01-31_B03.tif,data\raw\SummerSchool_Subset\images\2025-01-31\layers\2025-01-31_B02.tif,data\raw\SummerSchool_Subset\images\2025-01-31\layers\2025-01-31_VV.tif,data\raw\SummerSchool_Subset\images\2025-01-31\layers\2025-01-31_VH.tif,data\raw\SummerSchool_Subset\masks\2025_01_31.tiff,0 1 2 3 255,10866,0.9228809240699848,412,0.0349923560387294,308,0.0261593341260404,188,0.0159673857652454,908,0.0771190759300152,train
2025-01-31,2025-01-31_r2688_c1120,12,5,2688,1120,224,224,665509.5534378499,6041907.417145787,667755.9337142198,6044152.797279572,18883,0.3763352997448979,31293,True,True,True,data\raw\SummerSchool_Subset\images\2025-01-31\layers\2025-01-31_B04.tif,data\raw\SummerSchool_Subset\images\2025-01-31\layers\2025-01-31_B03.tif,data\raw\SummerSchool_Subset\images\2025-01-31\layers\2025-01-31_B02.tif,data\raw\SummerSchool_Subset\images\2025-01-31\layers\2025-01-31_VV.tif,data\raw\SummerSchool_Subset\images\2025-01-31\layers\2025-01-31_VH.tif,data\raw\SummerSchool_Subset\masks\2025_01_31.tiff,0 1 2 3 255,17672,0.9358682412752212,684,0.0362230577768363,368,0.0194884287454324,159,0.0084202722025101,1211,0.0641317587247789,train
2025-01-31,2025-01-31_r2688_c1344,12,6,2688,1344,224,224,667755.9337142198,6041907.417145787,670002.3139905898,6044152.797279572,43236,0.861686862244898,6940,True,True,True,data\raw\SummerSchool_Subset\images\2025-01-31\layers\2025-01-31_B04.tif,data\raw\SummerSchool_Subset\images\2025-01-31\layers\2025-01-31_B03.tif,data\raw\SummerSchool_Subset\images\2025-01-31\layers\2025-01-31_B02.tif,data\raw\SummerSchool_Subset\images\2025-01-31\layers\2025-01-31_VV.tif,data\raw\SummerSchool_Subset\images\2025-01-31\layers\2025-01-31_VH.tif,data\raw\SummerSchool_Subset\masks\2025_01_31.tiff,0 1 2 3 255,42307,0.9785132759737256,20,0.0004625774817281,817,0.0188962901285965,92,0.0021278564159496,929,0.0214867240262744,train
2025-01-31,2025-01-31_r2688_c1568,12,7,2688,1568,224,224,670002.3139905898,6041907.417145787,672248.6942669598,6044152.797279572,33509,0.6678292410714286,16667,True,True,True,data\raw\SummerSchool_Subset\images\2025-01-31\layers\2025-01-31_B04.tif,data\raw\SummerSchool_Subset\images\2025-01-31\layers\2025-01-31_B03.tif,data\raw\SummerSchool_Subset\images\2025-01-31\layers\2025-01-31_B02.tif,data\raw\SummerSchool_Subset\images\2025-01-31\layers\2025-01-31_VV.tif,data\raw\SummerSchool_Subset\images\2025-01-31\layers\2025-01-31_VH.tif,data\raw\SummerSchool_Subset\masks\2025_01_31.tiff,0 1 2 3 255,31762,0.9478647527529918,83,0.0024769464919872,1118,0.0333641708197797,546,0.0162941299352412,1747,0.0521352472470082,train
2025-01-31,2025-01-31_r2912_c1344,13,6,2912,1344,224,224,667755.9337142198,6039662.037012001,670002.3139905898,6041907.417145787,11386,0.2269212372448979,38790,True,True,True,data\raw\SummerSchool_Subset\images\2025-01-31\layers\2025-01-31_B04.tif,data\raw\SummerSchool_Subset\images\2025-01-31\layers\2025-01-31_B03.tif,data\raw\SummerSchool_Subset\images\2025-01-31\layers\2025-01-31_B02.tif,data\raw\SummerSchool_Subset\images\2025-01-31\layers\2025-01-31_VV.tif,data\raw\SummerSchool_Subset\images\2025-01-31\layers\2025-01-31_VH.tif,data\raw\SummerSchool_Subset\masks\2025_01_31.tiff,0 1 2 3 255,10310,0.9054979799754084,82,0.007201826804848,807,0.0708765150184437,187,0.0164236782012998,1076,0.0945020200245916,train
2025-03-12,2025-03-12_r0448_c0672,2,3,448,672,224,224,661016.7928851099,6064361.218483644,663263.1731614799,6066606.598617429,12902,0.2571348852040816,37274,True,True,True,data\raw\SummerSchool_Subset\images\2025-03-12\layers\2025-03-12_B04.tif,data\raw\SummerSchool_Subset\images\2025-03-12\layers\2025-03-12_B03.tif,data\raw\SummerSchool_Subset\images\2025-03-12\layers\2025-03-12_B02.tif,data\raw\SummerSchool_Subset\images\2025-03-12\layers\2025-03-12_VV.tif,data\raw\SummerSchool_Subset\images\2025-03-12\layers\2025-03-12_VH.tif,data\raw\SummerSchool_Subset\masks\2025_03_12.tiff,0 1 2 3 255,12446,0.9646566423810262,8,0.000620058905596,343,0.0265850255774298,105,0.0081382731359479,456,0.0353433576189738,train
2025-03-12,2025-03-12_r0448_c1568,2,7,448,1568,224,224,670002.3139905898,6064361.218483644,672248.6942669598,6066606.598617429,10909,0.217414700255102,39267,True,True,True,data\raw\SummerSchool_Subset\images\2025-03-12\layers\2025-03-12_B04.tif,data\raw\SummerSchool_Subset\images\2025-03-12\layers\2025-03-12_B03.tif,data\raw\SummerSchool_Subset\images\2025-03-12\layers\2025-03-12_B02.tif,data\raw\SummerSchool_Subset\images\2025-03-12\layers\2025-03-12_VV.tif,data\raw\SummerSchool_Subset\images\2025-03-12\layers\2025-03-12_VH.tif,data\raw\SummerSchool_Subset\masks\2025_03_12.tiff,0 1 2 3 255,10173,0.932532771106426,4,0.0003666697222476,270,0.0247502062517187,462,0.0423503529196076,736,0.0674672288935741,train
2025-03-12,2025-03-12_r0448_c1792,2,8,448,1792,224,224,672248.6942669598,6064361.218483644,674495.0745433298,6066606.598617429,39596,0.7891422193877551,10580,True,True,True,data\raw\SummerSchool_Subset\images\2025-03-12\layers\2025-03-12_B04.tif,data\raw\SummerSchool_Subset\images\2025-03-12\layers\2025-03-12_B03.tif,data\raw\SummerSchool_Subset\images\2025-03-12\layers\2025-03-12_B02.tif,data\raw\SummerSchool_Subset\images\2025-03-12\layers\2025-03-12_VV.tif,data\raw\SummerSchool_Subset\images\2025-03-12\layers\2025-03-12_VH.tif,data\raw\SummerSchool_Subset\masks\2025_03_12.tiff,0 2 3 255,39448,0.9962622487119912,0,0.0,76,0.0019193857965451,72,0.0018183654914637,148,0.0037377512880088,train
2025-03-12,2025-03-12_r0448_c2016,2,9,448,2016,224,224,674495.0745433298,6064361.218483644,676741.4548196997,6066606.598617429,44053,0.8779695471938775,6123,True,True,True,data\raw\SummerSchool_Subset\images\2025-03-12\layers\2025-03-12_B04.tif,data\raw\SummerSchool_Subset\images\2025-03-12\layers\2025-03-12_B03.tif,data\raw\SummerSchool_Subset\images\2025-03-12\layers\2025-03-12_B02.tif,data\raw\SummerSchool_Subset\images\2025-03-12\layers\2025-03-12_VV.tif,data\raw\SummerSchool_Subset\images\2025-03-12\layers\2025-03-12_VH.tif,data\raw\SummerSchool_Subset\masks\2025_03_12.tiff,0 2 255,43890,0.9962999114702744,0,0.0,163,0.0037000885297255,0,0.0,163,0.0037000885297255,train
2025-03-12,2025-03-12_r0448_c2240,2,10,448,2240,224,224,676741.4548196997,6064361.218483644,678987.8350960697,6066606.598617429,25129,0.5008171237244898,25047,True,True,True,data\raw\SummerSchool_Subset\images\2025-03-12\layers\2025-03-12_B04.tif,data\raw\SummerSchool_Subset\images\2025-03-12\layers\2025-03-12_B03.tif,data\raw\SummerSchool_Subset\images\2025-03-12\layers\2025-03-12_B02.tif,data\raw\SummerSchool_Subset\images\2025-03-12\layers\2025-03-12_VV.tif,data\raw\SummerSchool_Subset\images\2025-03-12\layers\2025-03-12_VH.tif,data\raw\SummerSchool_Subset\masks\2025_03_12.tiff,0 1 2 3 255,23785,0.946515977555812,60,0.0023876795734012,1162,0.0462413944048708,122,0.0048549484659158,1344,0.0534840224441879,train
2025-03-12,2025-03-12_r0672_c0448,3,2,672,448,224,224,658770.4126087399,6062115.838349857,661016.7928851099,6064361.218483644,19492,0.3884725765306122,30684,True,True,True,data\raw\SummerSchool_Subset\images\2025-03-12\layers\2025-03-12_B04.tif,data\raw\SummerSchool_Subset\images\2025-03-12\layers\2025-03-12_B03.tif,data\raw\SummerSchool_Subset\images\2025-03-12\layers\2025-03-12_B02.tif,data\raw\SummerSchool_Subset\images\2025-03-12\layers\2025-03-12_VV.tif,data\raw\SummerSchool_Subset\images\2025-03-12\layers\2025-03-12_VH.tif,data\raw\SummerSchool_Subset\masks\2025_03_12.tiff,0 1 2 3 255,19272,0.9887133182844244,107,0.0054894315616663,110,0.0056433408577878,3,0.0001539092961214,220,0.0112866817155756,train
2025-03-12,2025-03-12_r0672_c0672,3,3,672,672,224,224,661016.7928851099,6062115.838349857,663263.1731614799,6064361.218483644,33430,0.6662547831632653,16746,True,True,True,data\raw\SummerSchool_Subset\images\2025-03-12\layers\2025-03-12_B04.tif,data\raw\SummerSchool_Subset\images\2025-03-12\layers\2025-03-12_B03.tif,data\raw\SummerSchool_Subset\images\2025-03-12\layers\2025-03-12_B02.tif,data\raw\SummerSchool_Subset\images\2025-03-12\layers\2025-03-12_VV.tif,data\raw\SummerSchool_Subset\images\2025-03-12\layers\2025-03-12_VH.tif,data\raw\SummerSchool_Subset\masks\2025_03_12.tiff,0 1 2 255,33409,0.9993718217170208,11,0.0003290457672749,10,0.0002991325157044,0,0.0,21,0.0006281782829793,train
2025-03-12,2025-03-12_r0672_c0896,3,4,672,896,224,224,663263.1731614799,6062115.838349857,665509.5534378499,6064361.218483644,27495,0.5479711415816326,22681,True,True,True,data\raw\SummerSchool_Subset\images\2025-03-12\layers\2025-03-12_B04.tif,data\raw\SummerSchool_Subset\images\2025-03-12\layers\2025-03-12_B03.tif,data\raw\SummerSchool_Subset\images\2025-03-12\layers\2025-03-12_B02.tif,data\raw\SummerSchool_Subset\images\2025-03-12\layers\2025-03-12_VV.tif,data\raw\SummerSchool_Subset\images\2025-03-12\layers\2025-03-12_VH.tif,data\raw\SummerSchool_Subset\masks\2025_03_12.tiff,0 2 3 255,27443,0.9981087470449173,0,0.0,46,0.0016730314602655,6,0.0002182214948172,52,0.0018912529550827,train
2025-03-12,2025-03-12_r0672_c1120,3,5,672,1120,224,224,665509.5534378499,6062115.838349857,667755.9337142198,6064361.218483644,29211,0.5821707589285714,20965,True,True,True,data\raw\SummerSchool_Subset\images\2025-03-12\layers\2025-03-12_B04.tif,data\raw\SummerSchool_Subset\images\2025-03-12\layers\2025-03-12_B03.tif,data\raw\SummerSchool_Subset\images\2025-03-12\layers\2025-03-12_B02.tif,data\raw\SummerSchool_Subset\images\2025-03-12\layers\2025-03-12_VV.tif,data\raw\SummerSchool_Subset\images\2025-03-12\layers\2025-03-12_VH.tif,data\raw\SummerSchool_Subset\masks\2025_03_12.tiff,0 2 255,29152,0.997980212933484,0,0.0,59,0.002019787066516,0,0.0,59,0.002019787066516,train
2025-03-12,2025-03-12_r0672_c1344,3,6,672,1344,224,224,667755.9337142198,6062115.838349857,670002.3139905898,6064361.218483644,30658,0.6110092474489796,19518,True,True,True,data\raw\SummerSchool_Subset\images\2025-03-12\layers\2025-03-12_B04.tif,data\raw\SummerSchool_Subset\images\2025-03-12\layers\2025-03-12_B03.tif,data\raw\SummerSchool_Subset\images\2025-03-12\layers\2025-03-12_B02.tif,data\raw\SummerSchool_Subset\images\2025-03-12\layers\2025-03-12_VV.tif,data\raw\SummerSchool_Subset\images\2025-03-12\layers\2025-03-12_VH.tif,data\raw\SummerSchool_Subset\masks\2025_03_12.tiff,0 2 255,30645,0.9995759671211428,0,0.0,13,0.000424032878857,0,0.0,13,0.000424032878857,train
2025-03-12,2025-03-12_r0672_c1568,3,7,672,1568,224,224,670002.3139905898,6062115.838349857,672248.6942669598,6064361.218483644,32729,0.6522839604591837,17447,True,True,True,data\raw\SummerSchool_Subset\images\2025-03-12\layers\2025-03-12_B04.tif,data\raw\SummerSchool_Subset\images\2025-03-12\layers\2025-03-12_B03.tif,data\raw\SummerSchool_Subset\images\2025-03-12\layers\2025-03-12_B02.tif,data\raw\SummerSchool_Subset\images\2025-03-12\layers\2025-03-12_VV.tif,data\raw\SummerSchool_Subset\images\2025-03-12\layers\2025-03-12_VH.tif,data\raw\SummerSchool_Subset\masks\2025_03_12.tiff,0 2 255,32716,0.9996027987411776,0,0.0,13,0.0003972012588224,0,0.0,13,0.0003972012588224,train
2025-03-12,2025-03-12_r0672_c1792,3,8,672,1792,224,224,672248.6942669598,6062115.838349857,674495.0745433298,6064361.218483644,41307,0.8232421875,8869,True,True,True,data\raw\SummerSchool_Subset\images\2025-03-12\layers\2025-03-12_B04.tif,data\raw\SummerSchool_Subset\images\2025-03-12\layers\2025-03-12_B03.tif,data\raw\SummerSchool_Subset\images\2025-03-12\layers\2025-03-12_B02.tif,data\raw\SummerSchool_Subset\images\2025-03-12\layers\2025-03-12_VV.tif,data\raw\SummerSchool_Subset\images\2025-03-12\layers\2025-03-12_VH.tif,data\raw\SummerSchool_Subset\masks\2025_03_12.tiff,0 2 255,41240,0.9983779988863872,0,0.0,67,0.0016220011136127,0,0.0,67,0.0016220011136127,train
2025-03-12,2025-03-12_r0672_c2016,3,9,672,2016,224,224,674495.0745433298,6062115.838349857,676741.4548196997,6064361.218483644,36493,0.7272999043367347,13683,True,True,True,data\raw\SummerSchool_Subset\images\2025-03-12\layers\2025-03-12_B04.tif,data\raw\SummerSchool_Subset\images\2025-03-12\layers\2025-03-12_B03.tif,data\raw\SummerSchool_Subset\images\2025-03-12\layers\2025-03-12_B02.tif,data\raw\SummerSchool_Subset\images\2025-03-12\layers\2025-03-12_VV.tif,data\raw\SummerSchool_Subset\images\2025-03-12\layers\2025-03-12_VH.tif,data\raw\SummerSchool_Subset\masks\2025_03_12.tiff,0 1 2 3 255,35101,0.9618556983531088,5,0.0001370125777546,1337,0.0366371632915901,50,0.0013701257775463,1392,0.0381443016468911,train
2025-03-12,2025-03-12_r0896_c0448,4,2,896,448,224,224,658770.4126087399,6059870.458216072,661016.7928851099,6062115.838349857,17662,0.3520009566326531,32514,True,True,True,data\raw\SummerSchool_Subset\images\2025-03-12\layers\2025-03-12_B04.tif,data\raw\SummerSchool_Subset\images\2025-03-12\layers\2025-03-12_B03.tif,data\raw\SummerSchool_Subset\images\2025-03-12\layers\2025-03-12_B02.tif,data\raw\SummerSchool_Subset\images\2025-03-12\layers\2025-03-12_VV.tif,data\raw\SummerSchool_Subset\images\2025-03-12\layers\2025-03-12_VH.tif,data\raw\SummerSchool_Subset\masks\2025_03_12.tiff,0 1 2 3 255,16991,0.9620088325217984,423,0.0239497225682255,149,0.0084361906918808,99,0.0056052542180953,671,0.0379911674782017,train
2025-03-12,2025-03-12_r0896_c0672,4,3,896,672,224,224,661016.7928851099,6059870.458216072,663263.1731614799,6062115.838349857,42490,0.8468191964285714,7686,True,True,True,data\raw\SummerSchool_Subset\images\2025-03-12\layers\2025-03-12_B04.tif,data\raw\SummerSchool_Subset\images\2025-03-12\layers\2025-03-12_B03.tif,data\raw\SummerSchool_Subset\images\2025-03-12\layers\2025-03-12_B02.tif,data\raw\SummerSchool_Subset\images\2025-03-12\layers\2025-03-12_VV.tif,data\raw\SummerSchool_Subset\images\2025-03-12\layers\2025-03-12_VH.tif,data\raw\SummerSchool_Subset\masks\2025_03_12.tiff,0 1 2 255,42089,0.9905624852906566,379,0.0089197458225464,22,0.0005177688867968,0,0.0,401,0.0094375147093433,train
2025-03-12,2025-03-12_r0896_c0896,4,4,896,896,224,224,663263.1731614799,6059870.458216072,665509.5534378499,6062115.838349857,41438,0.8258529974489796,8738,True,True,True,data\raw\SummerSchool_Subset\images\2025-03-12\layers\2025-03-12_B04.tif,data\raw\SummerSchool_Subset\images\2025-03-12\layers\2025-03-12_B03.tif,data\raw\SummerSchool_Subset\images\2025-03-12\layers\2025-03-12_B02.tif,data\raw\SummerSchool_Subset\images\2025-03-12\layers\2025-03-12_VV.tif,data\raw\SummerSchool_Subset\images\2025-03-12\layers\2025-03-12_VH.tif,data\raw\SummerSchool_Subset\masks\2025_03_12.tiff,0 2 255,41433,0.9998793378058788,0,0.0,5,0.0001206621941213,0,0.0,5,0.0001206621941213,train
2025-03-12,2025-03-12_r0896_c1120,4,5,896,1120,224,224,665509.5534378499,6059870.458216072,667755.9337142198,6062115.838349857,41566,0.8284040178571429,8610,True,True,True,data\raw\SummerSchool_Subset\images\2025-03-12\layers\2025-03-12_B04.tif,data\raw\SummerSchool_Subset\images\2025-03-12\layers\2025-03-12_B03.tif,data\raw\SummerSchool_Subset\images\2025-03-12\layers\2025-03-12_B02.tif,data\raw\SummerSchool_Subset\images\2025-03-12\layers\2025-03-12_VV.tif,data\raw\SummerSchool_Subset\images\2025-03-12\layers\2025-03-12_VH.tif,data\raw\SummerSchool_Subset\masks\2025_03_12.tiff,0 2 255,41538,0.9993263725159988,0,0.0,28,0.0006736274840013,0,0.0,28,0.0006736274840013,train
2025-03-12,2025-03-12_r0896_c1344,4,6,896,1344,224,224,667755.9337142198,6059870.458216072,670002.3139905898,6062115.838349857,32553,0.6487763073979592,17623,True,True,True,data\raw\SummerSchool_Subset\images\2025-03-12\layers\2025-03-12_B04.tif,data\raw\SummerSchool_Subset\images\2025-03-12\layers\2025-03-12_B03.tif,data\raw\SummerSchool_Subset\images\2025-03-12\layers\2025-03-12_B02.tif,data\raw\SummerSchool_Subset\images\2025-03-12\layers\2025-03-12_VV.tif,data\raw\SummerSchool_Subset\images\2025-03-12\layers\2025-03-12_VH.tif,data\raw\SummerSchool_Subset\masks\2025_03_12.tiff,0 1 2 255,32230,0.9900777194114214,1,3.0719134949159833e-05,322,0.0098915614536294,0,0.0,323,0.0099222805885786,train
2025-03-12,2025-03-12_r0896_c1568,4,7,896,1568,224,224,670002.3139905898,6059870.458216072,672248.6942669598,6062115.838349857,36382,0.7250876913265306,13794,True,True,True,data\raw\SummerSchool_Subset\images\2025-03-12\layers\2025-03-12_B04.tif,data\raw\SummerSchool_Subset\images\2025-03-12\layers\2025-03-12_B03.tif,data\raw\SummerSchool_Subset\images\2025-03-12\layers\2025-03-12_B02.tif,data\raw\SummerSchool_Subset\images\2025-03-12\layers\2025-03-12_VV.tif,data\raw\SummerSchool_Subset\images\2025-03-12\layers\2025-03-12_VH.tif,data\raw\SummerSchool_Subset\masks\2025_03_12.tiff,0 1 2 255,36289,0.9974437908856028,3,8.245835852894288e-05,90,0.0024737507558682,0,0.0,93,0.0025562091143972,train
2025-03-12,2025-03-12_r0896_c1792,4,8,896,1792,224,224,672248.6942669598,6059870.458216072,674495.0745433298,6062115.838349857,37290,0.7431839923469388,12886,True,True,True,data\raw\SummerSchool_Subset\images\2025-03-12\layers\2025-03-12_B04.tif,data\raw\SummerSchool_Subset\images\2025-03-12\layers\2025-03-12_B03.tif,data\raw\SummerSchool_Subset\images\2025-03-12\layers\2025-03-12_B02.tif,data\raw\SummerSchool_Subset\images\2025-03-12\layers\2025-03-12_VV.tif,data\raw\SummerSchool_Subset\images\2025-03-12\layers\2025-03-12_VH.tif,data\raw\SummerSchool_Subset\masks\2025_03_12.tiff,0 2 255,37165,0.9966478948779832,0,0.0,125,0.0033521051220166,0,0.0,125,0.0033521051220166,train
2025-03-12,2025-03-12_r0896_c2016,4,9,896,2016,224,224,674495.0745433298,6059870.458216072,676741.4548196997,6062115.838349857,10997,0.2191685267857142,39179,True,True,True,data\raw\SummerSchool_Subset\images\2025-03-12\layers\2025-03-12_B04.tif,data\raw\SummerSchool_Subset\images\2025-03-12\layers\2025-03-12_B03.tif,data\raw\SummerSchool_Subset\images\2025-03-12\layers\2025-03-12_B02.tif,data\raw\SummerSchool_Subset\images\2025-03-12\layers\2025-03-12_VV.tif,data\raw\SummerSchool_Subset\images\2025-03-12\layers\2025-03-12_VH.tif,data\raw\SummerSchool_Subset\masks\2025_03_12.tiff,0 1 2 3 255,9542,0.8676911885059562,22,0.0020005456033463,1208,0.1098481404019278,225,0.0204601254887696,1455,0.1323088114940438,train
2025-03-12,2025-03-12_r1120_c0672,5,3,1120,672,224,224,661016.7928851099,6057625.078082287,663263.1731614799,6059870.458216072,41491,0.8269092793367347,8685,True,True,True,data\raw\SummerSchool_Subset\images\2025-03-12\layers\2025-03-12_B04.tif,data\raw\SummerSchool_Subset\images\2025-03-12\layers\2025-03-12_B03.tif,data\raw\SummerSchool_Subset\images\2025-03-12\layers\2025-03-12_B02.tif,data\raw\SummerSchool_Subset\images\2025-03-12\layers\2025-03-12_VV.tif,data\raw\SummerSchool_Subset\images\2025-03-12\layers\2025-03-12_VH.tif,data\raw\SummerSchool_Subset\masks\2025_03_12.tiff,0 1 2 3 255,41277,0.994842254946856,27,0.0006507435347424,59,0.0014219951314742,128,0.0030850063869272,214,0.005157745053144,train
2025-03-12,2025-03-12_r1120_c0896,5,4,1120,896,224,224,663263.1731614799,6057625.078082287,665509.5534378499,6059870.458216072,42763,0.8522600446428571,7413,True,True,True,data\raw\SummerSchool_Subset\images\2025-03-12\layers\2025-03-12_B04.tif,data\raw\SummerSchool_Subset\images\2025-03-12\layers\2025-03-12_B03.tif,data\raw\SummerSchool_Subset\images\2025-03-12\layers\2025-03-12_B02.tif,data\raw\SummerSchool_Subset\images\2025-03-12\layers\2025-03-12_VV.tif,data\raw\SummerSchool_Subset\images\2025-03-12\layers\2025-03-12_VH.tif,data\raw\SummerSchool_Subset\masks\2025_03_12.tiff,0 1 2,42754,0.9997895376844468,1,2.3384701728129457e-05,8,0.000187077613825,0,0.0,9,0.0002104623155531,train
2025-03-12,2025-03-12_r1120_c1120,5,5,1120,1120,224,224,665509.5534378499,6057625.078082287,667755.9337142198,6059870.458216072,42336,0.84375,7840,True,True,True,data\raw\SummerSchool_Subset\images\2025-03-12\layers\2025-03-12_B04.tif,data\raw\SummerSchool_Subset\images\2025-03-12\layers\2025-03-12_B03.tif,data\raw\SummerSchool_Subset\images\2025-03-12\layers\2025-03-12_B02.tif,data\raw\SummerSchool_Subset\images\2025-03-12\layers\2025-03-12_VV.tif,data\raw\SummerSchool_Subset\images\2025-03-12\layers\2025-03-12_VH.tif,data\raw\SummerSchool_Subset\masks\2025_03_12.tiff,0 2 255,42323,0.999692932728647,0,0.0,13,0.0003070672713529,0,0.0,13,0.0003070672713529,train
2025-03-12,2025-03-12_r1120_c1344,5,6,1120,1344,224,224,667755.9337142198,6057625.078082287,670002.3139905898,6059870.458216072,37505,0.7474689094387755,12671,True,True,True,data\raw\SummerSchool_Subset\images\2025-03-12\layers\2025-03-12_B04.tif,data\raw\SummerSchool_Subset\images\2025-03-12\layers\2025-03-12_B03.tif,data\raw\SummerSchool_Subset\images\2025-03-12\layers\2025-03-12_B02.tif,data\raw\SummerSchool_Subset\images\2025-03-12\layers\2025-03-12_VV.tif,data\raw\SummerSchool_Subset\images\2025-03-12\layers\2025-03-12_VH.tif,data\raw\SummerSchool_Subset\masks\2025_03_12.tiff,0 1 2 255,37479,0.9993067590987867,8,0.0002133048926809,18,0.0004799360085321,0,0.0,26,0.0006932409012131,train
2025-03-12,2025-03-12_r1120_c1568,5,7,1120,1568,224,224,670002.3139905898,6057625.078082287,672248.6942669598,6059870.458216072,33902,0.6756616709183674,16274,True,True,True,data\raw\SummerSchool_Subset\images\2025-03-12\layers\2025-03-12_B04.tif,data\raw\SummerSchool_Subset\images\2025-03-12\layers\2025-03-12_B03.tif,data\raw\SummerSchool_Subset\images\2025-03-12\layers\2025-03-12_B02.tif,data\raw\SummerSchool_Subset\images\2025-03-12\layers\2025-03-12_VV.tif,data\raw\SummerSchool_Subset\images\2025-03-12\layers\2025-03-12_VH.tif,data\raw\SummerSchool_Subset\masks\2025_03_12.tiff,0 1 2 3 255,33847,0.9983776768332252,11,0.0003244646333549,43,0.0012683617485694,1,2.94967848504513e-05,55,0.0016223231667748,train
2025-03-12,2025-03-12_r1120_c1792,5,8,1120,1792,224,224,672248.6942669598,6057625.078082287,674495.0745433298,6059870.458216072,31572,0.6292251275510204,18604,True,True,True,data\raw\SummerSchool_Subset\images\2025-03-12\layers\2025-03-12_B04.tif,data\raw\SummerSchool_Subset\images\2025-03-12\layers\2025-03-12_B03.tif,data\raw\SummerSchool_Subset\images\2025-03-12\layers\2025-03-12_B02.tif,data\raw\SummerSchool_Subset\images\2025-03-12\layers\2025-03-12_VV.tif,data\raw\SummerSchool_Subset\images\2025-03-12\layers\2025-03-12_VH.tif,data\raw\SummerSchool_Subset\masks\2025_03_12.tiff,0 1 2 3 255,30284,0.9592043582921576,5,0.0001583681743316,948,0.0300266058532877,335,0.0106106676802229,1288,0.0407956417078423,train
2025-03-12,2025-03-12_r1344_c0672,6,3,1344,672,224,224,661016.7928851099,6055379.6979485005,663263.1731614799,6057625.078082287,37631,0.7499800701530612,12545,True,True,True,data\raw\SummerSchool_Subset\images\2025-03-12\layers\2025-03-12_B04.tif,data\raw\SummerSchool_Subset\images\2025-03-12\layers\2025-03-12_B03.tif,data\raw\SummerSchool_Subset\images\2025-03-12\layers\2025-03-12_B02.tif,data\raw\SummerSchool_Subset\images\2025-03-12\layers\2025-03-12_VV.tif,data\raw\SummerSchool_Subset\images\2025-03-12\layers\2025-03-12_VH.tif,data\raw\SummerSchool_Subset\masks\2025_03_12.tiff,0 1 2 3 255,37133,0.9867662299699717,62,0.0016475777949031,280,0.0074406739124657,156,0.0041455183226595,498,0.0132337700300284,train
2025-03-12,2025-03-12_r1344_c0896,6,4,1344,896,224,224,663263.1731614799,6055379.6979485005,665509.5534378499,6057625.078082287,42895,0.8548907844387755,7281,True,True,True,data\raw\SummerSchool_Subset\images\2025-03-12\layers\2025-03-12_B04.tif,data\raw\SummerSchool_Subset\images\2025-03-12\layers\2025-03-12_B03.tif,data\raw\SummerSchool_Subset\images\2025-03-12\layers\2025-03-12_B02.tif,data\raw\SummerSchool_Subset\images\2025-03-12\layers\2025-03-12_VV.tif,data\raw\SummerSchool_Subset\images\2025-03-12\layers\2025-03-12_VH.tif,data\raw\SummerSchool_Subset\masks\2025_03_12.tiff,0 2 255,42880,0.9996503088938103,0,0.0,15,0.0003496911061895,0,0.0,15,0.0003496911061895,train
2025-03-12,2025-03-12_r1344_c1120,6,5,1344,1120,224,224,665509.5534378499,6055379.6979485005,667755.9337142198,6057625.078082287,42056,0.8381696428571429,8120,True,True,True,data\raw\SummerSchool_Subset\images\2025-03-12\layers\2025-03-12_B04.tif,data\raw\SummerSchool_Subset\images\2025-03-12\layers\2025-03-12_B03.tif,data\raw\SummerSchool_Subset\images\2025-03-12\layers\2025-03-12_B02.tif,data\raw\SummerSchool_Subset\images\2025-03-12\layers\2025-03-12_VV.tif,data\raw\SummerSchool_Subset\images\2025-03-12\layers\2025-03-12_VH.tif,data\raw\SummerSchool_Subset\masks\2025_03_12.tiff,0 1 2 255,42039,0.9995957770591593,2,4.755564009891573e-05,15,0.0003566673007418,0,0.0,17,0.0004042229408407,train
2025-03-12,2025-03-12_r1344_c1344,6,6,1344,1344,224,224,667755.9337142198,6055379.6979485005,670002.3139905898,6057625.078082287,41157,0.8202527104591837,9019,True,True,True,data\raw\SummerSchool_Subset\images\2025-03-12\layers\2025-03-12_B04.tif,data\raw\SummerSchool_Subset\images\2025-03-12\layers\2025-03-12_B03.tif,data\raw\SummerSchool_Subset\images\2025-03-12\layers\2025-03-12_B02.tif,data\raw\SummerSchool_Subset\images\2025-03-12\layers\2025-03-12_VV.tif,data\raw\SummerSchool_Subset\images\2025-03-12\layers\2025-03-12_VH.tif,data\raw\SummerSchool_Subset\masks\2025_03_12.tiff,0 2 255,41133,0.9994168671185948,0,0.0,24,0.0005831328814053,0,0.0,24,0.0005831328814053,train
2025-03-12,2025-03-12_r1344_c1568,6,7,1344,1568,224,224,670002.3139905898,6055379.6979485005,672248.6942669598,6057625.078082287,42259,0.8422154017857143,7917,True,True,True,data\raw\SummerSchool_Subset\images\2025-03-12\layers\2025-03-12_B04.tif,data\raw\SummerSchool_Subset\images\2025-03-12\layers\2025-03-12_B03.tif,data\raw\SummerSchool_Subset\images\2025-03-12\layers\2025-03-12_B02.tif,data\raw\SummerSchool_Subset\images\2025-03-12\layers\2025-03-12_VV.tif,data\raw\SummerSchool_Subset\images\2025-03-12\layers\2025-03-12_VH.tif,data\raw\SummerSchool_Subset\masks\2025_03_12.tiff,0 1 2 3 255,42200,0.9986038477010816,13,0.0003076267777278,42,0.0009938711280437,4,9.465439314702194e-05,59,0.0013961522989185,train
2025-03-12,2025-03-12_r1344_c1792,6,8,1344,1792,224,224,672248.6942669598,6055379.6979485005,674495.0745433298,6057625.078082287,24740,0.4930644132653061,25436,True,True,True,data\raw\SummerSchool_Subset\images\2025-03-12\layers\2025-03-12_B04.tif,data\raw\SummerSchool_Subset\images\2025-03-12\layers\2025-03-12_B03.tif,data\raw\SummerSchool_Subset\images\2025-03-12\layers\2025-03-12_B02.tif,data\raw\SummerSchool_Subset\images\2025-03-12\layers\2025-03-12_VV.tif,data\raw\SummerSchool_Subset\images\2025-03-12\layers\2025-03-12_VH.tif,data\raw\SummerSchool_Subset\masks\2025_03_12.tiff,0 1 2 3 255,23591,0.953556992724333,3,0.0001212611156022,849,0.0343168957154405,297,0.012004850444624,1149,0.0464430072756669,train
2025-03-12,2025-03-12_r1568_c1120,7,5,1568,1120,224,224,665509.5534378499,6053134.317814715,667755.9337142198,6055379.6979485005,15905,0.3169842155612244,34271,True,True,True,data\raw\SummerSchool_Subset\images\2025-03-12\layers\2025-03-12_B04.tif,data\raw\SummerSchool_Subset\images\2025-03-12\layers\2025-03-12_B03.tif,data\raw\SummerSchool_Subset\images\2025-03-12\layers\2025-03-12_B02.tif,data\raw\SummerSchool_Subset\images\2025-03-12\layers\2025-03-12_VV.tif,data\raw\SummerSchool_Subset\images\2025-03-12\layers\2025-03-12_VH.tif,data\raw\SummerSchool_Subset\masks\2025_03_12.tiff,0 2 255,15896,0.999434140207482,0,0.0,9,0.000565859792518,0,0.0,9,0.000565859792518,train
2025-03-12,2025-03-12_r1568_c1344,7,6,1568,1344,224,224,667755.9337142198,6053134.317814715,670002.3139905898,6055379.6979485005,23326,0.4648836096938775,26850,True,True,True,data\raw\SummerSchool_Subset\images\2025-03-12\layers\2025-03-12_B04.tif,data\raw\SummerSchool_Subset\images\2025-03-12\layers\2025-03-12_B03.tif,data\raw\SummerSchool_Subset\images\2025-03-12\layers\2025-03-12_B02.tif,data\raw\SummerSchool_Subset\images\2025-03-12\layers\2025-03-12_VV.tif,data\raw\SummerSchool_Subset\images\2025-03-12\layers\2025-03-12_VH.tif,data\raw\SummerSchool_Subset\masks\2025_03_12.tiff,0 1 2 255,23314,0.9994855526022464,1,4.287061647946498e-05,11,0.0004715767812741,0,0.0,12,0.0005144473977535,train
2025-03-12,2025-03-12_r1568_c1568,7,7,1568,1568,224,224,670002.3139905898,6053134.317814715,672248.6942669598,6055379.6979485005,32387,0.6454679528061225,17789,True,True,True,data\raw\SummerSchool_Subset\images\2025-03-12\layers\2025-03-12_B04.tif,data\raw\SummerSchool_Subset\images\2025-03-12\layers\2025-03-12_B03.tif,data\raw\SummerSchool_Subset\images\2025-03-12\layers\2025-03-12_B02.tif,data\raw\SummerSchool_Subset\images\2025-03-12\layers\2025-03-12_VV.tif,data\raw\SummerSchool_Subset\images\2025-03-12\layers\2025-03-12_VH.tif,data\raw\SummerSchool_Subset\masks\2025_03_12.tiff,0 2 255,32363,0.9992589619291692,0,0.0,24,0.0007410380708308,0,0.0,24,0.0007410380708308,train
2025-03-12,2025-03-12_r1568_c1792,7,8,1568,1792,224,224,672248.6942669598,6053134.317814715,674495.0745433298,6055379.6979485005,23144,0.4612563775510204,27032,True,True,True,data\raw\SummerSchool_Subset\images\2025-03-12\layers\2025-03-12_B04.tif,data\raw\SummerSchool_Subset\images\2025-03-12\layers\2025-03-12_B03.tif,data\raw\SummerSchool_Subset\images\2025-03-12\layers\2025-03-12_B02.tif,data\raw\SummerSchool_Subset\images\2025-03-12\layers\2025-03-12_VV.tif,data\raw\SummerSchool_Subset\images\2025-03-12\layers\2025-03-12_VH.tif,data\raw\SummerSchool_Subset\masks\2025_03_12.tiff,0 1 2 3 255,22108,0.9552367784306948,17,0.0007345316280677,790,0.0341341168337366,229,0.0098945731075008,1036,0.0447632215693052,train
2025-03-12,2025-03-12_r1568_c2016,7,9,1568,2016,224,224,674495.0745433298,6053134.317814715,676741.4548196997,6055379.6979485005,20539,0.4093391262755102,29637,True,True,True,data\raw\SummerSchool_Subset\images\2025-03-12\layers\2025-03-12_B04.tif,data\raw\SummerSchool_Subset\images\2025-03-12\layers\2025-03-12_B03.tif,data\raw\SummerSchool_Subset\images\2025-03-12\layers\2025-03-12_B02.tif,data\raw\SummerSchool_Subset\images\2025-03-12\layers\2025-03-12_VV.tif,data\raw\SummerSchool_Subset\images\2025-03-12\layers\2025-03-12_VH.tif,data\raw\SummerSchool_Subset\masks\2025_03_12.tiff,0 1 2 3 255,18507,0.90106626418034,2,9.737572423194896e-05,1757,0.0855445737377671,273,0.013291786357661,2032,0.0989337358196601,train
2025-04-08,2025-04-08_r0000_c0672,0,3,0,672,224,224,661016.7928851099,6068851.978751215,663263.1731614799,6071097.358885,21677,0.4320192920918367,28499,True,True,True,data\raw\SummerSchool_Subset\images\2025-04-08\layers\2025-04-08_B04.tif,data\raw\SummerSchool_Subset\images\2025-04-08\layers\2025-04-08_B03.tif,data\raw\SummerSchool_Subset\images\2025-04-08\layers\2025-04-08_B02.tif,data\raw\SummerSchool_Subset\images\2025-04-08\layers\2025-04-08_VV.tif,data\raw\SummerSchool_Subset\images\2025-04-08\layers\2025-04-08_VH.tif,data\raw\SummerSchool_Subset\masks\2025_04_08.tiff,0 1 2 3 255,18975,0.8753517553166951,455,0.0209899893896756,1871,0.0863126816441389,376,0.0173455736494902,2702,0.1246482446833048,train
2025-04-08,2025-04-08_r0224_c0448,1,2,224,448,224,224,658770.4126087399,6066606.598617429,661016.7928851099,6068851.978751215,18298,0.3646763392857143,31878,True,True,True,data\raw\SummerSchool_Subset\images\2025-04-08\layers\2025-04-08_B04.tif,data\raw\SummerSchool_Subset\images\2025-04-08\layers\2025-04-08_B03.tif,data\raw\SummerSchool_Subset\images\2025-04-08\layers\2025-04-08_B02.tif,data\raw\SummerSchool_Subset\images\2025-04-08\layers\2025-04-08_VV.tif,data\raw\SummerSchool_Subset\images\2025-04-08\layers\2025-04-08_VH.tif,data\raw\SummerSchool_Subset\masks\2025_04_08.tiff,0 1 2 3 255,15615,0.853371953218931,1131,0.0618100338834845,1401,0.0765657448901519,151,0.0082522680074325,2683,0.1466280467810689,train
2025-04-08,2025-04-08_r0224_c0672,1,3,224,672,224,224,661016.7928851099,6066606.598617429,663263.1731614799,6068851.978751215,44431,0.8855030293367347,5745,True,True,True,data\raw\SummerSchool_Subset\images\2025-04-08\layers\2025-04-08_B04.tif,data\raw\SummerSchool_Subset\images\2025-04-08\layers\2025-04-08_B03.tif,data\raw\SummerSchool_Subset\images\2025-04-08\layers\2025-04-08_B02.tif,data\raw\SummerSchool_Subset\images\2025-04-08\layers\2025-04-08_VV.tif,data\raw\SummerSchool_Subset\images\2025-04-08\layers\2025-04-08_VH.tif,data\raw\SummerSchool_Subset\masks\2025_04_08.tiff,0 1 2 3 255,40588,0.9135063356665392,21,0.0004726429744997,3636,0.0818347550133915,186,0.0041862663455695,3843,0.0864936643334608,train
2025-04-08,2025-04-08_r0224_c2016,1,9,224,2016,224,224,674495.0745433298,6066606.598617429,676741.4548196997,6068851.978751215,19267,0.3839883609693877,30909,True,True,True,data\raw\SummerSchool_Subset\images\2025-04-08\layers\2025-04-08_B04.tif,data\raw\SummerSchool_Subset\images\2025-04-08\layers\2025-04-08_B03.tif,data\raw\SummerSchool_Subset\images\2025-04-08\layers\2025-04-08_B02.tif,data\raw\SummerSchool_Subset\images\2025-04-08\layers\2025-04-08_VV.tif,data\raw\SummerSchool_Subset\images\2025-04-08\layers\2025-04-08_VH.tif,data\raw\SummerSchool_Subset\masks\2025_04_08.tiff,0 1 2 3 255,16742,0.8689469040328022,64,0.0033217418383764,2188,0.1135620490994965,273,0.0141693050293247,2525,0.1310530959671978,train
2025-04-08,2025-04-08_r0448_c0448,2,2,448,448,224,224,658770.4126087399,6064361.218483644,661016.7928851099,6066606.598617429,34682,0.6912069515306123,15494,True,True,True,data\raw\SummerSchool_Subset\images\2025-04-08\layers\2025-04-08_B04.tif,data\raw\SummerSchool_Subset\images\2025-04-08\layers\2025-04-08_B03.tif,data\raw\SummerSchool_Subset\images\2025-04-08\layers\2025-04-08_B02.tif,data\raw\SummerSchool_Subset\images\2025-04-08\layers\2025-04-08_VV.tif,data\raw\SummerSchool_Subset\images\2025-04-08\layers\2025-04-08_VH.tif,data\raw\SummerSchool_Subset\masks\2025_04_08.tiff,0 1 2 3 255,32682,0.9423331987774638,833,0.0240182227091863,946,0.0272763969782596,221,0.0063721815350902,2000,0.0576668012225361,train
2025-04-08,2025-04-08_r0448_c0672,2,3,448,672,224,224,661016.7928851099,6064361.218483644,663263.1731614799,6066606.598617429,42563,0.848274075255102,7613,True,True,True,data\raw\SummerSchool_Subset\images\2025-04-08\layers\2025-04-08_B04.tif,data\raw\SummerSchool_Subset\images\2025-04-08\layers\2025-04-08_B03.tif,data\raw\SummerSchool_Subset\images\2025-04-08\layers\2025-04-08_B02.tif,data\raw\SummerSchool_Subset\images\2025-04-08\layers\2025-04-08_VV.tif,data\raw\SummerSchool_Subset\images\2025-04-08\layers\2025-04-08_VH.tif,data\raw\SummerSchool_Subset\masks\2025_04_08.tiff,0 1 2 3 255,40689,0.955971148650236,20,0.0004698916899654,1672,0.0392829452811127,182,0.0042760143786857,1874,0.0440288513497638,train
2025-04-08,2025-04-08_r0448_c0896,2,4,448,896,224,224,663263.1731614799,6064361.218483644,665509.5534378499,6066606.598617429,20124,0.4010682397959184,30052,True,True,True,data\raw\SummerSchool_Subset\images\2025-04-08\layers\2025-04-08_B04.tif,data\raw\SummerSchool_Subset\images\2025-04-08\layers\2025-04-08_B03.tif,data\raw\SummerSchool_Subset\images\2025-04-08\layers\2025-04-08_B02.tif,data\raw\SummerSchool_Subset\images\2025-04-08\layers\2025-04-08_VV.tif,data\raw\SummerSchool_Subset\images\2025-04-08\layers\2025-04-08_VH.tif,data\raw\SummerSchool_Subset\masks\2025_04_08.tiff,0 1 2 3 255,12052,0.5988869012124826,104,0.0051679586563307,7392,0.3673225998807394,576,0.0286225402504472,8072,0.4011130987875174,train
2025-04-08,2025-04-08_r0448_c1568,2,7,448,1568,224,224,670002.3139905898,6064361.218483644,672248.6942669598,6066606.598617429,24871,0.4956752232142857,25305,True,True,True,data\raw\SummerSchool_Subset\images\2025-04-08\layers\2025-04-08_B04.tif,data\raw\SummerSchool_Subset\images\2025-04-08\layers\2025-04-08_B03.tif,data\raw\SummerSchool_Subset\images\2025-04-08\layers\2025-04-08_B02.tif,data\raw\SummerSchool_Subset\images\2025-04-08\layers\2025-04-08_VV.tif,data\raw\SummerSchool_Subset\images\2025-04-08\layers\2025-04-08_VH.tif,data\raw\SummerSchool_Subset\masks\2025_04_08.tiff,0 1 2 3 255,22323,0.8975513650436251,8,0.0003216597643842,2066,0.0830686341522254,474,0.0190583410397651,2548,0.1024486349563748,train
2025-04-08,2025-04-08_r0448_c1792,2,8,448,1792,224,224,672248.6942669598,6064361.218483644,674495.0745433298,6066606.598617429,40378,0.8047273596938775,9798,True,True,True,data\raw\SummerSchool_Subset\images\2025-04-08\layers\2025-04-08_B04.tif,data\raw\SummerSchool_Subset\images\2025-04-08\layers\2025-04-08_B03.tif,data\raw\SummerSchool_Subset\images\2025-04-08\layers\2025-04-08_B02.tif,data\raw\SummerSchool_Subset\images\2025-04-08\layers\2025-04-08_VV.tif,data\raw\SummerSchool_Subset\images\2025-04-08\layers\2025-04-08_VH.tif,data\raw\SummerSchool_Subset\masks\2025_04_08.tiff,0 1 2 3 255,38841,0.9619347169250582,3,7.429788498687404e-05,1453,0.0359849422953093,81,0.0020060428946455,1537,0.0380652830749418,train
2025-04-08,2025-04-08_r0448_c2016,2,9,448,2016,224,224,674495.0745433298,6064361.218483644,676741.4548196997,6066606.598617429,42710,0.851203762755102,7466,True,True,True,data\raw\SummerSchool_Subset\images\2025-04-08\layers\2025-04-08_B04.tif,data\raw\SummerSchool_Subset\images\2025-04-08\layers\2025-04-08_B03.tif,data\raw\SummerSchool_Subset\images\2025-04-08\layers\2025-04-08_B02.tif,data\raw\SummerSchool_Subset\images\2025-04-08\layers\2025-04-08_VV.tif,data\raw\SummerSchool_Subset\images\2025-04-08\layers\2025-04-08_VH.tif,data\raw\SummerSchool_Subset\masks\2025_04_08.tiff,0 2,41292,0.9667993444158276,0,0.0,1418,0.0332006555841723,0,0.0,1418,0.0332006555841723,train
2025-04-08,2025-04-08_r0448_c2240,2,10,448,2240,224,224,676741.4548196997,6064361.218483644,678987.8350960697,6066606.598617429,27485,0.5477718431122449,22691,True,True,True,data\raw\SummerSchool_Subset\images\2025-04-08\layers\2025-04-08_B04.tif,data\raw\SummerSchool_Subset\images\2025-04-08\layers\2025-04-08_B03.tif,data\raw\SummerSchool_Subset\images\2025-04-08\layers\2025-04-08_B02.tif,data\raw\SummerSchool_Subset\images\2025-04-08\layers\2025-04-08_VV.tif,data\raw\SummerSchool_Subset\images\2025-04-08\layers\2025-04-08_VH.tif,data\raw\SummerSchool_Subset\masks\2025_04_08.tiff,0 1 2 3 255,23629,0.8597052937966163,626,0.0227760596689103,2928,0.1065308350009095,302,0.0109878115335637,3856,0.1402947062033836,train
2025-04-08,2025-04-08_r0672_c0448,3,2,672,448,224,224,658770.4126087399,6062115.838349857,661016.7928851099,6064361.218483644,29638,0.5906808035714286,20538,True,True,True,data\raw\SummerSchool_Subset\images\2025-04-08\layers\2025-04-08_B04.tif,data\raw\SummerSchool_Subset\images\2025-04-08\layers\2025-04-08_B03.tif,data\raw\SummerSchool_Subset\images\2025-04-08\layers\2025-04-08_B02.tif,data\raw\SummerSchool_Subset\images\2025-04-08\layers\2025-04-08_VV.tif,data\raw\SummerSchool_Subset\images\2025-04-08\layers\2025-04-08_VH.tif,data\raw\SummerSchool_Subset\masks\2025_04_08.tiff,0 1 2 3 255,29039,0.9797894594776976,5,0.0001687023415885,588,0.0198393953708077,6,0.0002024428099062,599,0.0202105405223024,train
2025-04-08,2025-04-08_r0672_c0672,3,3,672,672,224,224,661016.7928851099,6062115.838349857,663263.1731614799,6064361.218483644,41242,0.8219467474489796,8934,True,True,True,data\raw\SummerSchool_Subset\images\2025-04-08\layers\2025-04-08_B04.tif,data\raw\SummerSchool_Subset\images\2025-04-08\layers\2025-04-08_B03.tif,data\raw\SummerSchool_Subset\images\2025-04-08\layers\2025-04-08_B02.tif,data\raw\SummerSchool_Subset\images\2025-04-08\layers\2025-04-08_VV.tif,data\raw\SummerSchool_Subset\images\2025-04-08\layers\2025-04-08_VH.tif,data\raw\SummerSchool_Subset\masks\2025_04_08.tiff,0 1 2,40637,0.985330488337132,1,2.4247126715484216e-05,604,0.0146452645361524,0,0.0,605,0.0146695116628679,train
2025-04-08,2025-04-08_r0672_c0896,3,4,672,896,224,224,663263.1731614799,6062115.838349857,665509.5534378499,6064361.218483644,40828,0.8136957908163265,9348,True,True,True,data\raw\SummerSchool_Subset\images\2025-04-08\layers\2025-04-08_B04.tif,data\raw\SummerSchool_Subset\images\2025-04-08\layers\2025-04-08_B03.tif,data\raw\SummerSchool_Subset\images\2025-04-08\layers\2025-04-08_B02.tif,data\raw\SummerSchool_Subset\images\2025-04-08\layers\2025-04-08_VV.tif,data\raw\SummerSchool_Subset\images\2025-04-08\layers\2025-04-08_VH.tif,data\raw\SummerSchool_Subset\masks\2025_04_08.tiff,0 1 2 3 255,39530,0.9682080924855492,4,9.797198001371608e-05,1289,0.03157147055942,5,0.0001224649750171,1298,0.0317919075144508,train
2025-04-08,2025-04-08_r0672_c1120,3,5,672,1120,224,224,665509.5534378499,6062115.838349857,667755.9337142198,6064361.218483644,40645,0.8100486288265306,9531,True,True,True,data\raw\SummerSchool_Subset\images\2025-04-08\layers\2025-04-08_B04.tif,data\raw\SummerSchool_Subset\images\2025-04-08\layers\2025-04-08_B03.tif,data\raw\SummerSchool_Subset\images\2025-04-08\layers\2025-04-08_B02.tif,data\raw\SummerSchool_Subset\images\2025-04-08\layers\2025-04-08_VV.tif,data\raw\SummerSchool_Subset\images\2025-04-08\layers\2025-04-08_VH.tif,data\raw\SummerSchool_Subset\masks\2025_04_08.tiff,0 2,40337,0.992422192151556,0,0.0,308,0.0075778078484438,0,0.0,308,0.0075778078484438,train
2025-04-08,2025-04-08_r0672_c1344,3,6,672,1344,224,224,667755.9337142198,6062115.838349857,670002.3139905898,6064361.218483644,39122,0.7796954719387755,11054,True,True,True,data\raw\SummerSchool_Subset\images\2025-04-08\layers\2025-04-08_B04.tif,data\raw\SummerSchool_Subset\images\2025-04-08\layers\2025-04-08_B03.tif,data\raw\SummerSchool_Subset\images\2025-04-08\layers\2025-04-08_B02.tif,data\raw\SummerSchool_Subset\images\2025-04-08\layers\2025-04-08_VV.tif,data\raw\SummerSchool_Subset\images\2025-04-08\layers\2025-04-08_VH.tif,data\raw\SummerSchool_Subset\masks\2025_04_08.tiff,0 1 2 255,38836,0.9926895352998312,2,5.112213077041051e-05,284,0.0072593425693982,0,0.0,286,0.0073104647001687,train
2025-04-08,2025-04-08_r0672_c1568,3,7,672,1568,224,224,670002.3139905898,6062115.838349857,672248.6942669598,6064361.218483644,40213,0.8014389349489796,9963,True,True,True,data\raw\SummerSchool_Subset\images\2025-04-08\layers\2025-04-08_B04.tif,data\raw\SummerSchool_Subset\images\2025-04-08\layers\2025-04-08_B03.tif,data\raw\SummerSchool_Subset\images\2025-04-08\layers\2025-04-08_B02.tif,data\raw\SummerSchool_Subset\images\2025-04-08\layers\2025-04-08_VV.tif,data\raw\SummerSchool_Subset\images\2025-04-08\layers\2025-04-08_VH.tif,data\raw\SummerSchool_Subset\masks\2025_04_08.tiff,0 2,39945,0.9933354885236118,0,0.0,268,0.0066645114763882,0,0.0,268,0.0066645114763882,train
2025-04-08,2025-04-08_r0672_c1792,3,8,672,1792,224,224,672248.6942669598,6062115.838349857,674495.0745433298,6064361.218483644,41320,0.8235012755102041,8856,True,True,True,data\raw\SummerSchool_Subset\images\2025-04-08\layers\2025-04-08_B04.tif,data\raw\SummerSchool_Subset\images\2025-04-08\layers\2025-04-08_B03.tif,data\raw\SummerSchool_Subset\images\2025-04-08\layers\2025-04-08_B02.tif,data\raw\SummerSchool_Subset\images\2025-04-08\layers\2025-04-08_VV.tif,data\raw\SummerSchool_Subset\images\2025-04-08\layers\2025-04-08_VH.tif,data\raw\SummerSchool_Subset\masks\2025_04_08.tiff,0 2,40825,0.9880203291384316,0,0.0,495,0.0119796708615682,0,0.0,495,0.0119796708615682,train
2025-04-08,2025-04-08_r0672_c2016,3,9,672,2016,224,224,674495.0745433298,6062115.838349857,676741.4548196997,6064361.218483644,40408,0.8053252551020408,9768,True,True,True,data\raw\SummerSchool_Subset\images\2025-04-08\layers\2025-04-08_B04.tif,data\raw\SummerSchool_Subset\images\2025-04-08\layers\2025-04-08_B03.tif,data\raw\SummerSchool_Subset\images\2025-04-08\layers\2025-04-08_B02.tif,data\raw\SummerSchool_Subset\images\2025-04-08\layers\2025-04-08_VV.tif,data\raw\SummerSchool_Subset\images\2025-04-08\layers\2025-04-08_VH.tif,data\raw\SummerSchool_Subset\masks\2025_04_08.tiff,0 1 2 3 255,38316,0.9482280736487824,8,0.0001979805979014,2012,0.0497921203722035,72,0.0017818253811126,2092,0.0517719263512175,train
2025-04-08,2025-04-08_r0896_c0448,4,2,896,448,224,224,658770.4126087399,6059870.458216072,661016.7928851099,6062115.838349857,20987,0.4182676977040816,29189,True,True,True,data\raw\SummerSchool_Subset\images\2025-04-08\layers\2025-04-08_B04.tif,data\raw\SummerSchool_Subset\images\2025-04-08\layers\2025-04-08_B03.tif,data\raw\SummerSchool_Subset\images\2025-04-08\layers\2025-04-08_B02.tif,data\raw\SummerSchool_Subset\images\2025-04-08\layers\2025-04-08_VV.tif,data\raw\SummerSchool_Subset\images\2025-04-08\layers\2025-04-08_VH.tif,data\raw\SummerSchool_Subset\masks\2025_04_08.tiff,0 1 2 3 255,19583,0.9331014437508934,194,0.0092438176013722,1097,0.0522704531376566,113,0.0053842855100776,1404,0.0668985562491066,train
2025-04-08,2025-04-08_r0896_c0672,4,3,896,672,224,224,661016.7928851099,6059870.458216072,663263.1731614799,6062115.838349857,41362,0.8243383290816326,8814,True,True,True,data\raw\SummerSchool_Subset\images\2025-04-08\layers\2025-04-08_B04.tif,data\raw\SummerSchool_Subset\images\2025-04-08\layers\2025-04-08_B03.tif,data\raw\SummerSchool_Subset\images\2025-04-08\layers\2025-04-08_B02.tif,data\raw\SummerSchool_Subset\images\2025-04-08\layers\2025-04-08_VV.tif,data\raw\SummerSchool_Subset\images\2025-04-08\layers\2025-04-08_VH.tif,data\raw\SummerSchool_Subset\masks\2025_04_08.tiff,0 1 2 255,41020,0.9917315410279968,21,0.0005077123930177,321,0.0077607465789855,0,0.0,342,0.0082684589720032,train
2025-04-08,2025-04-08_r0896_c0896,4,4,896,896,224,224,663263.1731614799,6059870.458216072,665509.5534378499,6062115.838349857,40341,0.8039899553571429,9835,True,True,True,data\raw\SummerSchool_Subset\images\2025-04-08\layers\2025-04-08_B04.tif,data\raw\SummerSchool_Subset\images\2025-04-08\layers\2025-04-08_B03.tif,data\raw\SummerSchool_Subset\images\2025-04-08\layers\2025-04-08_B02.tif,data\raw\SummerSchool_Subset\images\2025-04-08\layers\2025-04-08_VV.tif,data\raw\SummerSchool_Subset\images\2025-04-08\layers\2025-04-08_VH.tif,data\raw\SummerSchool_Subset\masks\2025_04_08.tiff,0 2,40162,0.9955628269006718,0,0.0,179,0.0044371730993282,0,0.0,179,0.0044371730993282,train
2025-04-08,2025-04-08_r0896_c1120,4,5,896,1120,224,224,665509.5534378499,6059870.458216072,667755.9337142198,6062115.838349857,40317,0.8035116390306123,9859,True,True,True,data\raw\SummerSchool_Subset\images\2025-04-08\layers\2025-04-08_B04.tif,data\raw\SummerSchool_Subset\images\2025-04-08\layers\2025-04-08_B03.tif,data\raw\SummerSchool_Subset\images\2025-04-08\layers\2025-04-08_B02.tif,data\raw\SummerSchool_Subset\images\2025-04-08\layers\2025-04-08_VV.tif,data\raw\SummerSchool_Subset\images\2025-04-08\layers\2025-04-08_VH.tif,data\raw\SummerSchool_Subset\masks\2025_04_08.tiff,0 2,40267,0.998759828360245,0,0.0,50,0.0012401716397549,0,0.0,50,0.0012401716397549,train
2025-04-08,2025-04-08_r0896_c1344,4,6,896,1344,224,224,667755.9337142198,6059870.458216072,670002.3139905898,6062115.838349857,39640,0.7900191326530612,10536,True,True,True,data\raw\SummerSchool_Subset\images\2025-04-08\layers\2025-04-08_B04.tif,data\raw\SummerSchool_Subset\images\2025-04-08\layers\2025-04-08_B03.tif,data\raw\SummerSchool_Subset\images\2025-04-08\layers\2025-04-08_B02.tif,data\raw\SummerSchool_Subset\images\2025-04-08\layers\2025-04-08_VV.tif,data\raw\SummerSchool_Subset\images\2025-04-08\layers\2025-04-08_VH.tif,data\raw\SummerSchool_Subset\masks\2025_04_08.tiff,0 2,39600,0.9989909182643796,0,0.0,40,0.0010090817356205,0,0.0,40,0.0010090817356205,train
2025-04-08,2025-04-08_r0896_c1568,4,7,896,1568,224,224,670002.3139905898,6059870.458216072,672248.6942669598,6062115.838349857,40659,0.8103276466836735,9517,True,True,True,data\raw\SummerSchool_Subset\images\2025-04-08\layers\2025-04-08_B04.tif,data\raw\SummerSchool_Subset\images\2025-04-08\layers\2025-04-08_B03.tif,data\raw\SummerSchool_Subset\images\2025-04-08\layers\2025-04-08_B02.tif,data\raw\SummerSchool_Subset\images\2025-04-08\layers\2025-04-08_VV.tif,data\raw\SummerSchool_Subset\images\2025-04-08\layers\2025-04-08_VH.tif,data\raw\SummerSchool_Subset\masks\2025_04_08.tiff,0 2,40591,0.9983275535551784,0,0.0,68,0.0016724464448215,0,0.0,68,0.0016724464448215,train
2025-04-08,2025-04-08_r0896_c1792,4,8,896,1792,224,224,672248.6942669598,6059870.458216072,674495.0745433298,6062115.838349857,40309,0.803352200255102,9867,True,True,True,data\raw\SummerSchool_Subset\images\2025-04-08\layers\2025-04-08_B04.tif,data\raw\SummerSchool_Subset\images\2025-04-08\layers\2025-04-08_B03.tif,data\raw\SummerSchool_Subset\images\2025-04-08\layers\2025-04-08_B02.tif,data\raw\SummerSchool_Subset\images\2025-04-08\layers\2025-04-08_VV.tif,data\raw\SummerSchool_Subset\images\2025-04-08\layers\2025-04-08_VH.tif,data\raw\SummerSchool_Subset\masks\2025_04_08.tiff,0 2,39793,0.9871988885856756,0,0.0,516,0.0128011114143243,0,0.0,516,0.0128011114143243,train
2025-04-08,2025-04-08_r0896_c2016,4,9,896,2016,224,224,674495.0745433298,6059870.458216072,676741.4548196997,6062115.838349857,18028,0.3592952806122449,32148,True,True,True,data\raw\SummerSchool_Subset\images\2025-04-08\layers\2025-04-08_B04.tif,data\raw\SummerSchool_Subset\images\2025-04-08\layers\2025-04-08_B03.tif,data\raw\SummerSchool_Subset\images\2025-04-08\layers\2025-04-08_B02.tif,data\raw\SummerSchool_Subset\images\2025-04-08\layers\2025-04-08_VV.tif,data\raw\SummerSchool_Subset\images\2025-04-08\layers\2025-04-08_VH.tif,data\raw\SummerSchool_Subset\masks\2025_04_08.tiff,0 1 2 3 255,15646,0.8678721988018637,45,0.0024961171510982,2048,0.1136010650099844,289,0.0160306190370534,2382,0.1321278011981362,train
2025-04-08,2025-04-08_r1120_c0672,5,3,1120,672,224,224,661016.7928851099,6057625.078082287,663263.1731614799,6059870.458216072,39715,0.7915138711734694,10461,True,True,True,data\raw\SummerSchool_Subset\images\2025-04-08\layers\2025-04-08_B04.tif,data\raw\SummerSchool_Subset\images\2025-04-08\layers\2025-04-08_B03.tif,data\raw\SummerSchool_Subset\images\2025-04-08\layers\2025-04-08_B02.tif,data\raw\SummerSchool_Subset\images\2025-04-08\layers\2025-04-08_VV.tif,data\raw\SummerSchool_Subset\images\2025-04-08\layers\2025-04-08_VH.tif,data\raw\SummerSchool_Subset\masks\2025_04_08.tiff,0 1 2 3 255,38564,0.9710185068613874,13,0.0003273322422258,1018,0.0256326325066095,120,0.0030215283897771,1151,0.0289814931386126,train
2025-04-08,2025-04-08_r1120_c0896,5,4,1120,896,224,224,663263.1731614799,6057625.078082287,665509.5534378499,6059870.458216072,40360,0.8043686224489796,9816,True,True,True,data\raw\SummerSchool_Subset\images\2025-04-08\layers\2025-04-08_B04.tif,data\raw\SummerSchool_Subset\images\2025-04-08\layers\2025-04-08_B03.tif,data\raw\SummerSchool_Subset\images\2025-04-08\layers\2025-04-08_B02.tif,data\raw\SummerSchool_Subset\images\2025-04-08\layers\2025-04-08_VV.tif,data\raw\SummerSchool_Subset\images\2025-04-08\layers\2025-04-08_VH.tif,data\raw\SummerSchool_Subset\masks\2025_04_08.tiff,0 1 2 255,40265,0.9976461843409316,9,0.000222993062438,86,0.0021308225966303,0,0.0,95,0.0023538156590683,train
2025-04-08,2025-04-08_r1120_c1120,5,5,1120,1120,224,224,665509.5534378499,6057625.078082287,667755.9337142198,6059870.458216072,38238,0.762077487244898,11938,True,True,True,data\raw\SummerSchool_Subset\images\2025-04-08\layers\2025-04-08_B04.tif,data\raw\SummerSchool_Subset\images\2025-04-08\layers\2025-04-08_B03.tif,data\raw\SummerSchool_Subset\images\2025-04-08\layers\2025-04-08_B02.tif,data\raw\SummerSchool_Subset\images\2025-04-08\layers\2025-04-08_VV.tif,data\raw\SummerSchool_Subset\images\2025-04-08\layers\2025-04-08_VH.tif,data\raw\SummerSchool_Subset\masks\2025_04_08.tiff,0 2 255,38147,0.9976201684188504,0,0.0,91,0.0023798315811496,0,0.0,91,0.0023798315811496,train
2025-04-08,2025-04-08_r1120_c1344,5,6,1120,1344,224,224,667755.9337142198,6057625.078082287,670002.3139905898,6059870.458216072,37557,0.7485052614795918,12619,True,True,True,data\raw\SummerSchool_Subset\images\2025-04-08\layers\2025-04-08_B04.tif,data\raw\SummerSchool_Subset\images\2025-04-08\layers\2025-04-08_B03.tif,data\raw\SummerSchool_Subset\images\2025-04-08\layers\2025-04-08_B02.tif,data\raw\SummerSchool_Subset\images\2025-04-08\layers\2025-04-08_VV.tif,data\raw\SummerSchool_Subset\images\2025-04-08\layers\2025-04-08_VH.tif,data\raw\SummerSchool_Subset\masks\2025_04_08.tiff,0 2,37522,0.9990680831802328,0,0.0,35,0.0009319168197672,0,0.0,35,0.0009319168197672,train
2025-04-08,2025-04-08_r1120_c1568,5,7,1120,1568,224,224,670002.3139905898,6057625.078082287,672248.6942669598,6059870.458216072,38779,0.7728595344387755,11397,True,True,True,data\raw\SummerSchool_Subset\images\2025-04-08\layers\2025-04-08_B04.tif,data\raw\SummerSchool_Subset\images\2025-04-08\layers\2025-04-08_B03.tif,data\raw\SummerSchool_Subset\images\2025-04-08\layers\2025-04-08_B02.tif,data\raw\SummerSchool_Subset\images\2025-04-08\layers\2025-04-08_VV.tif,data\raw\SummerSchool_Subset\images\2025-04-08\layers\2025-04-08_VH.tif,data\raw\SummerSchool_Subset\masks\2025_04_08.tiff,0 2,38732,0.9987880038164986,0,0.0,47,0.0012119961835013,0,0.0,47,0.0012119961835013,train
2025-04-08,2025-04-08_r1120_c1792,5,8,1120,1792,224,224,672248.6942669598,6057625.078082287,674495.0745433298,6059870.458216072,36797,0.7333585778061225,13379,True,True,True,data\raw\SummerSchool_Subset\images\2025-04-08\layers\2025-04-08_B04.tif,data\raw\SummerSchool_Subset\images\2025-04-08\layers\2025-04-08_B03.tif,data\raw\SummerSchool_Subset\images\2025-04-08\layers\2025-04-08_B02.tif,data\raw\SummerSchool_Subset\images\2025-04-08\layers\2025-04-08_VV.tif,data\raw\SummerSchool_Subset\images\2025-04-08\layers\2025-04-08_VH.tif,data\raw\SummerSchool_Subset\masks\2025_04_08.tiff,0 1 2 3 255,34245,0.930646520096747,5,0.0001358806424436,2054,0.0558197679158627,493,0.0133978313449466,2552,0.0693534799032529,train
2025-04-08,2025-04-08_r1344_c0672,6,3,1344,672,224,224,661016.7928851099,6055379.6979485005,663263.1731614799,6057625.078082287,40681,0.8107661033163265,9495,True,True,True,data\raw\SummerSchool_Subset\images\2025-04-08\layers\2025-04-08_B04.tif,data\raw\SummerSchool_Subset\images\2025-04-08\layers\2025-04-08_B03.tif,data\raw\SummerSchool_Subset\images\2025-04-08\layers\2025-04-08_B02.tif,data\raw\SummerSchool_Subset\images\2025-04-08\layers\2025-04-08_VV.tif,data\raw\SummerSchool_Subset\images\2025-04-08\layers\2025-04-08_VH.tif,data\raw\SummerSchool_Subset\masks\2025_04_08.tiff,0 1 2 3 255,38744,0.9523856345714216,364,0.0089476659865785,1369,0.0336520734495218,204,0.005014625992478,1937,0.0476143654285784,train
2025-04-08,2025-04-08_r1344_c0896,6,4,1344,896,224,224,663263.1731614799,6055379.6979485005,665509.5534378499,6057625.078082287,38872,0.7747130102040817,11304,True,True,True,data\raw\SummerSchool_Subset\images\2025-04-08\layers\2025-04-08_B04.tif,data\raw\SummerSchool_Subset\images\2025-04-08\layers\2025-04-08_B03.tif,data\raw\SummerSchool_Subset\images\2025-04-08\layers\2025-04-08_B02.tif,data\raw\SummerSchool_Subset\images\2025-04-08\layers\2025-04-08_VV.tif,data\raw\SummerSchool_Subset\images\2025-04-08\layers\2025-04-08_VH.tif,data\raw\SummerSchool_Subset\masks\2025_04_08.tiff,0 2,38687,0.995240790286067,0,0.0,185,0.0047592097139329,0,0.0,185,0.0047592097139329,train
2025-04-08,2025-04-08_r1344_c1120,6,5,1344,1120,224,224,665509.5534378499,6055379.6979485005,667755.9337142198,6057625.078082287,36120,0.7198660714285714,14056,True,True,True,data\raw\SummerSchool_Subset\images\2025-04-08\layers\2025-04-08_B04.tif,data\raw\SummerSchool_Subset\images\2025-04-08\layers\2025-04-08_B03.tif,data\raw\SummerSchool_Subset\images\2025-04-08\layers\2025-04-08_B02.tif,data\raw\SummerSchool_Subset\images\2025-04-08\layers\2025-04-08_VV.tif,data\raw\SummerSchool_Subset\images\2025-04-08\layers\2025-04-08_VH.tif,data\raw\SummerSchool_Subset\masks\2025_04_08.tiff,0 1 2 3 255,35988,0.996345514950166,3,8.305647840531562e-05,114,0.0031561461794019,15,0.0004152823920265,132,0.0036544850498338,train
2025-04-08,2025-04-08_r1344_c1344,6,6,1344,1344,224,224,667755.9337142198,6055379.6979485005,670002.3139905898,6057625.078082287,37185,0.7410913584183674,12991,True,True,True,data\raw\SummerSchool_Subset\images\2025-04-08\layers\2025-04-08_B04.tif,data\raw\SummerSchool_Subset\images\2025-04-08\layers\2025-04-08_B03.tif,data\raw\SummerSchool_Subset\images\2025-04-08\layers\2025-04-08_B02.tif,data\raw\SummerSchool_Subset\images\2025-04-08\layers\2025-04-08_VV.tif,data\raw\SummerSchool_Subset\images\2025-04-08\layers\2025-04-08_VH.tif,data\raw\SummerSchool_Subset\masks\2025_04_08.tiff,0 2,37064,0.9967459997310744,0,0.0,121,0.0032540002689256,0,0.0,121,0.0032540002689256,train
2025-04-08,2025-04-08_r1344_c1568,6,7,1344,1568,224,224,670002.3139905898,6055379.6979485005,672248.6942669598,6057625.078082287,38532,0.767936862244898,11644,True,True,True,data\raw\SummerSchool_Subset\images\2025-04-08\layers\2025-04-08_B04.tif,data\raw\SummerSchool_Subset\images\2025-04-08\layers\2025-04-08_B03.tif,data\raw\SummerSchool_Subset\images\2025-04-08\layers\2025-04-08_B02.tif,data\raw\SummerSchool_Subset\images\2025-04-08\layers\2025-04-08_VV.tif,data\raw\SummerSchool_Subset\images\2025-04-08\layers\2025-04-08_VH.tif,data\raw\SummerSchool_Subset\masks\2025_04_08.tiff,0 2,38375,0.9959254645489464,0,0.0,157,0.0040745354510536,0,0.0,157,0.0040745354510536,train
2025-04-08,2025-04-08_r1344_c1792,6,8,1344,1792,224,224,672248.6942669598,6055379.6979485005,674495.0745433298,6057625.078082287,29653,0.5909797512755102,20523,True,True,True,data\raw\SummerSchool_Subset\images\2025-04-08\layers\2025-04-08_B04.tif,data\raw\SummerSchool_Subset\images\2025-04-08\layers\2025-04-08_B03.tif,data\raw\SummerSchool_Subset\images\2025-04-08\layers\2025-04-08_B02.tif,data\raw\SummerSchool_Subset\images\2025-04-08\layers\2025-04-08_VV.tif,data\raw\SummerSchool_Subset\images\2025-04-08\layers\2025-04-08_VH.tif,data\raw\SummerSchool_Subset\masks\2025_04_08.tiff,0 1 2 3 255,27226,0.9181533065794356,2,6.744680133544667e-05,2158,0.0727750986409469,267,0.0090041479782821,2427,0.0818466934205645,train
2025-04-08,2025-04-08_r1568_c0672,7,3,1568,672,224,224,661016.7928851099,6053134.317814715,663263.1731614799,6055379.6979485005,41095,0.8190170599489796,9081,True,True,True,data\raw\SummerSchool_Subset\images\2025-04-08\layers\2025-04-08_B04.tif,data\raw\SummerSchool_Subset\images\2025-04-08\layers\2025-04-08_B03.tif,data\raw\SummerSchool_Subset\images\2025-04-08\layers\2025-04-08_B02.tif,data\raw\SummerSchool_Subset\images\2025-04-08\layers\2025-04-08_VV.tif,data\raw\SummerSchool_Subset\images\2025-04-08\layers\2025-04-08_VH.tif,data\raw\SummerSchool_Subset\masks\2025_04_08.tiff,0 1 2 3 255,40502,0.9855700206837816,41,0.0009976882832461,513,0.0124832704708602,39,0.0009490205621121,593,0.0144299793162185,train
2025-04-08,2025-04-08_r1568_c0896,7,4,1568,896,224,224,663263.1731614799,6053134.317814715,665509.5534378499,6055379.6979485005,38721,0.7717036033163265,11455,True,True,True,data\raw\SummerSchool_Subset\images\2025-04-08\layers\2025-04-08_B04.tif,data\raw\SummerSchool_Subset\images\2025-04-08\layers\2025-04-08_B03.tif,data\raw\SummerSchool_Subset\images\2025-04-08\layers\2025-04-08_B02.tif,data\raw\SummerSchool_Subset\images\2025-04-08\layers\2025-04-08_VV.tif,data\raw\SummerSchool_Subset\images\2025-04-08\layers\2025-04-08_VH.tif,data\raw\SummerSchool_Subset\masks\2025_04_08.tiff,0 2,38502,0.994344154334857,0,0.0,219,0.0056558456651429,0,0.0,219,0.0056558456651429,train
2025-04-08,2025-04-08_r1568_c1120,7,5,1568,1120,224,224,665509.5534378499,6053134.317814715,667755.9337142198,6055379.6979485005,37482,0.7470105229591837,12694,True,True,True,data\raw\SummerSchool_Subset\images\2025-04-08\layers\2025-04-08_B04.tif,data\raw\SummerSchool_Subset\images\2025-04-08\layers\2025-04-08_B03.tif,data\raw\SummerSchool_Subset\images\2025-04-08\layers\2025-04-08_B02.tif,data\raw\SummerSchool_Subset\images\2025-04-08\layers\2025-04-08_VV.tif,data\raw\SummerSchool_Subset\images\2025-04-08\layers\2025-04-08_VH.tif,data\raw\SummerSchool_Subset\masks\2025_04_08.tiff,0 2,37364,0.9968518222079932,0,0.0,118,0.0031481777920068,0,0.0,118,0.0031481777920068,train
2025-04-08,2025-04-08_r1568_c1344,7,6,1568,1344,224,224,667755.9337142198,6053134.317814715,670002.3139905898,6055379.6979485005,36676,0.7309470663265306,13500,True,True,True,data\raw\SummerSchool_Subset\images\2025-04-08\layers\2025-04-08_B04.tif,data\raw\SummerSchool_Subset\images\2025-04-08\layers\2025-04-08_B03.tif,data\raw\SummerSchool_Subset\images\2025-04-08\layers\2025-04-08_B02.tif,data\raw\SummerSchool_Subset\images\2025-04-08\layers\2025-04-08_VV.tif,data\raw\SummerSchool_Subset\images\2025-04-08\layers\2025-04-08_VH.tif,data\raw\SummerSchool_Subset\masks\2025_04_08.tiff,0 2,36407,0.992665503326426,0,0.0,269,0.007334496673574,0,0.0,269,0.007334496673574,train
2025-04-08,2025-04-08_r1568_c1568,7,7,1568,1568,224,224,670002.3139905898,6053134.317814715,672248.6942669598,6055379.6979485005,37395,0.7452766262755102,12781,True,True,True,data\raw\SummerSchool_Subset\images\2025-04-08\layers\2025-04-08_B04.tif,data\raw\SummerSchool_Subset\images\2025-04-08\layers\2025-04-08_B03.tif,data\raw\SummerSchool_Subset\images\2025-04-08\layers\2025-04-08_B02.tif,data\raw\SummerSchool_Subset\images\2025-04-08\layers\2025-04-08_VV.tif,data\raw\SummerSchool_Subset\images\2025-04-08\layers\2025-04-08_VH.tif,data\raw\SummerSchool_Subset\masks\2025_04_08.tiff,0 2,37132,0.992966974194411,0,0.0,263,0.0070330258055889,0,0.0,263,0.0070330258055889,train
2025-04-08,2025-04-08_r1568_c1792,7,8,1568,1792,224,224,672248.6942669598,6053134.317814715,674495.0745433298,6055379.6979485005,32161,0.6409638073979592,18015,True,True,True,data\raw\SummerSchool_Subset\images\2025-04-08\layers\2025-04-08_B04.tif,data\raw\SummerSchool_Subset\images\2025-04-08\layers\2025-04-08_B03.tif,data\raw\SummerSchool_Subset\images\2025-04-08\layers\2025-04-08_B02.tif,data\raw\SummerSchool_Subset\images\2025-04-08\layers\2025-04-08_VV.tif,data\raw\SummerSchool_Subset\images\2025-04-08\layers\2025-04-08_VH.tif,data\raw\SummerSchool_Subset\masks\2025_04_08.tiff,0 1 2 3 255,30330,0.94306769068126,13,0.000404216286807,1611,0.0500917260035446,207,0.0064363670283884,1831,0.05693230931874,train
2025-04-08,2025-04-08_r1568_c2016,7,9,1568,2016,224,224,674495.0745433298,6053134.317814715,676741.4548196997,6055379.6979485005,30011,0.5981146364795918,20165,True,True,True,data\raw\SummerSchool_Subset\images\2025-04-08\layers\2025-04-08_B04.tif,data\raw\SummerSchool_Subset\images\2025-04-08\layers\2025-04-08_B03.tif,data\raw\SummerSchool_Subset\images\2025-04-08\layers\2025-04-08_B02.tif,data\raw\SummerSchool_Subset\images\2025-04-08\layers\2025-04-08_VV.tif,data\raw\SummerSchool_Subset\images\2025-04-08\layers\2025-04-08_VH.tif,data\raw\SummerSchool_Subset\masks\2025_04_08.tiff,0 1 2 3 255,24141,0.8044050514811236,2213,0.0737396288027723,2860,0.0952983905901169,797,0.0265569291259871,5870,0.1955949485188764,train
2025-04-08,2025-04-08_r1792_c0448,8,2,1792,448,224,224,658770.4126087399,6050888.937680929,661016.7928851099,6053134.317814715,29123,0.5804169323979592,21053,True,True,True,data\raw\SummerSchool_Subset\images\2025-04-08\layers\2025-04-08_B04.tif,data\raw\SummerSchool_Subset\images\2025-04-08\layers\2025-04-08_B03.tif,data\raw\SummerSchool_Subset\images\2025-04-08\layers\2025-04-08_B02.tif,data\raw\SummerSchool_Subset\images\2025-04-08\layers\2025-04-08_VV.tif,data\raw\SummerSchool_Subset\images\2025-04-08\layers\2025-04-08_VH.tif,data\raw\SummerSchool_Subset\masks\2025_04_08.tiff,0 1 2 3 255,26452,0.908285547505408,1391,0.0477629365106616,1163,0.0399340727260241,117,0.0040174432579061,2671,0.0917144524945919,train
2025-04-08,2025-04-08_r1792_c0672,8,3,1792,672,224,224,661016.7928851099,6050888.937680929,663263.1731614799,6053134.317814715,39884,0.7948820153061225,10292,True,True,True,data\raw\SummerSchool_Subset\images\2025-04-08\layers\2025-04-08_B04.tif,data\raw\SummerSchool_Subset\images\2025-04-08\layers\2025-04-08_B03.tif,data\raw\SummerSchool_Subset\images\2025-04-08\layers\2025-04-08_B02.tif,data\raw\SummerSchool_Subset\images\2025-04-08\layers\2025-04-08_VV.tif,data\raw\SummerSchool_Subset\images\2025-04-08\layers\2025-04-08_VH.tif,data\raw\SummerSchool_Subset\masks\2025_04_08.tiff,0 2,39797,0.9978186741550495,0,0.0,87,0.0021813258449503,0,0.0,87,0.0021813258449503,train
2025-04-08,2025-04-08_r1792_c0896,8,4,1792,896,224,224,663263.1731614799,6050888.937680929,665509.5534378499,6053134.317814715,38244,0.7621970663265306,11932,True,True,True,data\raw\SummerSchool_Subset\images\2025-04-08\layers\2025-04-08_B04.tif,data\raw\SummerSchool_Subset\images\2025-04-08\layers\2025-04-08_B03.tif,data\raw\SummerSchool_Subset\images\2025-04-08\layers\2025-04-08_B02.tif,data\raw\SummerSchool_Subset\images\2025-04-08\layers\2025-04-08_VV.tif,data\raw\SummerSchool_Subset\images\2025-04-08\layers\2025-04-08_VH.tif,data\raw\SummerSchool_Subset\masks\2025_04_08.tiff,0 2,38164,0.9979081686016108,0,0.0,80,0.0020918313983892,0,0.0,80,0.0020918313983892,train
2025-04-08,2025-04-08_r1792_c1120,8,5,1792,1120,224,224,665509.5534378499,6050888.937680929,667755.9337142198,6053134.317814715,36598,0.7293925382653061,13578,True,True,True,data\raw\SummerSchool_Subset\images\2025-04-08\layers\2025-04-08_B04.tif,data\raw\SummerSchool_Subset\images\2025-04-08\layers\2025-04-08_B03.tif,data\raw\SummerSchool_Subset\images\2025-04-08\layers\2025-04-08_B02.tif,data\raw\SummerSchool_Subset\images\2025-04-08\layers\2025-04-08_VV.tif,data\raw\SummerSchool_Subset\images\2025-04-08\layers\2025-04-08_VH.tif,data\raw\SummerSchool_Subset\masks\2025_04_08.tiff,0 2 255,36554,0.9987977485108476,0,0.0,44,0.0012022514891524,0,0.0,44,0.0012022514891524,train
2025-04-08,2025-04-08_r1792_c1344,8,6,1792,1344,224,224,667755.9337142198,6050888.937680929,670002.3139905898,6053134.317814715,36203,0.7215202487244898,13973,True,True,True,data\raw\SummerSchool_Subset\images\2025-04-08\layers\2025-04-08_B04.tif,data\raw\SummerSchool_Subset\images\2025-04-08\layers\2025-04-08_B03.tif,data\raw\SummerSchool_Subset\images\2025-04-08\layers\2025-04-08_B02.tif,data\raw\SummerSchool_Subset\images\2025-04-08\layers\2025-04-08_VV.tif,data\raw\SummerSchool_Subset\images\2025-04-08\layers\2025-04-08_VH.tif,data\raw\SummerSchool_Subset\masks\2025_04_08.tiff,0 2,36041,0.9955252327155208,0,0.0,162,0.0044747672844791,0,0.0,162,0.0044747672844791,train
2025-04-08,2025-04-08_r1792_c1568,8,7,1792,1568,224,224,670002.3139905898,6050888.937680929,672248.6942669598,6053134.317814715,38640,0.7700892857142857,11536,True,True,True,data\raw\SummerSchool_Subset\images\2025-04-08\layers\2025-04-08_B04.tif,data\raw\SummerSchool_Subset\images\2025-04-08\layers\2025-04-08_B03.tif,data\raw\SummerSchool_Subset\images\2025-04-08\layers\2025-04-08_B02.tif,data\raw\SummerSchool_Subset\images\2025-04-08\layers\2025-04-08_VV.tif,data\raw\SummerSchool_Subset\images\2025-04-08\layers\2025-04-08_VH.tif,data\raw\SummerSchool_Subset\masks\2025_04_08.tiff,0 2,38278,0.990631469979296,0,0.0,362,0.0093685300207039,0,0.0,362,0.0093685300207039,train
2025-04-08,2025-04-08_r1792_c1792,8,8,1792,1792,224,224,672248.6942669598,6050888.937680929,674495.0745433298,6053134.317814715,39674,0.7906967474489796,10502,True,True,True,data\raw\SummerSchool_Subset\images\2025-04-08\layers\2025-04-08_B04.tif,data\raw\SummerSchool_Subset\images\2025-04-08\layers\2025-04-08_B03.tif,data\raw\SummerSchool_Subset\images\2025-04-08\layers\2025-04-08_B02.tif,data\raw\SummerSchool_Subset\images\2025-04-08\layers\2025-04-08_VV.tif,data\raw\SummerSchool_Subset\images\2025-04-08\layers\2025-04-08_VH.tif,data\raw\SummerSchool_Subset\masks\2025_04_08.tiff,0 1 2 3 255,37996,0.9577052981801684,14,0.000352875938902,1568,0.0395221051570297,96,0.0024197207238997,1678,0.0422947018198316,train
2025-04-08,2025-04-08_r1792_c2016,8,9,1792,2016,224,224,674495.0745433298,6050888.937680929,676741.4548196997,6053134.317814715,36385,0.7251474808673469,13791,True,True,True,data\raw\SummerSchool_Subset\images\2025-04-08\layers\2025-04-08_B04.tif,data\raw\SummerSchool_Subset\images\2025-04-08\layers\2025-04-08_B03.tif,data\raw\SummerSchool_Subset\images\2025-04-08\layers\2025-04-08_B02.tif,data\raw\SummerSchool_Subset\images\2025-04-08\layers\2025-04-08_VV.tif,data\raw\SummerSchool_Subset\images\2025-04-08\layers\2025-04-08_VH.tif,data\raw\SummerSchool_Subset\masks\2025_04_08.tiff,0 1 2 3 255,32945,0.9054555448673904,288,0.0079153497320324,2791,0.0767074343823004,361,0.0099216710182767,3440,0.0945444551326095,train
2025-04-08,2025-04-08_r2016_c0224,9,1,2016,224,224,224,656524.0323323699,6048643.557547144,658770.4126087399,6050888.937680929,30622,0.6102917729591837,19554,True,True,True,data\raw\SummerSchool_Subset\images\2025-04-08\layers\2025-04-08_B04.tif,data\raw\SummerSchool_Subset\images\2025-04-08\layers\2025-04-08_B03.tif,data\raw\SummerSchool_Subset\images\2025-04-08\layers\2025-04-08_B02.tif,data\raw\SummerSchool_Subset\images\2025-04-08\layers\2025-04-08_VV.tif,data\raw\SummerSchool_Subset\images\2025-04-08\layers\2025-04-08_VH.tif,data\raw\SummerSchool_Subset\masks\2025_04_08.tiff,0 1 2 3 255,28398,0.9273724773038992,249,0.0081314087910652,1785,0.0582914244660701,190,0.0062046894389654,2224,0.0726275226961008,train
2025-04-08,2025-04-08_r2016_c0448,9,2,2016,448,224,224,658770.4126087399,6048643.557547144,661016.7928851099,6050888.937680929,40946,0.816047512755102,9230,True,True,True,data\raw\SummerSchool_Subset\images\2025-04-08\layers\2025-04-08_B04.tif,data\raw\SummerSchool_Subset\images\2025-04-08\layers\2025-04-08_B03.tif,data\raw\SummerSchool_Subset\images\2025-04-08\layers\2025-04-08_B02.tif,data\raw\SummerSchool_Subset\images\2025-04-08\layers\2025-04-08_VV.tif,data\raw\SummerSchool_Subset\images\2025-04-08\layers\2025-04-08_VH.tif,data\raw\SummerSchool_Subset\masks\2025_04_08.tiff,0 2,40851,0.9976798710496751,0,0.0,95,0.0023201289503248,0,0.0,95,0.0023201289503248,train
2025-04-08,2025-04-08_r2016_c0672,9,3,2016,672,224,224,661016.7928851099,6048643.557547144,663263.1731614799,6050888.937680929,37480,0.7469706632653061,12696,True,True,True,data\raw\SummerSchool_Subset\images\2025-04-08\layers\2025-04-08_B04.tif,data\raw\SummerSchool_Subset\images\2025-04-08\layers\2025-04-08_B03.tif,data\raw\SummerSchool_Subset\images\2025-04-08\layers\2025-04-08_B02.tif,data\raw\SummerSchool_Subset\images\2025-04-08\layers\2025-04-08_VV.tif,data\raw\SummerSchool_Subset\images\2025-04-08\layers\2025-04-08_VH.tif,data\raw\SummerSchool_Subset\masks\2025_04_08.tiff,0 2,37219,0.9930362860192102,0,0.0,261,0.0069637139807897,0,0.0,261,0.0069637139807897,train
2025-04-08,2025-04-08_r2016_c0896,9,4,2016,896,224,224,663263.1731614799,6048643.557547144,665509.5534378499,6050888.937680929,34348,0.6845503826530612,15828,True,True,True,data\raw\SummerSchool_Subset\images\2025-04-08\layers\2025-04-08_B04.tif,data\raw\SummerSchool_Subset\images\2025-04-08\layers\2025-04-08_B03.tif,data\raw\SummerSchool_Subset\images\2025-04-08\layers\2025-04-08_B02.tif,data\raw\SummerSchool_Subset\images\2025-04-08\layers\2025-04-08_VV.tif,data\raw\SummerSchool_Subset\images\2025-04-08\layers\2025-04-08_VH.tif,data\raw\SummerSchool_Subset\masks\2025_04_08.tiff,0 2,34075,0.9920519389775242,0,0.0,273,0.0079480610224758,0,0.0,273,0.0079480610224758,train
2025-04-08,2025-04-08_r2016_c1120,9,5,2016,1120,224,224,665509.5534378499,6048643.557547144,667755.9337142198,6050888.937680929,35620,0.7099011479591837,14556,True,True,True,data\raw\SummerSchool_Subset\images\2025-04-08\layers\2025-04-08_B04.tif,data\raw\SummerSchool_Subset\images\2025-04-08\layers\2025-04-08_B03.tif,data\raw\SummerSchool_Subset\images\2025-04-08\layers\2025-04-08_B02.tif,data\raw\SummerSchool_Subset\images\2025-04-08\layers\2025-04-08_VV.tif,data\raw\SummerSchool_Subset\images\2025-04-08\layers\2025-04-08_VH.tif,data\raw\SummerSchool_Subset\masks\2025_04_08.tiff,0 1 2 255,35472,0.9958450308815272,2,5.614823133071308e-05,146,0.004098820887142,0,0.0,148,0.0041549691184727,train
2025-04-08,2025-04-08_r2016_c1344,9,6,2016,1344,224,224,667755.9337142198,6048643.557547144,670002.3139905898,6050888.937680929,36403,0.7255062181122449,13773,True,True,True,data\raw\SummerSchool_Subset\images\2025-04-08\layers\2025-04-08_B04.tif,data\raw\SummerSchool_Subset\images\2025-04-08\layers\2025-04-08_B03.tif,data\raw\SummerSchool_Subset\images\2025-04-08\layers\2025-04-08_B02.tif,data\raw\SummerSchool_Subset\images\2025-04-08\layers\2025-04-08_VV.tif,data\raw\SummerSchool_Subset\images\2025-04-08\layers\2025-04-08_VH.tif,data\raw\SummerSchool_Subset\masks\2025_04_08.tiff,0 2,36287,0.9968134494409802,0,0.0,116,0.0031865505590198,0,0.0,116,0.0031865505590198,train
2025-04-08,2025-04-08_r2016_c1568,9,7,2016,1568,224,224,670002.3139905898,6048643.557547144,672248.6942669598,6050888.937680929,39603,0.7892817283163265,10573,True,True,True,data\raw\SummerSchool_Subset\images\2025-04-08\layers\2025-04-08_B04.tif,data\raw\SummerSchool_Subset\images\2025-04-08\layers\2025-04-08_B03.tif,data\raw\SummerSchool_Subset\images\2025-04-08\layers\2025-04-08_B02.tif,data\raw\SummerSchool_Subset\images\2025-04-08\layers\2025-04-08_VV.tif,data\raw\SummerSchool_Subset\images\2025-04-08\layers\2025-04-08_VH.tif,data\raw\SummerSchool_Subset\masks\2025_04_08.tiff,0 2,39267,0.9915157942580108,0,0.0,336,0.0084842057419892,0,0.0,336,0.0084842057419892,train
2025-04-08,2025-04-08_r2016_c1792,9,8,2016,1792,224,224,672248.6942669598,6048643.557547144,674495.0745433298,6050888.937680929,28050,0.5590322066326531,22126,True,True,True,data\raw\SummerSchool_Subset\images\2025-04-08\layers\2025-04-08_B04.tif,data\raw\SummerSchool_Subset\images\2025-04-08\layers\2025-04-08_B03.tif,data\raw\SummerSchool_Subset\images\2025-04-08\layers\2025-04-08_B02.tif,data\raw\SummerSchool_Subset\images\2025-04-08\layers\2025-04-08_VV.tif,data\raw\SummerSchool_Subset\images\2025-04-08\layers\2025-04-08_VH.tif,data\raw\SummerSchool_Subset\masks\2025_04_08.tiff,0 1 2 3 255,25106,0.8950445632798574,26,0.0009269162210338,2622,0.093475935828877,296,0.0105525846702317,2944,0.1049554367201426,train
2025-04-08,2025-04-08_r2240_c0000,10,0,2240,0,224,224,654277.652056,6046398.177413358,656524.0323323699,6048643.557547144,23723,0.4727957589285714,26453,True,True,True,data\raw\SummerSchool_Subset\images\2025-04-08\layers\2025-04-08_B04.tif,data\raw\SummerSchool_Subset\images\2025-04-08\layers\2025-04-08_B03.tif,data\raw\SummerSchool_Subset\images\2025-04-08\layers\2025-04-08_B02.tif,data\raw\SummerSchool_Subset\images\2025-04-08\layers\2025-04-08_VV.tif,data\raw\SummerSchool_Subset\images\2025-04-08\layers\2025-04-08_VH.tif,data\raw\SummerSchool_Subset\masks\2025_04_08.tiff,0 1 2 3 255,20218,0.8522530877207773,2067,0.0871306327193019,1361,0.0573704843400918,77,0.0032457952198288,3505,0.1477469122792227,train
2025-04-08,2025-04-08_r2240_c0224,10,1,2240,224,224,224,656524.0323323699,6046398.177413358,658770.4126087399,6048643.557547144,42381,0.8446468431122449,7795,True,True,True,data\raw\SummerSchool_Subset\images\2025-04-08\layers\2025-04-08_B04.tif,data\raw\SummerSchool_Subset\images\2025-04-08\layers\2025-04-08_B03.tif,data\raw\SummerSchool_Subset\images\2025-04-08\layers\2025-04-08_B02.tif,data\raw\SummerSchool_Subset\images\2025-04-08\layers\2025-04-08_VV.tif,data\raw\SummerSchool_Subset\images\2025-04-08\layers\2025-04-08_VH.tif,data\raw\SummerSchool_Subset\masks\2025_04_08.tiff,0 2,41328,0.975153960501168,0,0.0,1053,0.024846039498832,0,0.0,1053,0.024846039498832,train
2025-04-08,2025-04-08_r2240_c0448,10,2,2240,448,224,224,658770.4126087399,6046398.177413358,661016.7928851099,6048643.557547144,38888,0.775031887755102,11288,True,True,True,data\raw\SummerSchool_Subset\images\2025-04-08\layers\2025-04-08_B04.tif,data\raw\SummerSchool_Subset\images\2025-04-08\layers\2025-04-08_B03.tif,data\raw\SummerSchool_Subset\images\2025-04-08\layers\2025-04-08_B02.tif,data\raw\SummerSchool_Subset\images\2025-04-08\layers\2025-04-08_VV.tif,data\raw\SummerSchool_Subset\images\2025-04-08\layers\2025-04-08_VH.tif,data\raw\SummerSchool_Subset\masks\2025_04_08.tiff,0 2,38532,0.9908455050401151,0,0.0,356,0.0091544949598847,0,0.0,356,0.0091544949598847,train
2025-04-08,2025-04-08_r2240_c0672,10,3,2240,672,224,224,661016.7928851099,6046398.177413358,663263.1731614799,6048643.557547144,36043,0.7183314732142857,14133,True,True,True,data\raw\SummerSchool_Subset\images\2025-04-08\layers\2025-04-08_B04.tif,data\raw\SummerSchool_Subset\images\2025-04-08\layers\2025-04-08_B03.tif,data\raw\SummerSchool_Subset\images\2025-04-08\layers\2025-04-08_B02.tif,data\raw\SummerSchool_Subset\images\2025-04-08\layers\2025-04-08_VV.tif,data\raw\SummerSchool_Subset\images\2025-04-08\layers\2025-04-08_VH.tif,data\raw\SummerSchool_Subset\masks\2025_04_08.tiff,0 2,35483,0.984463002524762,0,0.0,560,0.0155369974752379,0,0.0,560,0.0155369974752379,train
2025-04-08,2025-04-08_r2240_c0896,10,4,2240,896,224,224,663263.1731614799,6046398.177413358,665509.5534378499,6048643.557547144,32880,0.6552933673469388,17296,True,True,True,data\raw\SummerSchool_Subset\images\2025-04-08\layers\2025-04-08_B04.tif,data\raw\SummerSchool_Subset\images\2025-04-08\layers\2025-04-08_B03.tif,data\raw\SummerSchool_Subset\images\2025-04-08\layers\2025-04-08_B02.tif,data\raw\SummerSchool_Subset\images\2025-04-08\layers\2025-04-08_VV.tif,data\raw\SummerSchool_Subset\images\2025-04-08\layers\2025-04-08_VH.tif,data\raw\SummerSchool_Subset\masks\2025_04_08.tiff,0 2,32300,0.982360097323601,0,0.0,580,0.017639902676399,0,0.0,580,0.017639902676399,train
2025-04-08,2025-04-08_r2240_c1120,10,5,2240,1120,224,224,665509.5534378499,6046398.177413358,667755.9337142198,6048643.557547144,33834,0.6743064413265306,16342,True,True,True,data\raw\SummerSchool_Subset\images\2025-04-08\layers\2025-04-08_B04.tif,data\raw\SummerSchool_Subset\images\2025-04-08\layers\2025-04-08_B03.tif,data\raw\SummerSchool_Subset\images\2025-04-08\layers\2025-04-08_B02.tif,data\raw\SummerSchool_Subset\images\2025-04-08\layers\2025-04-08_VV.tif,data\raw\SummerSchool_Subset\images\2025-04-08\layers\2025-04-08_VH.tif,data\raw\SummerSchool_Subset\masks\2025_04_08.tiff,0 2,33589,0.9927587633741208,0,0.0,245,0.0072412366258792,0,0.0,245,0.0072412366258792,train
2025-04-08,2025-04-08_r2240_c1344,10,6,2240,1344,224,224,667755.9337142198,6046398.177413358,670002.3139905898,6048643.557547144,39066,0.7785794005102041,11110,True,True,True,data\raw\SummerSchool_Subset\images\2025-04-08\layers\2025-04-08_B04.tif,data\raw\SummerSchool_Subset\images\2025-04-08\layers\2025-04-08_B03.tif,data\raw\SummerSchool_Subset\images\2025-04-08\layers\2025-04-08_B02.tif,data\raw\SummerSchool_Subset\images\2025-04-08\layers\2025-04-08_VV.tif,data\raw\SummerSchool_Subset\images\2025-04-08\layers\2025-04-08_VH.tif,data\raw\SummerSchool_Subset\masks\2025_04_08.tiff,0 2,38779,0.9926534582501408,0,0.0,287,0.0073465417498592,0,0.0,287,0.0073465417498592,train
2025-04-08,2025-04-08_r2240_c1568,10,7,2240,1568,224,224,670002.3139905898,6046398.177413358,672248.6942669598,6048643.557547144,39931,0.7958187181122449,10245,True,True,True,data\raw\SummerSchool_Subset\images\2025-04-08\layers\2025-04-08_B04.tif,data\raw\SummerSchool_Subset\images\2025-04-08\layers\2025-04-08_B03.tif,data\raw\SummerSchool_Subset\images\2025-04-08\layers\2025-04-08_B02.tif,data\raw\SummerSchool_Subset\images\2025-04-08\layers\2025-04-08_VV.tif,data\raw\SummerSchool_Subset\images\2025-04-08\layers\2025-04-08_VH.tif,data\raw\SummerSchool_Subset\masks\2025_04_08.tiff,0 1 2 3 255,38850,0.9729283013197766,3,7.51295985575117e-05,930,0.0232901755528286,148,0.0037063935288372,1081,0.0270716986802233,train
2025-04-08,2025-04-08_r2464_c0000,11,0,2464,0,224,224,654277.652056,6044152.797279572,656524.0323323699,6046398.177413358,22150,0.4414461096938775,28026,True,True,True,data\raw\SummerSchool_Subset\images\2025-04-08\layers\2025-04-08_B04.tif,data\raw\SummerSchool_Subset\images\2025-04-08\layers\2025-04-08_B03.tif,data\raw\SummerSchool_Subset\images\2025-04-08\layers\2025-04-08_B02.tif,data\raw\SummerSchool_Subset\images\2025-04-08\layers\2025-04-08_VV.tif,data\raw\SummerSchool_Subset\images\2025-04-08\layers\2025-04-08_VH.tif,data\raw\SummerSchool_Subset\masks\2025_04_08.tiff,0 1 2 3 255,18867,0.8517832957110609,1912,0.0863205417607223,1128,0.0509255079006772,243,0.0109706546275395,3283,0.148216704288939,train
2025-04-08,2025-04-08_r2464_c0224,11,1,2464,224,224,224,656524.0323323699,6044152.797279572,658770.4126087399,6046398.177413358,43217,0.8613081951530612,6959,True,True,True,data\raw\SummerSchool_Subset\images\2025-04-08\layers\2025-04-08_B04.tif,data\raw\SummerSchool_Subset\images\2025-04-08\layers\2025-04-08_B03.tif,data\raw\SummerSchool_Subset\images\2025-04-08\layers\2025-04-08_B02.tif,data\raw\SummerSchool_Subset\images\2025-04-08\layers\2025-04-08_VV.tif,data\raw\SummerSchool_Subset\images\2025-04-08\layers\2025-04-08_VH.tif,data\raw\SummerSchool_Subset\masks\2025_04_08.tiff,0 1 2 3 255,40523,0.9376634194877016,59,0.0013652035078788,2566,0.0593747830714765,69,0.001596593932943,2694,0.0623365805122984,train
2025-04-08,2025-04-08_r2464_c0448,11,2,2464,448,224,224,658770.4126087399,6044152.797279572,661016.7928851099,6046398.177413358,40772,0.8125797193877551,9404,True,True,True,data\raw\SummerSchool_Subset\images\2025-04-08\layers\2025-04-08_B04.tif,data\raw\SummerSchool_Subset\images\2025-04-08\layers\2025-04-08_B03.tif,data\raw\SummerSchool_Subset\images\2025-04-08\layers\2025-04-08_B02.tif,data\raw\SummerSchool_Subset\images\2025-04-08\layers\2025-04-08_VV.tif,data\raw\SummerSchool_Subset\images\2025-04-08\layers\2025-04-08_VH.tif,data\raw\SummerSchool_Subset\masks\2025_04_08.tiff,0 1 2 3 255,38623,0.9472922593937017,5,0.000122633179633,2136,0.0523888943392524,8,0.0001962130874129,2149,0.0527077406062984,train
2025-04-08,2025-04-08_r2464_c0672,11,3,2464,672,224,224,661016.7928851099,6044152.797279572,663263.1731614799,6046398.177413358,36829,0.7339963329081632,13347,True,True,True,data\raw\SummerSchool_Subset\images\2025-04-08\layers\2025-04-08_B04.tif,data\raw\SummerSchool_Subset\images\2025-04-08\layers\2025-04-08_B03.tif,data\raw\SummerSchool_Subset\images\2025-04-08\layers\2025-04-08_B02.tif,data\raw\SummerSchool_Subset\images\2025-04-08\layers\2025-04-08_VV.tif,data\raw\SummerSchool_Subset\images\2025-04-08\layers\2025-04-08_VH.tif,data\raw\SummerSchool_Subset\masks\2025_04_08.tiff,0 1 2 3 255,33651,0.9137093051671238,12,0.0003258301881669,2929,0.0795297184284123,237,0.0064351462162969,3178,0.0862906948328762,train
2025-04-08,2025-04-08_r2464_c0896,11,4,2464,896,224,224,663263.1731614799,6044152.797279572,665509.5534378499,6046398.177413358,35282,0.7031648596938775,14894,True,True,True,data\raw\SummerSchool_Subset\images\2025-04-08\layers\2025-04-08_B04.tif,data\raw\SummerSchool_Subset\images\2025-04-08\layers\2025-04-08_B03.tif,data\raw\SummerSchool_Subset\images\2025-04-08\layers\2025-04-08_B02.tif,data\raw\SummerSchool_Subset\images\2025-04-08\layers\2025-04-08_VV.tif,data\raw\SummerSchool_Subset\images\2025-04-08\layers\2025-04-08_VH.tif,data\raw\SummerSchool_Subset\masks\2025_04_08.tiff,0 1 2 3 255,33913,0.961198344765036,5,0.0001417153222606,1283,0.0363641516920809,81,0.0022957882206224,1369,0.038801655234964,train
2025-04-08,2025-04-08_r2464_c1120,11,5,2464,1120,224,224,665509.5534378499,6044152.797279572,667755.9337142198,6046398.177413358,36285,0.7231544961734694,13891,True,True,True,data\raw\SummerSchool_Subset\images\2025-04-08\layers\2025-04-08_B04.tif,data\raw\SummerSchool_Subset\images\2025-04-08\layers\2025-04-08_B03.tif,data\raw\SummerSchool_Subset\images\2025-04-08\layers\2025-04-08_B02.tif,data\raw\SummerSchool_Subset\images\2025-04-08\layers\2025-04-08_VV.tif,data\raw\SummerSchool_Subset\images\2025-04-08\layers\2025-04-08_VH.tif,data\raw\SummerSchool_Subset\masks\2025_04_08.tiff,0 2,35737,0.9848973404988288,0,0.0,548,0.0151026595011712,0,0.0,548,0.0151026595011712,train
2025-04-08,2025-04-08_r2464_c1344,11,6,2464,1344,224,224,667755.9337142198,6044152.797279572,670002.3139905898,6046398.177413358,39588,0.7889827806122449,10588,True,True,True,data\raw\SummerSchool_Subset\images\2025-04-08\layers\2025-04-08_B04.tif,data\raw\SummerSchool_Subset\images\2025-04-08\layers\2025-04-08_B03.tif,data\raw\SummerSchool_Subset\images\2025-04-08\layers\2025-04-08_B02.tif,data\raw\SummerSchool_Subset\images\2025-04-08\layers\2025-04-08_VV.tif,data\raw\SummerSchool_Subset\images\2025-04-08\layers\2025-04-08_VH.tif,data\raw\SummerSchool_Subset\masks\2025_04_08.tiff,0 2,39037,0.9860816409012833,0,0.0,551,0.0139183590987167,0,0.0,551,0.0139183590987167,train
2025-04-08,2025-04-08_r2464_c1568,11,7,2464,1568,224,224,670002.3139905898,6044152.797279572,672248.6942669598,6046398.177413358,31243,0.6226682079081632,18933,True,True,True,data\raw\SummerSchool_Subset\images\2025-04-08\layers\2025-04-08_B04.tif,data\raw\SummerSchool_Subset\images\2025-04-08\layers\2025-04-08_B03.tif,data\raw\SummerSchool_Subset\images\2025-04-08\layers\2025-04-08_B02.tif,data\raw\SummerSchool_Subset\images\2025-04-08\layers\2025-04-08_VV.tif,data\raw\SummerSchool_Subset\images\2025-04-08\layers\2025-04-08_VH.tif,data\raw\SummerSchool_Subset\masks\2025_04_08.tiff,0 1 2 3 255,28488,0.9118202477354928,96,0.0030726882821752,2283,0.0730723682104791,376,0.0120346957718528,2755,0.0881797522645072,train
2025-04-08,2025-04-08_r2688_c0224,12,1,2688,224,224,224,656524.0323323699,6041907.417145787,658770.4126087399,6044152.797279572,15715,0.3131975446428571,34461,True,True,True,data\raw\SummerSchool_Subset\images\2025-04-08\layers\2025-04-08_B04.tif,data\raw\SummerSchool_Subset\images\2025-04-08\layers\2025-04-08_B03.tif,data\raw\SummerSchool_Subset\images\2025-04-08\layers\2025-04-08_B02.tif,data\raw\SummerSchool_Subset\images\2025-04-08\layers\2025-04-08_VV.tif,data\raw\SummerSchool_Subset\images\2025-04-08\layers\2025-04-08_VH.tif,data\raw\SummerSchool_Subset\masks\2025_04_08.tiff,0 1 2 3 255,12210,0.7769646834234808,502,0.0319440025453388,2307,0.1468024180719058,696,0.0442888959592745,3505,0.2230353165765192,train
2025-04-08,2025-04-08_r2688_c0448,12,2,2688,448,224,224,658770.4126087399,6041907.417145787,661016.7928851099,6044152.797279572,27583,0.5497249681122449,22593,True,True,True,data\raw\SummerSchool_Subset\images\2025-04-08\layers\2025-04-08_B04.tif,data\raw\SummerSchool_Subset\images\2025-04-08\layers\2025-04-08_B03.tif,data\raw\SummerSchool_Subset\images\2025-04-08\layers\2025-04-08_B02.tif,data\raw\SummerSchool_Subset\images\2025-04-08\layers\2025-04-08_VV.tif,data\raw\SummerSchool_Subset\images\2025-04-08\layers\2025-04-08_VH.tif,data\raw\SummerSchool_Subset\masks\2025_04_08.tiff,0 1 2 3 255,22657,0.8214117391146721,633,0.0229489178116956,3896,0.1412464198963129,397,0.0143929231773193,4926,0.1785882608853279,train
2025-04-08,2025-04-08_r2688_c0896,12,4,2688,896,224,224,663263.1731614799,6041907.417145787,665509.5534378499,6044152.797279572,12614,0.2513950892857143,37562,True,True,True,data\raw\SummerSchool_Subset\images\2025-04-08\layers\2025-04-08_B04.tif,data\raw\SummerSchool_Subset\images\2025-04-08\layers\2025-04-08_B03.tif,data\raw\SummerSchool_Subset\images\2025-04-08\layers\2025-04-08_B02.tif,data\raw\SummerSchool_Subset\images\2025-04-08\layers\2025-04-08_VV.tif,data\raw\SummerSchool_Subset\images\2025-04-08\layers\2025-04-08_VH.tif,data\raw\SummerSchool_Subset\masks\2025_04_08.tiff,0 1 2 3 255,9865,0.7820675439987316,861,0.0682574916759156,1483,0.117567781829713,405,0.0321071824956397,2749,0.2179324560012684,train
2025-04-08,2025-04-08_r2688_c1120,12,5,2688,1120,224,224,665509.5534378499,6041907.417145787,667755.9337142198,6044152.797279572,19132,0.3812978316326531,31044,True,True,True,data\raw\SummerSchool_Subset\images\2025-04-08\layers\2025-04-08_B04.tif,data\raw\SummerSchool_Subset\images\2025-04-08\layers\2025-04-08_B03.tif,data\raw\SummerSchool_Subset\images\2025-04-08\layers\2025-04-08_B02.tif,data\raw\SummerSchool_Subset\images\2025-04-08\layers\2025-04-08_VV.tif,data\raw\SummerSchool_Subset\images\2025-04-08\layers\2025-04-08_VH.tif,data\raw\SummerSchool_Subset\masks\2025_04_08.tiff,0 1 2 3 255,16585,0.866872255906335,604,0.0315701442609241,1623,0.0848316955885427,320,0.0167259042441982,2547,0.133127744093665,train
2025-04-08,2025-04-08_r2688_c1344,12,6,2688,1344,224,224,667755.9337142198,6041907.417145787,670002.3139905898,6044152.797279572,40668,0.8105070153061225,9508,True,True,True,data\raw\SummerSchool_Subset\images\2025-04-08\layers\2025-04-08_B04.tif,data\raw\SummerSchool_Subset\images\2025-04-08\layers\2025-04-08_B03.tif,data\raw\SummerSchool_Subset\images\2025-04-08\layers\2025-04-08_B02.tif,data\raw\SummerSchool_Subset\images\2025-04-08\layers\2025-04-08_VV.tif,data\raw\SummerSchool_Subset\images\2025-04-08\layers\2025-04-08_VH.tif,data\raw\SummerSchool_Subset\masks\2025_04_08.tiff,0 1 2 3 255,39211,0.9641733057932528,6,0.0001475361463558,1302,0.032015343759221,149,0.0036638143011704,1457,0.0358266942067473,train
2025-04-08,2025-04-08_r2688_c1568,12,7,2688,1568,224,224,670002.3139905898,6041907.417145787,672248.6942669598,6044152.797279572,33051,0.6587013711734694,17125,True,True,True,data\raw\SummerSchool_Subset\images\2025-04-08\layers\2025-04-08_B04.tif,data\raw\SummerSchool_Subset\images\2025-04-08\layers\2025-04-08_B03.tif,data\raw\SummerSchool_Subset\images\2025-04-08\layers\2025-04-08_B02.tif,data\raw\SummerSchool_Subset\images\2025-04-08\layers\2025-04-08_VV.tif,data\raw\SummerSchool_Subset\images\2025-04-08\layers\2025-04-08_VH.tif,data\raw\SummerSchool_Subset\masks\2025_04_08.tiff,0 1 2 3 255,29752,0.9001845632507337,40,0.0012102508244833,2549,0.077123233790203,710,0.0214819521345798,3299,0.0998154367492662,train
2025-04-08,2025-04-08_r2912_c1344,13,6,2912,1344,224,224,667755.9337142198,6039662.037012001,670002.3139905898,6041907.417145787,12339,0.245914381377551,37837,True,True,True,data\raw\SummerSchool_Subset\images\2025-04-08\layers\2025-04-08_B04.tif,data\raw\SummerSchool_Subset\images\2025-04-08\layers\2025-04-08_B03.tif,data\raw\SummerSchool_Subset\images\2025-04-08\layers\2025-04-08_B02.tif,data\raw\SummerSchool_Subset\images\2025-04-08\layers\2025-04-08_VV.tif,data\raw\SummerSchool_Subset\images\2025-04-08\layers\2025-04-08_VH.tif,data\raw\SummerSchool_Subset\masks\2025_04_08.tiff,0 1 2 3 255,10062,0.8154631655725748,276,0.0223681011427182,1696,0.137450360645109,305,0.024718372639598,2277,0.1845368344274252,train
2025-04-09,2025-04-09_r0000_c0672,0,3,0,672,224,224,661016.7928851099,6068851.978751215,663263.1731614799,6071097.358885,21946,0.4373804209183674,28230,True,True,True,data\raw\SummerSchool_Subset\images\2025-04-09\layers\2025-04-09_B04.tif,data\raw\SummerSchool_Subset\images\2025-04-09\layers\2025-04-09_B03.tif,data\raw\SummerSchool_Subset\images\2025-04-09\layers\2025-04-09_B02.tif,data\raw\SummerSchool_Subset\images\2025-04-09\layers\2025-04-09_VV.tif,data\raw\SummerSchool_Subset\images\2025-04-09\layers\2025-04-09_VH.tif,data\raw\SummerSchool_Subset\masks\2025_04_09.tiff,0 1 2 3 255,19586,0.8924633190558644,412,0.0187733527749931,1535,0.0699444090039187,413,0.0188189191652237,2360,0.1075366809441356,train
2025-04-09,2025-04-09_r0224_c0448,1,2,224,448,224,224,658770.4126087399,6066606.598617429,661016.7928851099,6068851.978751215,18347,0.3656529017857143,31829,True,True,True,data\raw\SummerSchool_Subset\images\2025-04-09\layers\2025-04-09_B04.tif,data\raw\SummerSchool_Subset\images\2025-04-09\layers\2025-04-09_B03.tif,data\raw\SummerSchool_Subset\images\2025-04-09\layers\2025-04-09_B02.tif,data\raw\SummerSchool_Subset\images\2025-04-09\layers\2025-04-09_VV.tif,data\raw\SummerSchool_Subset\images\2025-04-09\layers\2025-04-09_VH.tif,data\raw\SummerSchool_Subset\masks\2025_04_09.tiff,0 1 2 3 255,15722,0.8569248378481495,1155,0.0629530713468141,1294,0.0705292418379026,176,0.0095928489671335,2625,0.1430751621518504,train
2025-04-09,2025-04-09_r0224_c0672,1,3,224,672,224,224,661016.7928851099,6066606.598617429,663263.1731614799,6068851.978751215,44527,0.8874162946428571,5649,True,True,True,data\raw\SummerSchool_Subset\images\2025-04-09\layers\2025-04-09_B04.tif,data\raw\SummerSchool_Subset\images\2025-04-09\layers\2025-04-09_B03.tif,data\raw\SummerSchool_Subset\images\2025-04-09\layers\2025-04-09_B02.tif,data\raw\SummerSchool_Subset\images\2025-04-09\layers\2025-04-09_VV.tif,data\raw\SummerSchool_Subset\images\2025-04-09\layers\2025-04-09_VH.tif,data\raw\SummerSchool_Subset\masks\2025_04_09.tiff,0 1 2 3 255,42517,0.954858849686707,29,0.0006512902284007,1765,0.0396388707974936,216,0.0048509892873986,2010,0.045141150313293,train
2025-04-09,2025-04-09_r0224_c2016,1,9,224,2016,224,224,674495.0745433298,6066606.598617429,676741.4548196997,6068851.978751215,19358,0.3858019770408163,30818,True,True,True,data\raw\SummerSchool_Subset\images\2025-04-09\layers\2025-04-09_B04.tif,data\raw\SummerSchool_Subset\images\2025-04-09\layers\2025-04-09_B03.tif,data\raw\SummerSchool_Subset\images\2025-04-09\layers\2025-04-09_B02.tif,data\raw\SummerSchool_Subset\images\2025-04-09\layers\2025-04-09_VV.tif,data\raw\SummerSchool_Subset\images\2025-04-09\layers\2025-04-09_VH.tif,data\raw\SummerSchool_Subset\masks\2025_04_09.tiff,0 1 2 3 255,16530,0.853910527947102,105,0.0054241140613699,2460,0.1270792437235251,263,0.0135861142680028,2828,0.146089472052898,train
2025-04-09,2025-04-09_r0448_c0448,2,2,448,448,224,224,658770.4126087399,6064361.218483644,661016.7928851099,6066606.598617429,34766,0.6928810586734694,15410,True,True,True,data\raw\SummerSchool_Subset\images\2025-04-09\layers\2025-04-09_B04.tif,data\raw\SummerSchool_Subset\images\2025-04-09\layers\2025-04-09_B03.tif,data\raw\SummerSchool_Subset\images\2025-04-09\layers\2025-04-09_B02.tif,data\raw\SummerSchool_Subset\images\2025-04-09\layers\2025-04-09_VV.tif,data\raw\SummerSchool_Subset\images\2025-04-09\layers\2025-04-09_VH.tif,data\raw\SummerSchool_Subset\masks\2025_04_09.tiff,0 1 2 3 255,32925,0.947045964448024,823,0.0236725536443651,774,0.0222631306448829,244,0.0070183512627279,1841,0.052954035551976,train
2025-04-09,2025-04-09_r0448_c0672,2,3,448,672,224,224,661016.7928851099,6064361.218483644,663263.1731614799,6066606.598617429,42602,0.8490513392857143,7574,True,True,True,data\raw\SummerSchool_Subset\images\2025-04-09\layers\2025-04-09_B04.tif,data\raw\SummerSchool_Subset\images\2025-04-09\layers\2025-04-09_B03.tif,data\raw\SummerSchool_Subset\images\2025-04-09\layers\2025-04-09_B02.tif,data\raw\SummerSchool_Subset\images\2025-04-09\layers\2025-04-09_VV.tif,data\raw\SummerSchool_Subset\images\2025-04-09\layers\2025-04-09_VH.tif,data\raw\SummerSchool_Subset\masks\2025_04_09.tiff,0 1 2 3 255,41667,0.9780526735834,27,0.0006337730622975,705,0.0165485188488803,203,0.0047650345054222,935,0.0219473264166001,train
2025-04-09,2025-04-09_r0448_c0896,2,4,448,896,224,224,663263.1731614799,6064361.218483644,665509.5534378499,6066606.598617429,20439,0.4073461415816326,29737,True,True,True,data\raw\SummerSchool_Subset\images\2025-04-09\layers\2025-04-09_B04.tif,data\raw\SummerSchool_Subset\images\2025-04-09\layers\2025-04-09_B03.tif,data\raw\SummerSchool_Subset\images\2025-04-09\layers\2025-04-09_B02.tif,data\raw\SummerSchool_Subset\images\2025-04-09\layers\2025-04-09_VV.tif,data\raw\SummerSchool_Subset\images\2025-04-09\layers\2025-04-09_VH.tif,data\raw\SummerSchool_Subset\masks\2025_04_09.tiff,0 1 2 3 255,13808,0.6755712118988209,108,0.0052840158520475,5889,0.2881256421547042,634,0.0310191300944273,6631,0.3244287881011791,train
2025-04-09,2025-04-09_r0448_c1120,2,5,448,1120,224,224,665509.5534378499,6064361.218483644,667755.9337142198,6066606.598617429,10058,0.200454400510204,40118,True,True,True,data\raw\SummerSchool_Subset\images\2025-04-09\layers\2025-04-09_B04.tif,data\raw\SummerSchool_Subset\images\2025-04-09\layers\2025-04-09_B03.tif,data\raw\SummerSchool_Subset\images\2025-04-09\layers\2025-04-09_B02.tif,data\raw\SummerSchool_Subset\images\2025-04-09\layers\2025-04-09_VV.tif,data\raw\SummerSchool_Subset\images\2025-04-09\layers\2025-04-09_VH.tif,data\raw\SummerSchool_Subset\masks\2025_04_09.tiff,0 1 2 3 255,7705,0.766056870153112,10,0.0009942334460131,2021,0.2009345794392523,322,0.0320143169616225,2353,0.233943129846888,train
2025-04-09,2025-04-09_r0448_c1568,2,7,448,1568,224,224,670002.3139905898,6064361.218483644,672248.6942669598,6066606.598617429,25046,0.4991629464285714,25130,True,True,True,data\raw\SummerSchool_Subset\images\2025-04-09\layers\2025-04-09_B04.tif,data\raw\SummerSchool_Subset\images\2025-04-09\layers\2025-04-09_B03.tif,data\raw\SummerSchool_Subset\images\2025-04-09\layers\2025-04-09_B02.tif,data\raw\SummerSchool_Subset\images\2025-04-09\layers\2025-04-09_VV.tif,data\raw\SummerSchool_Subset\images\2025-04-09\layers\2025-04-09_VH.tif,data\raw\SummerSchool_Subset\masks\2025_04_09.tiff,0 1 2 3 255,22062,0.880859219036972,7,0.0002794857462269,2499,0.0997764114030184,478,0.0190848838137826,2984,0.119140780963028,train
2025-04-09,2025-04-09_r0448_c1792,2,8,448,1792,224,224,672248.6942669598,6064361.218483644,674495.0745433298,6066606.598617429,40418,0.8055245535714286,9758,True,True,True,data\raw\SummerSchool_Subset\images\2025-04-09\layers\2025-04-09_B04.tif,data\raw\SummerSchool_Subset\images\2025-04-09\layers\2025-04-09_B03.tif,data\raw\SummerSchool_Subset\images\2025-04-09\layers\2025-04-09_B02.tif,data\raw\SummerSchool_Subset\images\2025-04-09\layers\2025-04-09_VV.tif,data\raw\SummerSchool_Subset\images\2025-04-09\layers\2025-04-09_VH.tif,data\raw\SummerSchool_Subset\masks\2025_04_09.tiff,0 1 2 3 255,39239,0.9708298282943244,0,0.0,1102,0.0272650799148894,77,0.0019050917907862,1179,0.0291701717056756,train
2025-04-09,2025-04-09_r0448_c2016,2,9,448,2016,224,224,674495.0745433298,6064361.218483644,676741.4548196997,6066606.598617429,42710,0.851203762755102,7466,True,True,True,data\raw\SummerSchool_Subset\images\2025-04-09\layers\2025-04-09_B04.tif,data\raw\SummerSchool_Subset\images\2025-04-09\layers\2025-04-09_B03.tif,data\raw\SummerSchool_Subset\images\2025-04-09\layers\2025-04-09_B02.tif,data\raw\SummerSchool_Subset\images\2025-04-09\layers\2025-04-09_VV.tif,data\raw\SummerSchool_Subset\images\2025-04-09\layers\2025-04-09_VH.tif,data\raw\SummerSchool_Subset\masks\2025_04_09.tiff,0 2,42324,0.9909623039100912,0,0.0,386,0.0090376960899086,0,0.0,386,0.0090376960899086,train
2025-04-09,2025-04-09_r0448_c2240,2,10,448,2240,224,224,676741.4548196997,6064361.218483644,678987.8350960697,6066606.598617429,27490,0.5478714923469388,22686,True,True,True,data\raw\SummerSchool_Subset\images\2025-04-09\layers\2025-04-09_B04.tif,data\raw\SummerSchool_Subset\images\2025-04-09\layers\2025-04-09_B03.tif,data\raw\SummerSchool_Subset\images\2025-04-09\layers\2025-04-09_B02.tif,data\raw\SummerSchool_Subset\images\2025-04-09\layers\2025-04-09_VV.tif,data\raw\SummerSchool_Subset\images\2025-04-09\layers\2025-04-09_VH.tif,data\raw\SummerSchool_Subset\masks\2025_04_09.tiff,0 1 2 3 255,23375,0.8503092033466715,621,0.0225900327391778,3208,0.1166969807202619,286,0.0104037831938886,4115,0.1496907966533285,train
2025-04-09,2025-04-09_r0672_c0448,3,2,672,448,224,224,658770.4126087399,6062115.838349857,661016.7928851099,6064361.218483644,29688,0.5916772959183674,20488,True,True,True,data\raw\SummerSchool_Subset\images\2025-04-09\layers\2025-04-09_B04.tif,data\raw\SummerSchool_Subset\images\2025-04-09\layers\2025-04-09_B03.tif,data\raw\SummerSchool_Subset\images\2025-04-09\layers\2025-04-09_B02.tif,data\raw\SummerSchool_Subset\images\2025-04-09\layers\2025-04-09_VV.tif,data\raw\SummerSchool_Subset\images\2025-04-09\layers\2025-04-09_VH.tif,data\raw\SummerSchool_Subset\masks\2025_04_09.tiff,0 1 2 3 255,29163,0.9823160873080032,8,0.0002694691457828,511,0.0172123416868768,6,0.0002021018593371,525,0.0176839126919967,train
2025-04-09,2025-04-09_r0672_c0672,3,3,672,672,224,224,661016.7928851099,6062115.838349857,663263.1731614799,6064361.218483644,41242,0.8219467474489796,8934,True,True,True,data\raw\SummerSchool_Subset\images\2025-04-09\layers\2025-04-09_B04.tif,data\raw\SummerSchool_Subset\images\2025-04-09\layers\2025-04-09_B03.tif,data\raw\SummerSchool_Subset\images\2025-04-09\layers\2025-04-09_B02.tif,data\raw\SummerSchool_Subset\images\2025-04-09\layers\2025-04-09_VV.tif,data\raw\SummerSchool_Subset\images\2025-04-09\layers\2025-04-09_VH.tif,data\raw\SummerSchool_Subset\masks\2025_04_09.tiff,0 2,41239,0.9999272586198537,0,0.0,3,7.274138014645265e-05,0,0.0,3,7.274138014645265e-05,train
2025-04-09,2025-04-09_r0672_c0896,3,4,672,896,224,224,663263.1731614799,6062115.838349857,665509.5534378499,6064361.218483644,40841,0.8139548788265306,9335,True,True,True,data\raw\SummerSchool_Subset\images\2025-04-09\layers\2025-04-09_B04.tif,data\raw\SummerSchool_Subset\images\2025-04-09\layers\2025-04-09_B03.tif,data\raw\SummerSchool_Subset\images\2025-04-09\layers\2025-04-09_B02.tif,data\raw\SummerSchool_Subset\images\2025-04-09\layers\2025-04-09_VV.tif,data\raw\SummerSchool_Subset\images\2025-04-09\layers\2025-04-09_VH.tif,data\raw\SummerSchool_Subset\masks\2025_04_09.tiff,0 1 2 3 255,40263,0.98584755515291,8,0.000195881589579,564,0.0138096520653265,6,0.0001469111921843,578,0.0141524448470899,train
2025-04-09,2025-04-09_r0672_c1120,3,5,672,1120,224,224,665509.5534378499,6062115.838349857,667755.9337142198,6064361.218483644,40645,0.8100486288265306,9531,True,True,True,data\raw\SummerSchool_Subset\images\2025-04-09\layers\2025-04-09_B04.tif,data\raw\SummerSchool_Subset\images\2025-04-09\layers\2025-04-09_B03.tif,data\raw\SummerSchool_Subset\images\2025-04-09\layers\2025-04-09_B02.tif,data\raw\SummerSchool_Subset\images\2025-04-09\layers\2025-04-09_VV.tif,data\raw\SummerSchool_Subset\images\2025-04-09\layers\2025-04-09_VH.tif,data\raw\SummerSchool_Subset\masks\2025_04_09.tiff,0 2,40587,0.998573010210358,0,0.0,58,0.001426989789642,0,0.0,58,0.001426989789642,train
2025-04-09,2025-04-09_r0672_c1344,3,6,672,1344,224,224,667755.9337142198,6062115.838349857,670002.3139905898,6064361.218483644,39125,0.7797552614795918,11051,True,True,True,data\raw\SummerSchool_Subset\images\2025-04-09\layers\2025-04-09_B04.tif,data\raw\SummerSchool_Subset\images\2025-04-09\layers\2025-04-09_B03.tif,data\raw\SummerSchool_Subset\images\2025-04-09\layers\2025-04-09_B02.tif,data\raw\SummerSchool_Subset\images\2025-04-09\layers\2025-04-09_VV.tif,data\raw\SummerSchool_Subset\images\2025-04-09\layers\2025-04-09_VH.tif,data\raw\SummerSchool_Subset\masks\2025_04_09.tiff,0 2,39077,0.9987731629392972,0,0.0,48,0.0012268370607028,0,0.0,48,0.0012268370607028,train
2025-04-09,2025-04-09_r0672_c1568,3,7,672,1568,224,224,670002.3139905898,6062115.838349857,672248.6942669598,6064361.218483644,40213,0.8014389349489796,9963,True,True,True,data\raw\SummerSchool_Subset\images\2025-04-09\layers\2025-04-09_B04.tif,data\raw\SummerSchool_Subset\images\2025-04-09\layers\2025-04-09_B03.tif,data\raw\SummerSchool_Subset\images\2025-04-09\layers\2025-04-09_B02.tif,data\raw\SummerSchool_Subset\images\2025-04-09\layers\2025-04-09_VV.tif,data\raw\SummerSchool_Subset\images\2025-04-09\layers\2025-04-09_VH.tif,data\raw\SummerSchool_Subset\masks\2025_04_09.tiff,0 2,40193,0.9995026483972844,0,0.0,20,0.0004973516027155,0,0.0,20,0.0004973516027155,train
2025-04-09,2025-04-09_r0672_c1792,3,8,672,1792,224,224,672248.6942669598,6062115.838349857,674495.0745433298,6064361.218483644,41320,0.8235012755102041,8856,True,True,True,data\raw\SummerSchool_Subset\images\2025-04-09\layers\2025-04-09_B04.tif,data\raw\SummerSchool_Subset\images\2025-04-09\layers\2025-04-09_B03.tif,data\raw\SummerSchool_Subset\images\2025-04-09\layers\2025-04-09_B02.tif,data\raw\SummerSchool_Subset\images\2025-04-09\layers\2025-04-09_VV.tif,data\raw\SummerSchool_Subset\images\2025-04-09\layers\2025-04-09_VH.tif,data\raw\SummerSchool_Subset\masks\2025_04_09.tiff,0 2,41248,0.9982575024201356,0,0.0,72,0.0017424975798644,0,0.0,72,0.0017424975798644,train
2025-04-09,2025-04-09_r0672_c2016,3,9,672,2016,224,224,674495.0745433298,6062115.838349857,676741.4548196997,6064361.218483644,40385,0.8048668686224489,9791,True,True,True,data\raw\SummerSchool_Subset\images\2025-04-09\layers\2025-04-09_B04.tif,data\raw\SummerSchool_Subset\images\2025-04-09\layers\2025-04-09_B03.tif,data\raw\SummerSchool_Subset\images\2025-04-09\layers\2025-04-09_B02.tif,data\raw\SummerSchool_Subset\images\2025-04-09\layers\2025-04-09_VV.tif,data\raw\SummerSchool_Subset\images\2025-04-09\layers\2025-04-09_VH.tif,data\raw\SummerSchool_Subset\masks\2025_04_09.tiff,0 1 2 3 255,38019,0.9414138912962734,13,0.0003219016961743,2301,0.056976600222855,52,0.0012876067846972,2366,0.0585861087037266,train
2025-04-09,2025-04-09_r0896_c0448,4,2,896,448,224,224,658770.4126087399,6059870.458216072,661016.7928851099,6062115.838349857,21064,0.4198022959183674,29112,True,True,True,data\raw\SummerSchool_Subset\images\2025-04-09\layers\2025-04-09_B04.tif,data\raw\SummerSchool_Subset\images\2025-04-09\layers\2025-04-09_B03.tif,data\raw\SummerSchool_Subset\images\2025-04-09\layers\2025-04-09_B02.tif,data\raw\SummerSchool_Subset\images\2025-04-09\layers\2025-04-09_VV.tif,data\raw\SummerSchool_Subset\images\2025-04-09\layers\2025-04-09_VH.tif,data\raw\SummerSchool_Subset\masks\2025_04_09.tiff,0 1 2 3 255,19608,0.9308773262438284,385,0.0182776300797569,949,0.0450531712875047,122,0.0057918723889099,1456,0.0691226737561716,train
2025-04-09,2025-04-09_r0896_c0672,4,3,896,672,224,224,661016.7928851099,6059870.458216072,663263.1731614799,6062115.838349857,41363,0.8243582589285714,8813,True,True,True,data\raw\SummerSchool_Subset\images\2025-04-09\layers\2025-04-09_B04.tif,data\raw\SummerSchool_Subset\images\2025-04-09\layers\2025-04-09_B03.tif,data\raw\SummerSchool_Subset\images\2025-04-09\layers\2025-04-09_B02.tif,data\raw\SummerSchool_Subset\images\2025-04-09\layers\2025-04-09_VV.tif,data\raw\SummerSchool_Subset\images\2025-04-09\layers\2025-04-09_VH.tif,data\raw\SummerSchool_Subset\masks\2025_04_09.tiff,0 1 2 255,41329,0.9991780093320116,19,0.0004593477262287,15,0.0003626429417595,0,0.0,34,0.0008219906679882,train
2025-04-09,2025-04-09_r0896_c0896,4,4,896,896,224,224,663263.1731614799,6059870.458216072,665509.5534378499,6062115.838349857,40334,0.8038504464285714,9842,True,True,True,data\raw\SummerSchool_Subset\images\2025-04-09\layers\2025-04-09_B04.tif,data\raw\SummerSchool_Subset\images\2025-04-09\layers\2025-04-09_B03.tif,data\raw\SummerSchool_Subset\images\2025-04-09\layers\2025-04-09_B02.tif,data\raw\SummerSchool_Subset\images\2025-04-09\layers\2025-04-09_VV.tif,data\raw\SummerSchool_Subset\images\2025-04-09\layers\2025-04-09_VH.tif,data\raw\SummerSchool_Subset\masks\2025_04_09.tiff,0 1 2 255,40327,0.9998264491496008,3,7.437893588535726e-05,4,9.91719145138097e-05,0,0.0,7,0.0001735508503991,train
2025-04-09,2025-04-09_r0896_c1120,4,5,896,1120,224,224,665509.5534378499,6059870.458216072,667755.9337142198,6062115.838349857,40317,0.8035116390306123,9859,True,True,True,data\raw\SummerSchool_Subset\images\2025-04-09\layers\2025-04-09_B04.tif,data\raw\SummerSchool_Subset\images\2025-04-09\layers\2025-04-09_B03.tif,data\raw\SummerSchool_Subset\images\2025-04-09\layers\2025-04-09_B02.tif,data\raw\SummerSchool_Subset\images\2025-04-09\layers\2025-04-09_VV.tif,data\raw\SummerSchool_Subset\images\2025-04-09\layers\2025-04-09_VH.tif,data\raw\SummerSchool_Subset\masks\2025_04_09.tiff,0,40317,1.0,0,0.0,0,0.0,0,0.0,0,0.0,train
2025-04-09,2025-04-09_r0896_c1344,4,6,896,1344,224,224,667755.9337142198,6059870.458216072,670002.3139905898,6062115.838349857,39640,0.7900191326530612,10536,True,True,True,data\raw\SummerSchool_Subset\images\2025-04-09\layers\2025-04-09_B04.tif,data\raw\SummerSchool_Subset\images\2025-04-09\layers\2025-04-09_B03.tif,data\raw\SummerSchool_Subset\images\2025-04-09\layers\2025-04-09_B02.tif,data\raw\SummerSchool_Subset\images\2025-04-09\layers\2025-04-09_VV.tif,data\raw\SummerSchool_Subset\images\2025-04-09\layers\2025-04-09_VH.tif,data\raw\SummerSchool_Subset\masks\2025_04_09.tiff,0 2,39637,0.9999243188698284,0,0.0,3,7.56811301715439e-05,0,0.0,3,7.56811301715439e-05,train
2025-04-09,2025-04-09_r0896_c1568,4,7,896,1568,224,224,670002.3139905898,6059870.458216072,672248.6942669598,6062115.838349857,40659,0.8103276466836735,9517,True,True,True,data\raw\SummerSchool_Subset\images\2025-04-09\layers\2025-04-09_B04.tif,data\raw\SummerSchool_Subset\images\2025-04-09\layers\2025-04-09_B03.tif,data\raw\SummerSchool_Subset\images\2025-04-09\layers\2025-04-09_B02.tif,data\raw\SummerSchool_Subset\images\2025-04-09\layers\2025-04-09_VV.tif,data\raw\SummerSchool_Subset\images\2025-04-09\layers\2025-04-09_VH.tif,data\raw\SummerSchool_Subset\masks\2025_04_09.tiff,0 2,40653,0.9998524311960452,0,0.0,6,0.0001475688039548,0,0.0,6,0.0001475688039548,train
2025-04-09,2025-04-09_r0896_c1792,4,8,896,1792,224,224,672248.6942669598,6059870.458216072,674495.0745433298,6062115.838349857,40306,0.8032924107142857,9870,True,True,True,data\raw\SummerSchool_Subset\images\2025-04-09\layers\2025-04-09_B04.tif,data\raw\SummerSchool_Subset\images\2025-04-09\layers\2025-04-09_B03.tif,data\raw\SummerSchool_Subset\images\2025-04-09\layers\2025-04-09_B02.tif,data\raw\SummerSchool_Subset\images\2025-04-09\layers\2025-04-09_VV.tif,data\raw\SummerSchool_Subset\images\2025-04-09\layers\2025-04-09_VH.tif,data\raw\SummerSchool_Subset\masks\2025_04_09.tiff,0 1 2 255,40147,0.996055177889148,3,7.443060586513174e-05,156,0.0038703915049868,0,0.0,159,0.0039448221108519,train
2025-04-09,2025-04-09_r0896_c2016,4,9,896,2016,224,224,674495.0745433298,6059870.458216072,676741.4548196997,6062115.838349857,18008,0.3588966836734694,32168,True,True,True,data\raw\SummerSchool_Subset\images\2025-04-09\layers\2025-04-09_B04.tif,data\raw\SummerSchool_Subset\images\2025-04-09\layers\2025-04-09_B03.tif,data\raw\SummerSchool_Subset\images\2025-04-09\layers\2025-04-09_B02.tif,data\raw\SummerSchool_Subset\images\2025-04-09\layers\2025-04-09_VV.tif,data\raw\SummerSchool_Subset\images\2025-04-09\layers\2025-04-09_VH.tif,data\raw\SummerSchool_Subset\masks\2025_04_09.tiff,0 1 2 3 255,15505,0.8610062194580187,38,0.0021101732563305,2195,0.1218902709906708,270,0.01499333629498,2503,0.1389937805419813,train
2025-04-09,2025-04-09_r1120_c0672,5,3,1120,672,224,224,661016.7928851099,6057625.078082287,663263.1731614799,6059870.458216072,39758,0.7923708545918368,10418,True,True,True,data\raw\SummerSchool_Subset\images\2025-04-09\layers\2025-04-09_B04.tif,data\raw\SummerSchool_Subset\images\2025-04-09\layers\2025-04-09_B03.tif,data\raw\SummerSchool_Subset\images\2025-04-09\layers\2025-04-09_B02.tif,data\raw\SummerSchool_Subset\images\2025-04-09\layers\2025-04-09_VV.tif,data\raw\SummerSchool_Subset\images\2025-04-09\layers\2025-04-09_VH.tif,data\raw\SummerSchool_Subset\masks\2025_04_09.tiff,0 1 2 3 255,39062,0.9824940892399014,10,0.0002515217063232,581,0.0146134111373811,105,0.0026409779163941,696,0.0175059107600985,train
2025-04-09,2025-04-09_r1120_c0896,5,4,1120,896,224,224,663263.1731614799,6057625.078082287,665509.5534378499,6059870.458216072,40364,0.8044483418367347,9812,True,True,True,data\raw\SummerSchool_Subset\images\2025-04-09\layers\2025-04-09_B04.tif,data\raw\SummerSchool_Subset\images\2025-04-09\layers\2025-04-09_B03.tif,data\raw\SummerSchool_Subset\images\2025-04-09\layers\2025-04-09_B02.tif,data\raw\SummerSchool_Subset\images\2025-04-09\layers\2025-04-09_VV.tif,data\raw\SummerSchool_Subset\images\2025-04-09\layers\2025-04-09_VH.tif,data\raw\SummerSchool_Subset\masks\2025_04_09.tiff,0,40364,1.0,0,0.0,0,0.0,0,0.0,0,0.0,train
2025-04-09,2025-04-09_r1120_c1120,5,5,1120,1120,224,224,665509.5534378499,6057625.078082287,667755.9337142198,6059870.458216072,38240,0.7621173469387755,11936,True,True,True,data\raw\SummerSchool_Subset\images\2025-04-09\layers\2025-04-09_B04.tif,data\raw\SummerSchool_Subset\images\2025-04-09\layers\2025-04-09_B03.tif,data\raw\SummerSchool_Subset\images\2025-04-09\layers\2025-04-09_B02.tif,data\raw\SummerSchool_Subset\images\2025-04-09\layers\2025-04-09_VV.tif,data\raw\SummerSchool_Subset\images\2025-04-09\layers\2025-04-09_VH.tif,data\raw\SummerSchool_Subset\masks\2025_04_09.tiff,0 2,38239,0.999973849372385,0,0.0,1,2.615062761506276e-05,0,0.0,1,2.615062761506276e-05,train
2025-04-09,2025-04-09_r1120_c1344,5,6,1120,1344,224,224,667755.9337142198,6057625.078082287,670002.3139905898,6059870.458216072,37557,0.7485052614795918,12619,True,True,True,data\raw\SummerSchool_Subset\images\2025-04-09\layers\2025-04-09_B04.tif,data\raw\SummerSchool_Subset\images\2025-04-09\layers\2025-04-09_B03.tif,data\raw\SummerSchool_Subset\images\2025-04-09\layers\2025-04-09_B02.tif,data\raw\SummerSchool_Subset\images\2025-04-09\layers\2025-04-09_VV.tif,data\raw\SummerSchool_Subset\images\2025-04-09\layers\2025-04-09_VH.tif,data\raw\SummerSchool_Subset\masks\2025_04_09.tiff,0 2,37556,0.9999733738051496,0,0.0,1,2.662619485049392e-05,0,0.0,1,2.662619485049392e-05,train
2025-04-09,2025-04-09_r1120_c1568,5,7,1120,1568,224,224,670002.3139905898,6057625.078082287,672248.6942669598,6059870.458216072,38779,0.7728595344387755,11397,True,True,True,data\raw\SummerSchool_Subset\images\2025-04-09\layers\2025-04-09_B04.tif,data\raw\SummerSchool_Subset\images\2025-04-09\layers\2025-04-09_B03.tif,data\raw\SummerSchool_Subset\images\2025-04-09\layers\2025-04-09_B02.tif,data\raw\SummerSchool_Subset\images\2025-04-09\layers\2025-04-09_VV.tif,data\raw\SummerSchool_Subset\images\2025-04-09\layers\2025-04-09_VH.tif,data\raw\SummerSchool_Subset\masks\2025_04_09.tiff,0 2,38775,0.9998968513886382,0,0.0,4,0.0001031486113618,0,0.0,4,0.0001031486113618,train
2025-04-09,2025-04-09_r1120_c1792,5,8,1120,1792,224,224,672248.6942669598,6057625.078082287,674495.0745433298,6059870.458216072,36876,0.7349330357142857,13300,True,True,True,data\raw\SummerSchool_Subset\images\2025-04-09\layers\2025-04-09_B04.tif,data\raw\SummerSchool_Subset\images\2025-04-09\layers\2025-04-09_B03.tif,data\raw\SummerSchool_Subset\images\2025-04-09\layers\2025-04-09_B02.tif,data\raw\SummerSchool_Subset\images\2025-04-09\layers\2025-04-09_VV.tif,data\raw\SummerSchool_Subset\images\2025-04-09\layers\2025-04-09_VH.tif,data\raw\SummerSchool_Subset\masks\2025_04_09.tiff,0 1 2 3 255,34545,0.9367881548974945,7,0.0001898253606681,1807,0.0490020609610586,517,0.0140199587807788,2331,0.0632118451025057,train
2025-04-09,2025-04-09_r1344_c0672,6,3,1344,672,224,224,661016.7928851099,6055379.6979485005,663263.1731614799,6057625.078082287,40763,0.8124003507653061,9413,True,True,True,data\raw\SummerSchool_Subset\images\2025-04-09\layers\2025-04-09_B04.tif,data\raw\SummerSchool_Subset\images\2025-04-09\layers\2025-04-09_B03.tif,data\raw\SummerSchool_Subset\images\2025-04-09\layers\2025-04-09_B02.tif,data\raw\SummerSchool_Subset\images\2025-04-09\layers\2025-04-09_VV.tif,data\raw\SummerSchool_Subset\images\2025-04-09\layers\2025-04-09_VH.tif,data\raw\SummerSchool_Subset\masks\2025_04_09.tiff,0 1 2 3 255,39444,0.967642224566396,416,0.0102053332679145,697,0.0170988396339818,206,0.0050536025317076,1319,0.032357775433604,train
2025-04-09,2025-04-09_r1344_c0896,6,4,1344,896,224,224,663263.1731614799,6055379.6979485005,665509.5534378499,6057625.078082287,38872,0.7747130102040817,11304,True,True,True,data\raw\SummerSchool_Subset\images\2025-04-09\layers\2025-04-09_B04.tif,data\raw\SummerSchool_Subset\images\2025-04-09\layers\2025-04-09_B03.tif,data\raw\SummerSchool_Subset\images\2025-04-09\layers\2025-04-09_B02.tif,data\raw\SummerSchool_Subset\images\2025-04-09\layers\2025-04-09_VV.tif,data\raw\SummerSchool_Subset\images\2025-04-09\layers\2025-04-09_VH.tif,data\raw\SummerSchool_Subset\masks\2025_04_09.tiff,0,38872,1.0,0,0.0,0,0.0,0,0.0,0,0.0,train
2025-04-09,2025-04-09_r1344_c1120,6,5,1344,1120,224,224,665509.5534378499,6055379.6979485005,667755.9337142198,6057625.078082287,36145,0.7203643176020408,14031,True,True,True,data\raw\SummerSchool_Subset\images\2025-04-09\layers\2025-04-09_B04.tif,data\raw\SummerSchool_Subset\images\2025-04-09\layers\2025-04-09_B03.tif,data\raw\SummerSchool_Subset\images\2025-04-09\layers\2025-04-09_B02.tif,data\raw\SummerSchool_Subset\images\2025-04-09\layers\2025-04-09_VV.tif,data\raw\SummerSchool_Subset\images\2025-04-09\layers\2025-04-09_VH.tif,data\raw\SummerSchool_Subset\masks\2025_04_09.tiff,0,36145,1.0,0,0.0,0,0.0,0,0.0,0,0.0,train
2025-04-09,2025-04-09_r1344_c1344,6,6,1344,1344,224,224,667755.9337142198,6055379.6979485005,670002.3139905898,6057625.078082287,37185,0.7410913584183674,12991,True,True,True,data\raw\SummerSchool_Subset\images\2025-04-09\layers\2025-04-09_B04.tif,data\raw\SummerSchool_Subset\images\2025-04-09\layers\2025-04-09_B03.tif,data\raw\SummerSchool_Subset\images\2025-04-09\layers\2025-04-09_B02.tif,data\raw\SummerSchool_Subset\images\2025-04-09\layers\2025-04-09_VV.tif,data\raw\SummerSchool_Subset\images\2025-04-09\layers\2025-04-09_VH.tif,data\raw\SummerSchool_Subset\masks\2025_04_09.tiff,0 2,37184,0.999973107435794,0,0.0,1,2.6892564205997043e-05,0,0.0,1,2.6892564205997043e-05,train
2025-04-09,2025-04-09_r1344_c1568,6,7,1344,1568,224,224,670002.3139905898,6055379.6979485005,672248.6942669598,6057625.078082287,38532,0.767936862244898,11644,True,True,True,data\raw\SummerSchool_Subset\images\2025-04-09\layers\2025-04-09_B04.tif,data\raw\SummerSchool_Subset\images\2025-04-09\layers\2025-04-09_B03.tif,data\raw\SummerSchool_Subset\images\2025-04-09\layers\2025-04-09_B02.tif,data\raw\SummerSchool_Subset\images\2025-04-09\layers\2025-04-09_VV.tif,data\raw\SummerSchool_Subset\images\2025-04-09\layers\2025-04-09_VH.tif,data\raw\SummerSchool_Subset\masks\2025_04_09.tiff,0 2,38531,0.9999740475448976,0,0.0,1,2.5952455102252672e-05,0,0.0,1,2.5952455102252672e-05,train
2025-04-09,2025-04-09_r1344_c1792,6,8,1344,1792,224,224,672248.6942669598,6055379.6979485005,674495.0745433298,6057625.078082287,29699,0.5918965242346939,20477,True,True,True,data\raw\SummerSchool_Subset\images\2025-04-09\layers\2025-04-09_B04.tif,data\raw\SummerSchool_Subset\images\2025-04-09\layers\2025-04-09_B03.tif,data\raw\SummerSchool_Subset\images\2025-04-09\layers\2025-04-09_B02.tif,data\raw\SummerSchool_Subset\images\2025-04-09\layers\2025-04-09_VV.tif,data\raw\SummerSchool_Subset\images\2025-04-09\layers\2025-04-09_VH.tif,data\raw\SummerSchool_Subset\masks\2025_04_09.tiff,0 1 2 3 255,27623,0.9300986565204216,5,0.0001683558368968,1845,0.0621233038149432,226,0.0076096838277383,2076,0.0699013434795784,train
2025-04-09,2025-04-09_r1568_c0672,7,3,1568,672,224,224,661016.7928851099,6053134.317814715,663263.1731614799,6055379.6979485005,41101,0.8191366390306123,9075,True,True,True,data\raw\SummerSchool_Subset\images\2025-04-09\layers\2025-04-09_B04.tif,data\raw\SummerSchool_Subset\images\2025-04-09\layers\2025-04-09_B03.tif,data\raw\SummerSchool_Subset\images\2025-04-09\layers\2025-04-09_B02.tif,data\raw\SummerSchool_Subset\images\2025-04-09\layers\2025-04-09_VV.tif,data\raw\SummerSchool_Subset\images\2025-04-09\layers\2025-04-09_VH.tif,data\raw\SummerSchool_Subset\masks\2025_04_09.tiff,0 1 2 3 255,40783,0.992262961971728,49,0.0011921851049852,231,0.0056203012092163,38,0.0009245517140702,318,0.0077370380282718,train
2025-04-09,2025-04-09_r1568_c0896,7,4,1568,896,224,224,663263.1731614799,6053134.317814715,665509.5534378499,6055379.6979485005,38714,0.7715640943877551,11462,True,True,True,data\raw\SummerSchool_Subset\images\2025-04-09\layers\2025-04-09_B04.tif,data\raw\SummerSchool_Subset\images\2025-04-09\layers\2025-04-09_B03.tif,data\raw\SummerSchool_Subset\images\2025-04-09\layers\2025-04-09_B02.tif,data\raw\SummerSchool_Subset\images\2025-04-09\layers\2025-04-09_VV.tif,data\raw\SummerSchool_Subset\images\2025-04-09\layers\2025-04-09_VH.tif,data\raw\SummerSchool_Subset\masks\2025_04_09.tiff,0 1 2 255,38705,0.9997675259596012,6,0.0001549826935992,3,7.749134679960738e-05,0,0.0,9,0.0002324740403988,train
2025-04-09,2025-04-09_r1568_c1120,7,5,1568,1120,224,224,665509.5534378499,6053134.317814715,667755.9337142198,6055379.6979485005,37482,0.7470105229591837,12694,True,True,True,data\raw\SummerSchool_Subset\images\2025-04-09\layers\2025-04-09_B04.tif,data\raw\SummerSchool_Subset\images\2025-04-09\layers\2025-04-09_B03.tif,data\raw\SummerSchool_Subset\images\2025-04-09\layers\2025-04-09_B02.tif,data\raw\SummerSchool_Subset\images\2025-04-09\layers\2025-04-09_VV.tif,data\raw\SummerSchool_Subset\images\2025-04-09\layers\2025-04-09_VH.tif,data\raw\SummerSchool_Subset\masks\2025_04_09.tiff,0,37482,1.0,0,0.0,0,0.0,0,0.0,0,0.0,train
2025-04-09,2025-04-09_r1568_c1344,7,6,1568,1344,224,224,667755.9337142198,6053134.317814715,670002.3139905898,6055379.6979485005,36676,0.7309470663265306,13500,True,True,True,data\raw\SummerSchool_Subset\images\2025-04-09\layers\2025-04-09_B04.tif,data\raw\SummerSchool_Subset\images\2025-04-09\layers\2025-04-09_B03.tif,data\raw\SummerSchool_Subset\images\2025-04-09\layers\2025-04-09_B02.tif,data\raw\SummerSchool_Subset\images\2025-04-09\layers\2025-04-09_VV.tif,data\raw\SummerSchool_Subset\images\2025-04-09\layers\2025-04-09_VH.tif,data\raw\SummerSchool_Subset\masks\2025_04_09.tiff,0 1 2,36673,0.9999182026393282,1,2.7265786890609663e-05,2,5.4531573781219325e-05,0,0.0,3,8.1797360671829e-05,train
2025-04-09,2025-04-09_r1568_c1568,7,7,1568,1568,224,224,670002.3139905898,6053134.317814715,672248.6942669598,6055379.6979485005,37395,0.7452766262755102,12781,True,True,True,data\raw\SummerSchool_Subset\images\2025-04-09\layers\2025-04-09_B04.tif,data\raw\SummerSchool_Subset\images\2025-04-09\layers\2025-04-09_B03.tif,data\raw\SummerSchool_Subset\images\2025-04-09\layers\2025-04-09_B02.tif,data\raw\SummerSchool_Subset\images\2025-04-09\layers\2025-04-09_VV.tif,data\raw\SummerSchool_Subset\images\2025-04-09\layers\2025-04-09_VH.tif,data\raw\SummerSchool_Subset\masks\2025_04_09.tiff,0,37395,1.0,0,0.0,0,0.0,0,0.0,0,0.0,train
2025-04-09,2025-04-09_r1568_c1792,7,8,1568,1792,224,224,672248.6942669598,6053134.317814715,674495.0745433298,6055379.6979485005,32297,0.6436742665816326,17879,True,True,True,data\raw\SummerSchool_Subset\images\2025-04-09\layers\2025-04-09_B04.tif,data\raw\SummerSchool_Subset\images\2025-04-09\layers\2025-04-09_B03.tif,data\raw\SummerSchool_Subset\images\2025-04-09\layers\2025-04-09_B02.tif,data\raw\SummerSchool_Subset\images\2025-04-09\layers\2025-04-09_VV.tif,data\raw\SummerSchool_Subset\images\2025-04-09\layers\2025-04-09_VH.tif,data\raw\SummerSchool_Subset\masks\2025_04_09.tiff,0 1 2 3 255,30650,0.949004551506332,16,0.0004954020497259,1423,0.0440598197975044,208,0.0064402266464377,1647,0.0509954484936681,train
2025-04-09,2025-04-09_r1568_c2016,7,9,1568,2016,224,224,674495.0745433298,6053134.317814715,676741.4548196997,6055379.6979485005,30143,0.6007453762755102,20033,True,True,True,data\raw\SummerSchool_Subset\images\2025-04-09\layers\2025-04-09_B04.tif,data\raw\SummerSchool_Subset\images\2025-04-09\layers\2025-04-09_B03.tif,data\raw\SummerSchool_Subset\images\2025-04-09\layers\2025-04-09_B02.tif,data\raw\SummerSchool_Subset\images\2025-04-09\layers\2025-04-09_VV.tif,data\raw\SummerSchool_Subset\images\2025-04-09\layers\2025-04-09_VH.tif,data\raw\SummerSchool_Subset\masks\2025_04_09.tiff,0 1 2 3 255,23875,0.7920578575456988,2174,0.0721228809342135,3222,0.1068904886706698,872,0.0289287728494177,6268,0.2079421424543011,train
2025-04-09,2025-04-09_r1792_c0448,8,2,1792,448,224,224,658770.4126087399,6050888.937680929,661016.7928851099,6053134.317814715,29186,0.581672512755102,20990,True,True,True,data\raw\SummerSchool_Subset\images\2025-04-09\layers\2025-04-09_B04.tif,data\raw\SummerSchool_Subset\images\2025-04-09\layers\2025-04-09_B03.tif,data\raw\SummerSchool_Subset\images\2025-04-09\layers\2025-04-09_B02.tif,data\raw\SummerSchool_Subset\images\2025-04-09\layers\2025-04-09_VV.tif,data\raw\SummerSchool_Subset\images\2025-04-09\layers\2025-04-09_VH.tif,data\raw\SummerSchool_Subset\masks\2025_04_09.tiff,0 1 2 3 255,26749,0.9165010621530872,1447,0.0495785650654423,859,0.0294319194134173,131,0.0044884533680531,2437,0.0834989378469129,train
2025-04-09,2025-04-09_r1792_c0672,8,3,1792,672,224,224,661016.7928851099,6050888.937680929,663263.1731614799,6053134.317814715,39884,0.7948820153061225,10292,True,True,True,data\raw\SummerSchool_Subset\images\2025-04-09\layers\2025-04-09_B04.tif,data\raw\SummerSchool_Subset\images\2025-04-09\layers\2025-04-09_B03.tif,data\raw\SummerSchool_Subset\images\2025-04-09\layers\2025-04-09_B02.tif,data\raw\SummerSchool_Subset\images\2025-04-09\layers\2025-04-09_VV.tif,data\raw\SummerSchool_Subset\images\2025-04-09\layers\2025-04-09_VH.tif,data\raw\SummerSchool_Subset\masks\2025_04_09.tiff,0,39884,1.0,0,0.0,0,0.0,0,0.0,0,0.0,train
2025-04-09,2025-04-09_r1792_c0896,8,4,1792,896,224,224,663263.1731614799,6050888.937680929,665509.5534378499,6053134.317814715,38244,0.7621970663265306,11932,True,True,True,data\raw\SummerSchool_Subset\images\2025-04-09\layers\2025-04-09_B04.tif,data\raw\SummerSchool_Subset\images\2025-04-09\layers\2025-04-09_B03.tif,data\raw\SummerSchool_Subset\images\2025-04-09\layers\2025-04-09_B02.tif,data\raw\SummerSchool_Subset\images\2025-04-09\layers\2025-04-09_VV.tif,data\raw\SummerSchool_Subset\images\2025-04-09\layers\2025-04-09_VH.tif,data\raw\SummerSchool_Subset\masks\2025_04_09.tiff,0,38244,1.0,0,0.0,0,0.0,0,0.0,0,0.0,train
2025-04-09,2025-04-09_r1792_c1120,8,5,1792,1120,224,224,665509.5534378499,6050888.937680929,667755.9337142198,6053134.317814715,36598,0.7293925382653061,13578,True,True,True,data\raw\SummerSchool_Subset\images\2025-04-09\layers\2025-04-09_B04.tif,data\raw\SummerSchool_Subset\images\2025-04-09\layers\2025-04-09_B03.tif,data\raw\SummerSchool_Subset\images\2025-04-09\layers\2025-04-09_B02.tif,data\raw\SummerSchool_Subset\images\2025-04-09\layers\2025-04-09_VV.tif,data\raw\SummerSchool_Subset\images\2025-04-09\layers\2025-04-09_VH.tif,data\raw\SummerSchool_Subset\masks\2025_04_09.tiff,0,36598,1.0,0,0.0,0,0.0,0,0.0,0,0.0,train
2025-04-09,2025-04-09_r1792_c1344,8,6,1792,1344,224,224,667755.9337142198,6050888.937680929,670002.3139905898,6053134.317814715,36203,0.7215202487244898,13973,True,True,True,data\raw\SummerSchool_Subset\images\2025-04-09\layers\2025-04-09_B04.tif,data\raw\SummerSchool_Subset\images\2025-04-09\layers\2025-04-09_B03.tif,data\raw\SummerSchool_Subset\images\2025-04-09\layers\2025-04-09_B02.tif,data\raw\SummerSchool_Subset\images\2025-04-09\layers\2025-04-09_VV.tif,data\raw\SummerSchool_Subset\images\2025-04-09\layers\2025-04-09_VH.tif,data\raw\SummerSchool_Subset\masks\2025_04_09.tiff,0,36203,1.0,0,0.0,0,0.0,0,0.0,0,0.0,train
2025-04-09,2025-04-09_r1792_c1568,8,7,1792,1568,224,224,670002.3139905898,6050888.937680929,672248.6942669598,6053134.317814715,38640,0.7700892857142857,11536,True,True,True,data\raw\SummerSchool_Subset\images\2025-04-09\layers\2025-04-09_B04.tif,data\raw\SummerSchool_Subset\images\2025-04-09\layers\2025-04-09_B03.tif,data\raw\SummerSchool_Subset\images\2025-04-09\layers\2025-04-09_B02.tif,data\raw\SummerSchool_Subset\images\2025-04-09\layers\2025-04-09_VV.tif,data\raw\SummerSchool_Subset\images\2025-04-09\layers\2025-04-09_VH.tif,data\raw\SummerSchool_Subset\masks\2025_04_09.tiff,0,38640,1.0,0,0.0,0,0.0,0,0.0,0,0.0,train
2025-04-09,2025-04-09_r1792_c1792,8,8,1792,1792,224,224,672248.6942669598,6050888.937680929,674495.0745433298,6053134.317814715,39739,0.7919921875,10437,True,True,True,data\raw\SummerSchool_Subset\images\2025-04-09\layers\2025-04-09_B04.tif,data\raw\SummerSchool_Subset\images\2025-04-09\layers\2025-04-09_B03.tif,data\raw\SummerSchool_Subset\images\2025-04-09\layers\2025-04-09_B02.tif,data\raw\SummerSchool_Subset\images\2025-04-09\layers\2025-04-09_VV.tif,data\raw\SummerSchool_Subset\images\2025-04-09\layers\2025-04-09_VH.tif,data\raw\SummerSchool_Subset\masks\2025_04_09.tiff,0 1 2 3 255,38300,0.963788721407182,13,0.000327134552958,1328,0.033418052794484,98,0.002466091245376,1439,0.0362112785928181,train
2025-04-09,2025-04-09_r1792_c2016,8,9,1792,2016,224,224,674495.0745433298,6050888.937680929,676741.4548196997,6053134.317814715,36491,0.7272600446428571,13685,True,True,True,data\raw\SummerSchool_Subset\images\2025-04-09\layers\2025-04-09_B04.tif,data\raw\SummerSchool_Subset\images\2025-04-09\layers\2025-04-09_B03.tif,data\raw\SummerSchool_Subset\images\2025-04-09\layers\2025-04-09_B02.tif,data\raw\SummerSchool_Subset\images\2025-04-09\layers\2025-04-09_VV.tif,data\raw\SummerSchool_Subset\images\2025-04-09\layers\2025-04-09_VH.tif,data\raw\SummerSchool_Subset\masks\2025_04_09.tiff,0 1 2 3 255,32681,0.8955906935956811,436,0.0119481515990244,3009,0.0824586884437258,365,0.0100024663615686,3810,0.1044093064043188,train
2025-04-09,2025-04-09_r2016_c0224,9,1,2016,224,224,224,656524.0323323699,6048643.557547144,658770.4126087399,6050888.937680929,30694,0.6117267219387755,19482,True,True,True,data\raw\SummerSchool_Subset\images\2025-04-09\layers\2025-04-09_B04.tif,data\raw\SummerSchool_Subset\images\2025-04-09\layers\2025-04-09_B03.tif,data\raw\SummerSchool_Subset\images\2025-04-09\layers\2025-04-09_B02.tif,data\raw\SummerSchool_Subset\images\2025-04-09\layers\2025-04-09_VV.tif,data\raw\SummerSchool_Subset\images\2025-04-09\layers\2025-04-09_VH.tif,data\raw\SummerSchool_Subset\masks\2025_04_09.tiff,0 1 2 3 255,28644,0.9332117026128884,266,0.0086661888316934,1581,0.0515084381312308,203,0.0066136704241871,2050,0.0667882973871114,train
2025-04-09,2025-04-09_r2016_c0448,9,2,2016,448,224,224,658770.4126087399,6048643.557547144,661016.7928851099,6050888.937680929,40946,0.816047512755102,9230,True,True,True,data\raw\SummerSchool_Subset\images\2025-04-09\layers\2025-04-09_B04.tif,data\raw\SummerSchool_Subset\images\2025-04-09\layers\2025-04-09_B03.tif,data\raw\SummerSchool_Subset\images\2025-04-09\layers\2025-04-09_B02.tif,data\raw\SummerSchool_Subset\images\2025-04-09\layers\2025-04-09_VV.tif,data\raw\SummerSchool_Subset\images\2025-04-09\layers\2025-04-09_VH.tif,data\raw\SummerSchool_Subset\masks\2025_04_09.tiff,0,40946,1.0,0,0.0,0,0.0,0,0.0,0,0.0,train
2025-04-09,2025-04-09_r2016_c0672,9,3,2016,672,224,224,661016.7928851099,6048643.557547144,663263.1731614799,6050888.937680929,37480,0.7469706632653061,12696,True,True,True,data\raw\SummerSchool_Subset\images\2025-04-09\layers\2025-04-09_B04.tif,data\raw\SummerSchool_Subset\images\2025-04-09\layers\2025-04-09_B03.tif,data\raw\SummerSchool_Subset\images\2025-04-09\layers\2025-04-09_B02.tif,data\raw\SummerSchool_Subset\images\2025-04-09\layers\2025-04-09_VV.tif,data\raw\SummerSchool_Subset\images\2025-04-09\layers\2025-04-09_VH.tif,data\raw\SummerSchool_Subset\masks\2025_04_09.tiff,0 2,37479,0.9999733191035218,0,0.0,1,2.6680896478121665e-05,0,0.0,1,2.6680896478121665e-05,train
2025-04-09,2025-04-09_r2016_c0896,9,4,2016,896,224,224,663263.1731614799,6048643.557547144,665509.5534378499,6050888.937680929,34348,0.6845503826530612,15828,True,True,True,data\raw\SummerSchool_Subset\images\2025-04-09\layers\2025-04-09_B04.tif,data\raw\SummerSchool_Subset\images\2025-04-09\layers\2025-04-09_B03.tif,data\raw\SummerSchool_Subset\images\2025-04-09\layers\2025-04-09_B02.tif,data\raw\SummerSchool_Subset\images\2025-04-09\layers\2025-04-09_VV.tif,data\raw\SummerSchool_Subset\images\2025-04-09\layers\2025-04-09_VH.tif,data\raw\SummerSchool_Subset\masks\2025_04_09.tiff,0 2,34346,0.9999417724467218,0,0.0,2,5.822755327821125e-05,0,0.0,2,5.822755327821125e-05,train
2025-04-09,2025-04-09_r2016_c1120,9,5,2016,1120,224,224,665509.5534378499,6048643.557547144,667755.9337142198,6050888.937680929,35624,0.7099808673469388,14552,True,True,True,data\raw\SummerSchool_Subset\images\2025-04-09\layers\2025-04-09_B04.tif,data\raw\SummerSchool_Subset\images\2025-04-09\layers\2025-04-09_B03.tif,data\raw\SummerSchool_Subset\images\2025-04-09\layers\2025-04-09_B02.tif,data\raw\SummerSchool_Subset\images\2025-04-09\layers\2025-04-09_VV.tif,data\raw\SummerSchool_Subset\images\2025-04-09\layers\2025-04-09_VH.tif,data\raw\SummerSchool_Subset\masks\2025_04_09.tiff,0 2,35623,0.9999719290366046,0,0.0,1,2.8070963395463733e-05,0,0.0,1,2.8070963395463733e-05,train
2025-04-09,2025-04-09_r2016_c1344,9,6,2016,1344,224,224,667755.9337142198,6048643.557547144,670002.3139905898,6050888.937680929,36403,0.7255062181122449,13773,True,True,True,data\raw\SummerSchool_Subset\images\2025-04-09\layers\2025-04-09_B04.tif,data\raw\SummerSchool_Subset\images\2025-04-09\layers\2025-04-09_B03.tif,data\raw\SummerSchool_Subset\images\2025-04-09\layers\2025-04-09_B02.tif,data\raw\SummerSchool_Subset\images\2025-04-09\layers\2025-04-09_VV.tif,data\raw\SummerSchool_Subset\images\2025-04-09\layers\2025-04-09_VH.tif,data\raw\SummerSchool_Subset\masks\2025_04_09.tiff,0 2,36403,1.0,0,0.0,0,0.0,0,0.0,0,0.0,train
2025-04-09,2025-04-09_r2016_c1568,9,7,2016,1568,224,224,670002.3139905898,6048643.557547144,672248.6942669598,6050888.937680929,39603,0.7892817283163265,10573,True,True,True,data\raw\SummerSchool_Subset\images\2025-04-09\layers\2025-04-09_B04.tif,data\raw\SummerSchool_Subset\images\2025-04-09\layers\2025-04-09_B03.tif,data\raw\SummerSchool_Subset\images\2025-04-09\layers\2025-04-09_B02.tif,data\raw\SummerSchool_Subset\images\2025-04-09\layers\2025-04-09_VV.tif,data\raw\SummerSchool_Subset\images\2025-04-09\layers\2025-04-09_VH.tif,data\raw\SummerSchool_Subset\masks\2025_04_09.tiff,0 2,39584,0.9995202383657804,0,0.0,19,0.0004797616342196,0,0.0,19,0.0004797616342196,train
2025-04-09,2025-04-09_r2016_c1792,9,8,2016,1792,224,224,672248.6942669598,6048643.557547144,674495.0745433298,6050888.937680929,28083,0.5596898915816326,22093,True,True,True,data\raw\SummerSchool_Subset\images\2025-04-09\layers\2025-04-09_B04.tif,data\raw\SummerSchool_Subset\images\2025-04-09\layers\2025-04-09_B03.tif,data\raw\SummerSchool_Subset\images\2025-04-09\layers\2025-04-09_B02.tif,data\raw\SummerSchool_Subset\images\2025-04-09\layers\2025-04-09_VV.tif,data\raw\SummerSchool_Subset\images\2025-04-09\layers\2025-04-09_VH.tif,data\raw\SummerSchool_Subset\masks\2025_04_09.tiff,0 1 2 3 255,24111,0.8585621194316847,24,0.0008546095502617,3699,0.1317166969340882,249,0.0088665740839653,3972,0.1414378805683153,train
2025-04-09,2025-04-09_r2240_c0000,10,0,2240,0,224,224,654277.652056,6046398.177413358,656524.0323323699,6048643.557547144,23759,0.4735132334183674,26417,True,True,True,data\raw\SummerSchool_Subset\images\2025-04-09\layers\2025-04-09_B04.tif,data\raw\SummerSchool_Subset\images\2025-04-09\layers\2025-04-09_B03.tif,data\raw\SummerSchool_Subset\images\2025-04-09\layers\2025-04-09_B02.tif,data\raw\SummerSchool_Subset\images\2025-04-09\layers\2025-04-09_VV.tif,data\raw\SummerSchool_Subset\images\2025-04-09\layers\2025-04-09_VH.tif,data\raw\SummerSchool_Subset\masks\2025_04_09.tiff,0 1 2 3 255,20477,0.8618628730165411,1865,0.0784965697209478,1336,0.056231322867124,81,0.003409234395387,3282,0.1381371269834589,train
2025-04-09,2025-04-09_r2240_c0224,10,1,2240,224,224,224,656524.0323323699,6046398.177413358,658770.4126087399,6048643.557547144,42381,0.8446468431122449,7795,True,True,True,data\raw\SummerSchool_Subset\images\2025-04-09\layers\2025-04-09_B04.tif,data\raw\SummerSchool_Subset\images\2025-04-09\layers\2025-04-09_B03.tif,data\raw\SummerSchool_Subset\images\2025-04-09\layers\2025-04-09_B02.tif,data\raw\SummerSchool_Subset\images\2025-04-09\layers\2025-04-09_VV.tif,data\raw\SummerSchool_Subset\images\2025-04-09\layers\2025-04-09_VH.tif,data\raw\SummerSchool_Subset\masks\2025_04_09.tiff,0 2,42365,0.9996224723343008,0,0.0,16,0.0003775276656992,0,0.0,16,0.0003775276656992,train
2025-04-09,2025-04-09_r2240_c0448,10,2,2240,448,224,224,658770.4126087399,6046398.177413358,661016.7928851099,6048643.557547144,38888,0.775031887755102,11288,True,True,True,data\raw\SummerSchool_Subset\images\2025-04-09\layers\2025-04-09_B04.tif,data\raw\SummerSchool_Subset\images\2025-04-09\layers\2025-04-09_B03.tif,data\raw\SummerSchool_Subset\images\2025-04-09\layers\2025-04-09_B02.tif,data\raw\SummerSchool_Subset\images\2025-04-09\layers\2025-04-09_VV.tif,data\raw\SummerSchool_Subset\images\2025-04-09\layers\2025-04-09_VH.tif,data\raw\SummerSchool_Subset\masks\2025_04_09.tiff,0 2,38887,0.9999742851265172,0,0.0,1,2.5714873482822464e-05,0,0.0,1,2.5714873482822464e-05,train
2025-04-09,2025-04-09_r2240_c0672,10,3,2240,672,224,224,661016.7928851099,6046398.177413358,663263.1731614799,6048643.557547144,36043,0.7183314732142857,14133,True,True,True,data\raw\SummerSchool_Subset\images\2025-04-09\layers\2025-04-09_B04.tif,data\raw\SummerSchool_Subset\images\2025-04-09\layers\2025-04-09_B03.tif,data\raw\SummerSchool_Subset\images\2025-04-09\layers\2025-04-09_B02.tif,data\raw\SummerSchool_Subset\images\2025-04-09\layers\2025-04-09_VV.tif,data\raw\SummerSchool_Subset\images\2025-04-09\layers\2025-04-09_VH.tif,data\raw\SummerSchool_Subset\masks\2025_04_09.tiff,0 2,36041,0.9999445107233028,0,0.0,2,5.548927669727825e-05,0,0.0,2,5.548927669727825e-05,train
2025-04-09,2025-04-09_r2240_c0896,10,4,2240,896,224,224,663263.1731614799,6046398.177413358,665509.5534378499,6048643.557547144,32880,0.6552933673469388,17296,True,True,True,data\raw\SummerSchool_Subset\images\2025-04-09\layers\2025-04-09_B04.tif,data\raw\SummerSchool_Subset\images\2025-04-09\layers\2025-04-09_B03.tif,data\raw\SummerSchool_Subset\images\2025-04-09\layers\2025-04-09_B02.tif,data\raw\SummerSchool_Subset\images\2025-04-09\layers\2025-04-09_VV.tif,data\raw\SummerSchool_Subset\images\2025-04-09\layers\2025-04-09_VH.tif,data\raw\SummerSchool_Subset\masks\2025_04_09.tiff,0 2,32874,0.9998175182481752,0,0.0,6,0.0001824817518248,0,0.0,6,0.0001824817518248,train
2025-04-09,2025-04-09_r2240_c1120,10,5,2240,1120,224,224,665509.5534378499,6046398.177413358,667755.9337142198,6048643.557547144,33834,0.6743064413265306,16342,True,True,True,data\raw\SummerSchool_Subset\images\2025-04-09\layers\2025-04-09_B04.tif,data\raw\SummerSchool_Subset\images\2025-04-09\layers\2025-04-09_B03.tif,data\raw\SummerSchool_Subset\images\2025-04-09\layers\2025-04-09_B02.tif,data\raw\SummerSchool_Subset\images\2025-04-09\layers\2025-04-09_VV.tif,data\raw\SummerSchool_Subset\images\2025-04-09\layers\2025-04-09_VH.tif,data\raw\SummerSchool_Subset\masks\2025_04_09.tiff,0 2,33833,0.9999704439321392,0,0.0,1,2.9556067860731807e-05,0,0.0,1,2.9556067860731807e-05,train
2025-04-09,2025-04-09_r2240_c1344,10,6,2240,1344,224,224,667755.9337142198,6046398.177413358,670002.3139905898,6048643.557547144,39066,0.7785794005102041,11110,True,True,True,data\raw\SummerSchool_Subset\images\2025-04-09\layers\2025-04-09_B04.tif,data\raw\SummerSchool_Subset\images\2025-04-09\layers\2025-04-09_B03.tif,data\raw\SummerSchool_Subset\images\2025-04-09\layers\2025-04-09_B02.tif,data\raw\SummerSchool_Subset\images\2025-04-09\layers\2025-04-09_VV.tif,data\raw\SummerSchool_Subset\images\2025-04-09\layers\2025-04-09_VH.tif,data\raw\SummerSchool_Subset\masks\2025_04_09.tiff,0 2,39010,0.998566528439052,0,0.0,56,0.0014334715609481,0,0.0,56,0.0014334715609481,train
2025-04-09,2025-04-09_r2240_c1568,10,7,2240,1568,224,224,670002.3139905898,6046398.177413358,672248.6942669598,6048643.557547144,39991,0.7970145089285714,10185,True,True,True,data\raw\SummerSchool_Subset\images\2025-04-09\layers\2025-04-09_B04.tif,data\raw\SummerSchool_Subset\images\2025-04-09\layers\2025-04-09_B03.tif,data\raw\SummerSchool_Subset\images\2025-04-09\layers\2025-04-09_B02.tif,data\raw\SummerSchool_Subset\images\2025-04-09\layers\2025-04-09_VV.tif,data\raw\SummerSchool_Subset\images\2025-04-09\layers\2025-04-09_VH.tif,data\raw\SummerSchool_Subset\masks\2025_04_09.tiff,0 1 2 3 255,39324,0.9833212472806382,3,7.50168787977295e-05,522,0.0130529369108049,142,0.0035507989297591,667,0.0166787527193618,train
2025-04-09,2025-04-09_r2464_c0000,11,0,2464,0,224,224,654277.652056,6044152.797279572,656524.0323323699,6046398.177413358,22167,0.4417849170918367,28009,True,True,True,data\raw\SummerSchool_Subset\images\2025-04-09\layers\2025-04-09_B04.tif,data\raw\SummerSchool_Subset\images\2025-04-09\layers\2025-04-09_B03.tif,data\raw\SummerSchool_Subset\images\2025-04-09\layers\2025-04-09_B02.tif,data\raw\SummerSchool_Subset\images\2025-04-09\layers\2025-04-09_VV.tif,data\raw\SummerSchool_Subset\images\2025-04-09\layers\2025-04-09_VH.tif,data\raw\SummerSchool_Subset\masks\2025_04_09.tiff,0 1 2 3 255,18452,0.8324085352099968,1897,0.0855776604863084,1591,0.0717733567916271,227,0.0102404475120674,3715,0.1675914647900031,train
2025-04-09,2025-04-09_r2464_c0224,11,1,2464,224,224,224,656524.0323323699,6044152.797279572,658770.4126087399,6046398.177413358,43242,0.8618064413265306,6934,True,True,True,data\raw\SummerSchool_Subset\images\2025-04-09\layers\2025-04-09_B04.tif,data\raw\SummerSchool_Subset\images\2025-04-09\layers\2025-04-09_B03.tif,data\raw\SummerSchool_Subset\images\2025-04-09\layers\2025-04-09_B02.tif,data\raw\SummerSchool_Subset\images\2025-04-09\layers\2025-04-09_VV.tif,data\raw\SummerSchool_Subset\images\2025-04-09\layers\2025-04-09_VH.tif,data\raw\SummerSchool_Subset\masks\2025_04_09.tiff,0 1 2 3 255,41134,0.951251098469081,69,0.0015956708755376,1971,0.0455806854447065,68,0.0015725452106748,2108,0.048748901530919,train
2025-04-09,2025-04-09_r2464_c0448,11,2,2464,448,224,224,658770.4126087399,6044152.797279572,661016.7928851099,6046398.177413358,40780,0.8127391581632653,9396,True,True,True,data\raw\SummerSchool_Subset\images\2025-04-09\layers\2025-04-09_B04.tif,data\raw\SummerSchool_Subset\images\2025-04-09\layers\2025-04-09_B03.tif,data\raw\SummerSchool_Subset\images\2025-04-09\layers\2025-04-09_B02.tif,data\raw\SummerSchool_Subset\images\2025-04-09\layers\2025-04-09_VV.tif,data\raw\SummerSchool_Subset\images\2025-04-09\layers\2025-04-09_VH.tif,data\raw\SummerSchool_Subset\masks\2025_04_09.tiff,0 1 2 3 255,40538,0.9940657184894556,5,0.0001226091221186,230,0.0056400196174595,7,0.0001716527709661,242,0.0059342815105443,train
2025-04-09,2025-04-09_r2464_c0672,11,3,2464,672,224,224,661016.7928851099,6044152.797279572,663263.1731614799,6046398.177413358,36836,0.7341358418367347,13340,True,True,True,data\raw\SummerSchool_Subset\images\2025-04-09\layers\2025-04-09_B04.tif,data\raw\SummerSchool_Subset\images\2025-04-09\layers\2025-04-09_B03.tif,data\raw\SummerSchool_Subset\images\2025-04-09\layers\2025-04-09_B02.tif,data\raw\SummerSchool_Subset\images\2025-04-09\layers\2025-04-09_VV.tif,data\raw\SummerSchool_Subset\images\2025-04-09\layers\2025-04-09_VH.tif,data\raw\SummerSchool_Subset\masks\2025_04_09.tiff,0 1 2 3 255,35247,0.9568628515582582,14,0.0003800629818655,1350,0.0366489303941796,225,0.0061081550656966,1589,0.0431371484417417,train
2025-04-09,2025-04-09_r2464_c0896,11,4,2464,896,224,224,663263.1731614799,6044152.797279572,665509.5534378499,6046398.177413358,35292,0.7033641581632653,14884,True,True,True,data\raw\SummerSchool_Subset\images\2025-04-09\layers\2025-04-09_B04.tif,data\raw\SummerSchool_Subset\images\2025-04-09\layers\2025-04-09_B03.tif,data\raw\SummerSchool_Subset\images\2025-04-09\layers\2025-04-09_B02.tif,data\raw\SummerSchool_Subset\images\2025-04-09\layers\2025-04-09_VV.tif,data\raw\SummerSchool_Subset\images\2025-04-09\layers\2025-04-09_VH.tif,data\raw\SummerSchool_Subset\masks\2025_04_09.tiff,0 1 2 3 255,34486,0.9771619630511164,2,5.667006687067891e-05,727,0.0205995693074917,77,0.0021817975745211,806,0.0228380369488836,train
2025-04-09,2025-04-09_r2464_c1120,11,5,2464,1120,224,224,665509.5534378499,6044152.797279572,667755.9337142198,6046398.177413358,36285,0.7231544961734694,13891,True,True,True,data\raw\SummerSchool_Subset\images\2025-04-09\layers\2025-04-09_B04.tif,data\raw\SummerSchool_Subset\images\2025-04-09\layers\2025-04-09_B03.tif,data\raw\SummerSchool_Subset\images\2025-04-09\layers\2025-04-09_B02.tif,data\raw\SummerSchool_Subset\images\2025-04-09\layers\2025-04-09_VV.tif,data\raw\SummerSchool_Subset\images\2025-04-09\layers\2025-04-09_VH.tif,data\raw\SummerSchool_Subset\masks\2025_04_09.tiff,0 2,36278,0.9998070828165908,0,0.0,7,0.0001929171834091,0,0.0,7,0.0001929171834091,train
2025-04-09,2025-04-09_r2464_c1344,11,6,2464,1344,224,224,667755.9337142198,6044152.797279572,670002.3139905898,6046398.177413358,39588,0.7889827806122449,10588,True,True,True,data\raw\SummerSchool_Subset\images\2025-04-09\layers\2025-04-09_B04.tif,data\raw\SummerSchool_Subset\images\2025-04-09\layers\2025-04-09_B03.tif,data\raw\SummerSchool_Subset\images\2025-04-09\layers\2025-04-09_B02.tif,data\raw\SummerSchool_Subset\images\2025-04-09\layers\2025-04-09_VV.tif,data\raw\SummerSchool_Subset\images\2025-04-09\layers\2025-04-09_VH.tif,data\raw\SummerSchool_Subset\masks\2025_04_09.tiff,0 2,39577,0.9997221380216228,0,0.0,11,0.0002778619783772,0,0.0,11,0.0002778619783772,train
2025-04-09,2025-04-09_r2464_c1568,11,7,2464,1568,224,224,670002.3139905898,6044152.797279572,672248.6942669598,6046398.177413358,31314,0.6240832270408163,18862,True,True,True,data\raw\SummerSchool_Subset\images\2025-04-09\layers\2025-04-09_B04.tif,data\raw\SummerSchool_Subset\images\2025-04-09\layers\2025-04-09_B03.tif,data\raw\SummerSchool_Subset\images\2025-04-09\layers\2025-04-09_B02.tif,data\raw\SummerSchool_Subset\images\2025-04-09\layers\2025-04-09_VV.tif,data\raw\SummerSchool_Subset\images\2025-04-09\layers\2025-04-09_VH.tif,data\raw\SummerSchool_Subset\masks\2025_04_09.tiff,0 1 2 3 255,28325,0.9045474867471418,75,0.0023950948457558,2578,0.0823273934981158,336,0.0107300249089863,2989,0.0954525132528581,train
2025-04-09,2025-04-09_r2688_c0224,12,1,2688,224,224,224,656524.0323323699,6041907.417145787,658770.4126087399,6044152.797279572,15792,0.3147321428571428,34384,True,True,True,data\raw\SummerSchool_Subset\images\2025-04-09\layers\2025-04-09_B04.tif,data\raw\SummerSchool_Subset\images\2025-04-09\layers\2025-04-09_B03.tif,data\raw\SummerSchool_Subset\images\2025-04-09\layers\2025-04-09_B02.tif,data\raw\SummerSchool_Subset\images\2025-04-09\layers\2025-04-09_VV.tif,data\raw\SummerSchool_Subset\images\2025-04-09\layers\2025-04-09_VH.tif,data\raw\SummerSchool_Subset\masks\2025_04_09.tiff,0 1 2 3 255,11923,0.7550025329280649,413,0.0261524822695035,2818,0.1784447821681864,638,0.0404002026342451,3869,0.2449974670719351,train
2025-04-09,2025-04-09_r2688_c0448,12,2,2688,448,224,224,658770.4126087399,6041907.417145787,661016.7928851099,6044152.797279572,27616,0.5503826530612245,22560,True,True,True,data\raw\SummerSchool_Subset\images\2025-04-09\layers\2025-04-09_B04.tif,data\raw\SummerSchool_Subset\images\2025-04-09\layers\2025-04-09_B03.tif,data\raw\SummerSchool_Subset\images\2025-04-09\layers\2025-04-09_B02.tif,data\raw\SummerSchool_Subset\images\2025-04-09\layers\2025-04-09_VV.tif,data\raw\SummerSchool_Subset\images\2025-04-09\layers\2025-04-09_VH.tif,data\raw\SummerSchool_Subset\masks\2025_04_09.tiff,0 1 2 3 255,22646,0.820031865585168,716,0.0259269988412514,3893,0.1409690034762456,361,0.0130721320973348,4970,0.1799681344148319,train
2025-04-09,2025-04-09_r2688_c0896,12,4,2688,896,224,224,663263.1731614799,6041907.417145787,665509.5534378499,6044152.797279572,12635,0.2518136160714285,37541,True,True,True,data\raw\SummerSchool_Subset\images\2025-04-09\layers\2025-04-09_B04.tif,data\raw\SummerSchool_Subset\images\2025-04-09\layers\2025-04-09_B03.tif,data\raw\SummerSchool_Subset\images\2025-04-09\layers\2025-04-09_B02.tif,data\raw\SummerSchool_Subset\images\2025-04-09\layers\2025-04-09_VV.tif,data\raw\SummerSchool_Subset\images\2025-04-09\layers\2025-04-09_VH.tif,data\raw\SummerSchool_Subset\masks\2025_04_09.tiff,0 1 2 3 255,9850,0.7795805302730511,805,0.0637119113573407,1567,0.1240205777601899,413,0.0326869806094182,2785,0.2204194697269489,train
2025-04-09,2025-04-09_r2688_c1120,12,5,2688,1120,224,224,665509.5534378499,6041907.417145787,667755.9337142198,6044152.797279572,19131,0.3812779017857143,31045,True,True,True,data\raw\SummerSchool_Subset\images\2025-04-09\layers\2025-04-09_B04.tif,data\raw\SummerSchool_Subset\images\2025-04-09\layers\2025-04-09_B03.tif,data\raw\SummerSchool_Subset\images\2025-04-09\layers\2025-04-09_B02.tif,data\raw\SummerSchool_Subset\images\2025-04-09\layers\2025-04-09_VV.tif,data\raw\SummerSchool_Subset\images\2025-04-09\layers\2025-04-09_VH.tif,data\raw\SummerSchool_Subset\masks\2025_04_09.tiff,0 1 2 3 255,16732,0.8746014322304114,819,0.0428100987925356,1315,0.0687366055093826,265,0.0138518634676702,2399,0.1253985677695886,train
2025-04-09,2025-04-09_r2688_c1344,12,6,2688,1344,224,224,667755.9337142198,6041907.417145787,670002.3139905898,6044152.797279572,40736,0.8118622448979592,9440,True,True,True,data\raw\SummerSchool_Subset\images\2025-04-09\layers\2025-04-09_B04.tif,data\raw\SummerSchool_Subset\images\2025-04-09\layers\2025-04-09_B03.tif,data\raw\SummerSchool_Subset\images\2025-04-09\layers\2025-04-09_B02.tif,data\raw\SummerSchool_Subset\images\2025-04-09\layers\2025-04-09_VV.tif,data\raw\SummerSchool_Subset\images\2025-04-09\layers\2025-04-09_VH.tif,data\raw\SummerSchool_Subset\masks\2025_04_09.tiff,0 1 2 3 255,39631,0.9728741162608012,16,0.0003927729772191,951,0.0233454438334642,138,0.0033876669285153,1105,0.0271258837391987,train
2025-04-09,2025-04-09_r2688_c1568,12,7,2688,1568,224,224,670002.3139905898,6041907.417145787,672248.6942669598,6044152.797279572,33213,0.6619300063775511,16963,True,True,True,data\raw\SummerSchool_Subset\images\2025-04-09\layers\2025-04-09_B04.tif,data\raw\SummerSchool_Subset\images\2025-04-09\layers\2025-04-09_B03.tif,data\raw\SummerSchool_Subset\images\2025-04-09\layers\2025-04-09_B02.tif,data\raw\SummerSchool_Subset\images\2025-04-09\layers\2025-04-09_VV.tif,data\raw\SummerSchool_Subset\images\2025-04-09\layers\2025-04-09_VH.tif,data\raw\SummerSchool_Subset\masks\2025_04_09.tiff,0 1 2 3 255,29003,0.8732424050823473,72,0.0021678258513232,3418,0.1029115105530966,720,0.0216782585132327,4210,0.1267575949176527,train
2025-04-09,2025-04-09_r2912_c1344,13,6,2912,1344,224,224,667755.9337142198,6039662.037012001,670002.3139905898,6041907.417145787,12379,0.246711575255102,37797,True,True,True,data\raw\SummerSchool_Subset\images\2025-04-09\layers\2025-04-09_B04.tif,data\raw\SummerSchool_Subset\images\2025-04-09\layers\2025-04-09_B03.tif,data\raw\SummerSchool_Subset\images\2025-04-09\layers\2025-04-09_B02.tif,data\raw\SummerSchool_Subset\images\2025-04-09\layers\2025-04-09_VV.tif,data\raw\SummerSchool_Subset\images\2025-04-09\layers\2025-04-09_VH.tif,data\raw\SummerSchool_Subset\masks\2025_04_09.tiff,0 1 2 3 255,8605,0.6951288472412958,196,0.0158332660150254,3313,0.2676306648356087,265,0.0214072219080701,3774,0.3048711527587042,train
2025-05-16,2025-05-16_r0000_c0672,0,3,0,672,224,224,661016.7928851099,6068851.978751215,663263.1731614799,6071097.358885,21033,0.4191844706632653,29143,True,True,True,data\raw\SummerSchool_Subset\images\2025-05-16\layers\2025-05-16_B04.tif,data\raw\SummerSchool_Subset\images\2025-05-16\layers\2025-05-16_B03.tif,data\raw\SummerSchool_Subset\images\2025-05-16\layers\2025-05-16_B02.tif,data\raw\SummerSchool_Subset\images\2025-05-16\layers\2025-05-16_VV.tif,data\raw\SummerSchool_Subset\images\2025-05-16\layers\2025-05-16_VH.tif,data\raw\SummerSchool_Subset\masks\2025_05_16.tiff,0 1 2 3 255,8785,0.4176769837873817,228,0.010840108401084,11531,0.5482337279513146,489,0.0232491798602196,12248,0.5823230162126183,train
2025-05-16,2025-05-16_r0224_c0448,1,2,224,448,224,224,658770.4126087399,6066606.598617429,661016.7928851099,6068851.978751215,17705,0.3528579400510204,32471,True,True,True,data\raw\SummerSchool_Subset\images\2025-05-16\layers\2025-05-16_B04.tif,data\raw\SummerSchool_Subset\images\2025-05-16\layers\2025-05-16_B03.tif,data\raw\SummerSchool_Subset\images\2025-05-16\layers\2025-05-16_B02.tif,data\raw\SummerSchool_Subset\images\2025-05-16\layers\2025-05-16_VV.tif,data\raw\SummerSchool_Subset\images\2025-05-16\layers\2025-05-16_VH.tif,data\raw\SummerSchool_Subset\masks\2025_05_16.tiff,0 1 2 3 255,6265,0.3538548432646145,448,0.0253035865574696,10586,0.597910194860209,406,0.0229313753177068,11440,0.6461451567353855,train
2025-05-16,2025-05-16_r0224_c0672,1,3,224,672,224,224,661016.7928851099,6066606.598617429,663263.1731614799,6068851.978751215,42767,0.8523397640306123,7409,True,True,True,data\raw\SummerSchool_Subset\images\2025-05-16\layers\2025-05-16_B04.tif,data\raw\SummerSchool_Subset\images\2025-05-16\layers\2025-05-16_B03.tif,data\raw\SummerSchool_Subset\images\2025-05-16\layers\2025-05-16_B02.tif,data\raw\SummerSchool_Subset\images\2025-05-16\layers\2025-05-16_VV.tif,data\raw\SummerSchool_Subset\images\2025-05-16\layers\2025-05-16_VH.tif,data\raw\SummerSchool_Subset\masks\2025_05_16.tiff,0 1 2 3 255,27926,0.6529801014801132,72,0.0016835410480043,14564,0.3405429419879814,205,0.0047934154839011,14841,0.3470198985198868,train
2025-05-16,2025-05-16_r0224_c2016,1,9,224,2016,224,224,674495.0745433298,6066606.598617429,676741.4548196997,6068851.978751215,19465,0.3879344706632653,30711,True,True,True,data\raw\SummerSchool_Subset\images\2025-05-16\layers\2025-05-16_B04.tif,data\raw\SummerSchool_Subset\images\2025-05-16\layers\2025-05-16_B03.tif,data\raw\SummerSchool_Subset\images\2025-05-16\layers\2025-05-16_B02.tif,data\raw\SummerSchool_Subset\images\2025-05-16\layers\2025-05-16_VV.tif,data\raw\SummerSchool_Subset\images\2025-05-16\layers\2025-05-16_VH.tif,data\raw\SummerSchool_Subset\masks\2025_05_16.tiff,0 1 2 3 255,11716,0.6019008476753147,61,0.0031338299511944,7355,0.3778576932956589,333,0.017107629077832,7749,0.3980991523246853,train
2025-05-16,2025-05-16_r0448_c0448,2,2,448,448,224,224,658770.4126087399,6064361.218483644,661016.7928851099,6066606.598617429,33535,0.6683474170918368,16641,True,True,True,data\raw\SummerSchool_Subset\images\2025-05-16\layers\2025-05-16_B04.tif,data\raw\SummerSchool_Subset\images\2025-05-16\layers\2025-05-16_B03.tif,data\raw\SummerSchool_Subset\images\2025-05-16\layers\2025-05-16_B02.tif,data\raw\SummerSchool_Subset\images\2025-05-16\layers\2025-05-16_VV.tif,data\raw\SummerSchool_Subset\images\2025-05-16\layers\2025-05-16_VH.tif,data\raw\SummerSchool_Subset\masks\2025_05_16.tiff,0 1 2 3 255,23258,0.6935440584463993,517,0.0154167287908155,9293,0.2771134635455494,467,0.0139257492172357,10277,0.3064559415536007,train
2025-05-16,2025-05-16_r0448_c0672,2,3,448,672,224,224,661016.7928851099,6064361.218483644,663263.1731614799,6066606.598617429,42208,0.8411989795918368,7968,True,True,True,data\raw\SummerSchool_Subset\images\2025-05-16\layers\2025-05-16_B04.tif,data\raw\SummerSchool_Subset\images\2025-05-16\layers\2025-05-16_B03.tif,data\raw\SummerSchool_Subset\images\2025-05-16\layers\2025-05-16_B02.tif,data\raw\SummerSchool_Subset\images\2025-05-16\layers\2025-05-16_VV.tif,data\raw\SummerSchool_Subset\images\2025-05-16\layers\2025-05-16_VH.tif,data\raw\SummerSchool_Subset\masks\2025_05_16.tiff,0 1 2 3 255,32681,0.7742844958301743,48,0.0011372251705837,9371,0.2220195223654283,108,0.0025587566338134,9527,0.2257155041698256,train
2025-05-16,2025-05-16_r0448_c0896,2,4,448,896,224,224,663263.1731614799,6064361.218483644,665509.5534378499,6066606.598617429,20553,0.4096181441326531,29623,True,True,True,data\raw\SummerSchool_Subset\images\2025-05-16\layers\2025-05-16_B04.tif,data\raw\SummerSchool_Subset\images\2025-05-16\layers\2025-05-16_B03.tif,data\raw\SummerSchool_Subset\images\2025-05-16\layers\2025-05-16_B02.tif,data\raw\SummerSchool_Subset\images\2025-05-16\layers\2025-05-16_VV.tif,data\raw\SummerSchool_Subset\images\2025-05-16\layers\2025-05-16_VH.tif,data\raw\SummerSchool_Subset\masks\2025_05_16.tiff,0 1 2 3 255,10966,0.533547414002822,157,0.0076387875249355,8476,0.4123972169512966,954,0.0464165815209458,9587,0.466452585997178,train
2025-05-16,2025-05-16_r0448_c1120,2,5,448,1120,224,224,665509.5534378499,6064361.218483644,667755.9337142198,6066606.598617429,10088,0.2010522959183673,40088,True,True,True,data\raw\SummerSchool_Subset\images\2025-05-16\layers\2025-05-16_B04.tif,data\raw\SummerSchool_Subset\images\2025-05-16\layers\2025-05-16_B03.tif,data\raw\SummerSchool_Subset\images\2025-05-16\layers\2025-05-16_B02.tif,data\raw\SummerSchool_Subset\images\2025-05-16\layers\2025-05-16_VV.tif,data\raw\SummerSchool_Subset\images\2025-05-16\layers\2025-05-16_VH.tif,data\raw\SummerSchool_Subset\masks\2025_05_16.tiff,0 1 2 3 255,3966,0.3931403647898493,69,0.0068398096748612,5814,0.5763283108643933,239,0.0236915146708961,6122,0.6068596352101506,train
2025-05-16,2025-05-16_r0448_c1568,2,7,448,1568,224,224,670002.3139905898,6064361.218483644,672248.6942669598,6066606.598617429,26147,0.5211057079081632,24029,True,True,True,data\raw\SummerSchool_Subset\images\2025-05-16\layers\2025-05-16_B04.tif,data\raw\SummerSchool_Subset\images\2025-05-16\layers\2025-05-16_B03.tif,data\raw\SummerSchool_Subset\images\2025-05-16\layers\2025-05-16_B02.tif,data\raw\SummerSchool_Subset\images\2025-05-16\layers\2025-05-16_VV.tif,data\raw\SummerSchool_Subset\images\2025-05-16\layers\2025-05-16_VH.tif,data\raw\SummerSchool_Subset\masks\2025_05_16.tiff,0 1 2 3 255,5615,0.2147473897579072,96,0.0036715493173212,19942,0.7626878800627223,494,0.0188931808620491,20532,0.7852526102420928,train
2025-05-16,2025-05-16_r0448_c1792,2,8,448,1792,224,224,672248.6942669598,6064361.218483644,674495.0745433298,6066606.598617429,41590,0.8288823341836735,8586,True,True,True,data\raw\SummerSchool_Subset\images\2025-05-16\layers\2025-05-16_B04.tif,data\raw\SummerSchool_Subset\images\2025-05-16\layers\2025-05-16_B03.tif,data\raw\SummerSchool_Subset\images\2025-05-16\layers\2025-05-16_B02.tif,data\raw\SummerSchool_Subset\images\2025-05-16\layers\2025-05-16_VV.tif,data\raw\SummerSchool_Subset\images\2025-05-16\layers\2025-05-16_VH.tif,data\raw\SummerSchool_Subset\masks\2025_05_16.tiff,0 1 2 3 255,14875,0.3576580908872325,27,0.0006491945179129,26586,0.6392402019716278,102,0.0024525126232267,26715,0.6423419091127675,train
2025-05-16,2025-05-16_r0448_c2016,2,9,448,2016,224,224,674495.0745433298,6064361.218483644,676741.4548196997,6066606.598617429,43105,0.8590760522959183,7071,True,True,True,data\raw\SummerSchool_Subset\images\2025-05-16\layers\2025-05-16_B04.tif,data\raw\SummerSchool_Subset\images\2025-05-16\layers\2025-05-16_B03.tif,data\raw\SummerSchool_Subset\images\2025-05-16\layers\2025-05-16_B02.tif,data\raw\SummerSchool_Subset\images\2025-05-16\layers\2025-05-16_VV.tif,data\raw\SummerSchool_Subset\images\2025-05-16\layers\2025-05-16_VH.tif,data\raw\SummerSchool_Subset\masks\2025_05_16.tiff,0 2,32423,0.7521865212852338,0,0.0,10682,0.2478134787147662,0,0.0,10682,0.2478134787147662,train
2025-05-16,2025-05-16_r0448_c2240,2,10,448,2240,224,224,676741.4548196997,6064361.218483644,678987.8350960697,6066606.598617429,27015,0.5384048150510204,23161,True,True,True,data\raw\SummerSchool_Subset\images\2025-05-16\layers\2025-05-16_B04.tif,data\raw\SummerSchool_Subset\images\2025-05-16\layers\2025-05-16_B03.tif,data\raw\SummerSchool_Subset\images\2025-05-16\layers\2025-05-16_B02.tif,data\raw\SummerSchool_Subset\images\2025-05-16\layers\2025-05-16_VV.tif,data\raw\SummerSchool_Subset\images\2025-05-16\layers\2025-05-16_VH.tif,data\raw\SummerSchool_Subset\masks\2025_05_16.tiff,0 1 2 3 255,11829,0.4378678511937812,53,0.0019618730334999,14877,0.550694058856191,256,0.0094762169165278,15186,0.5621321488062188,train
2025-05-16,2025-05-16_r0672_c0448,3,2,672,448,224,224,658770.4126087399,6062115.838349857,661016.7928851099,6064361.218483644,29335,0.5846420599489796,20841,True,True,True,data\raw\SummerSchool_Subset\images\2025-05-16\layers\2025-05-16_B04.tif,data\raw\SummerSchool_Subset\images\2025-05-16\layers\2025-05-16_B03.tif,data\raw\SummerSchool_Subset\images\2025-05-16\layers\2025-05-16_B02.tif,data\raw\SummerSchool_Subset\images\2025-05-16\layers\2025-05-16_VV.tif,data\raw\SummerSchool_Subset\images\2025-05-16\layers\2025-05-16_VH.tif,data\raw\SummerSchool_Subset\masks\2025_05_16.tiff,0 1 2 3 255,20633,0.7033577637634225,28,0.0009544912220896,8636,0.2943923640702233,38,0.0012953809442645,8702,0.2966422362365775,train
2025-05-16,2025-05-16_r0672_c0672,3,3,672,672,224,224,661016.7928851099,6062115.838349857,663263.1731614799,6064361.218483644,43145,0.8598732461734694,7031,True,True,True,data\raw\SummerSchool_Subset\images\2025-05-16\layers\2025-05-16_B04.tif,data\raw\SummerSchool_Subset\images\2025-05-16\layers\2025-05-16_B03.tif,data\raw\SummerSchool_Subset\images\2025-05-16\layers\2025-05-16_B02.tif,data\raw\SummerSchool_Subset\images\2025-05-16\layers\2025-05-16_VV.tif,data\raw\SummerSchool_Subset\images\2025-05-16\layers\2025-05-16_VH.tif,data\raw\SummerSchool_Subset\masks\2025_05_16.tiff,0 2,32409,0.7511646772511299,0,0.0,10736,0.2488353227488701,0,0.0,10736,0.2488353227488701,train
2025-05-16,2025-05-16_r0672_c0896,3,4,672,896,224,224,663263.1731614799,6062115.838349857,665509.5534378499,6064361.218483644,42001,0.8370735012755102,8175,True,True,True,data\raw\SummerSchool_Subset\images\2025-05-16\layers\2025-05-16_B04.tif,data\raw\SummerSchool_Subset\images\2025-05-16\layers\2025-05-16_B03.tif,data\raw\SummerSchool_Subset\images\2025-05-16\layers\2025-05-16_B02.tif,data\raw\SummerSchool_Subset\images\2025-05-16\layers\2025-05-16_VV.tif,data\raw\SummerSchool_Subset\images\2025-05-16\layers\2025-05-16_VH.tif,data\raw\SummerSchool_Subset\masks\2025_05_16.tiff,0 1 2 3 255,26360,0.6276041046641747,5,0.0001190447846479,15627,0.372062569938811,9,0.0002142806123663,15641,0.3723958953358253,train
2025-05-16,2025-05-16_r0672_c1120,3,5,672,1120,224,224,665509.5534378499,6062115.838349857,667755.9337142198,6064361.218483644,41893,0.8349210778061225,8283,True,True,True,data\raw\SummerSchool_Subset\images\2025-05-16\layers\2025-05-16_B04.tif,data\raw\SummerSchool_Subset\images\2025-05-16\layers\2025-05-16_B03.tif,data\raw\SummerSchool_Subset\images\2025-05-16\layers\2025-05-16_B02.tif,data\raw\SummerSchool_Subset\images\2025-05-16\layers\2025-05-16_VV.tif,data\raw\SummerSchool_Subset\images\2025-05-16\layers\2025-05-16_VH.tif,data\raw\SummerSchool_Subset\masks\2025_05_16.tiff,0 2,29128,0.6952951567087581,0,0.0,12765,0.304704843291242,0,0.0,12765,0.304704843291242,train
2025-05-16,2025-05-16_r0672_c1344,3,6,672,1344,224,224,667755.9337142198,6062115.838349857,670002.3139905898,6064361.218483644,38634,0.7699697066326531,11542,True,True,True,data\raw\SummerSchool_Subset\images\2025-05-16\layers\2025-05-16_B04.tif,data\raw\SummerSchool_Subset\images\2025-05-16\layers\2025-05-16_B03.tif,data\raw\SummerSchool_Subset\images\2025-05-16\layers\2025-05-16_B02.tif,data\raw\SummerSchool_Subset\images\2025-05-16\layers\2025-05-16_VV.tif,data\raw\SummerSchool_Subset\images\2025-05-16\layers\2025-05-16_VH.tif,data\raw\SummerSchool_Subset\masks\2025_05_16.tiff,0 2,30128,0.7798312367344826,0,0.0,8506,0.2201687632655174,0,0.0,8506,0.2201687632655174,train
2025-05-16,2025-05-16_r0672_c1568,3,7,672,1568,224,224,670002.3139905898,6062115.838349857,672248.6942669598,6064361.218483644,39399,0.7852160395408163,10777,True,True,True,data\raw\SummerSchool_Subset\images\2025-05-16\layers\2025-05-16_B04.tif,data\raw\SummerSchool_Subset\images\2025-05-16\layers\2025-05-16_B03.tif,data\raw\SummerSchool_Subset\images\2025-05-16\layers\2025-05-16_B02.tif,data\raw\SummerSchool_Subset\images\2025-05-16\layers\2025-05-16_VV.tif,data\raw\SummerSchool_Subset\images\2025-05-16\layers\2025-05-16_VH.tif,data\raw\SummerSchool_Subset\masks\2025_05_16.tiff,0 2,18697,0.4745551917561359,0,0.0,20702,0.5254448082438641,0,0.0,20702,0.5254448082438641,train
2025-05-16,2025-05-16_r0672_c1792,3,8,672,1792,224,224,672248.6942669598,6062115.838349857,674495.0745433298,6064361.218483644,40252,0.8022161989795918,9924,True,True,True,data\raw\SummerSchool_Subset\images\2025-05-16\layers\2025-05-16_B04.tif,data\raw\SummerSchool_Subset\images\2025-05-16\layers\2025-05-16_B03.tif,data\raw\SummerSchool_Subset\images\2025-05-16\layers\2025-05-16_B02.tif,data\raw\SummerSchool_Subset\images\2025-05-16\layers\2025-05-16_VV.tif,data\raw\SummerSchool_Subset\images\2025-05-16\layers\2025-05-16_VH.tif,data\raw\SummerSchool_Subset\masks\2025_05_16.tiff,0 2,26841,0.6668240087449071,0,0.0,13411,0.3331759912550929,0,0.0,13411,0.3331759912550929,train
2025-05-16,2025-05-16_r0672_c2016,3,9,672,2016,224,224,674495.0745433298,6062115.838349857,676741.4548196997,6064361.218483644,41251,0.8221261160714286,8925,True,True,True,data\raw\SummerSchool_Subset\images\2025-05-16\layers\2025-05-16_B04.tif,data\raw\SummerSchool_Subset\images\2025-05-16\layers\2025-05-16_B03.tif,data\raw\SummerSchool_Subset\images\2025-05-16\layers\2025-05-16_B02.tif,data\raw\SummerSchool_Subset\images\2025-05-16\layers\2025-05-16_VV.tif,data\raw\SummerSchool_Subset\images\2025-05-16\layers\2025-05-16_VH.tif,data\raw\SummerSchool_Subset\masks\2025_05_16.tiff,0 1 2 3 255,30387,0.7366366875954522,10,0.0002424183656153,10838,0.2627330246539477,16,0.0003878693849846,10864,0.2633633124045477,train
2025-05-16,2025-05-16_r0896_c0448,4,2,896,448,224,224,658770.4126087399,6059870.458216072,661016.7928851099,6062115.838349857,20606,0.4106744260204081,29570,True,True,True,data\raw\SummerSchool_Subset\images\2025-05-16\layers\2025-05-16_B04.tif,data\raw\SummerSchool_Subset\images\2025-05-16\layers\2025-05-16_B03.tif,data\raw\SummerSchool_Subset\images\2025-05-16\layers\2025-05-16_B02.tif,data\raw\SummerSchool_Subset\images\2025-05-16\layers\2025-05-16_VV.tif,data\raw\SummerSchool_Subset\images\2025-05-16\layers\2025-05-16_VH.tif,data\raw\SummerSchool_Subset\masks\2025_05_16.tiff,0 1 2 3 255,9559,0.4638940114529749,141,0.0068426671843152,10672,0.5179074056100165,234,0.0113559157526933,11047,0.5361059885470252,train
2025-05-16,2025-05-16_r0896_c0672,4,3,896,672,224,224,661016.7928851099,6059870.458216072,663263.1731614799,6062115.838349857,42595,0.8489118303571429,7581,True,True,True,data\raw\SummerSchool_Subset\images\2025-05-16\layers\2025-05-16_B04.tif,data\raw\SummerSchool_Subset\images\2025-05-16\layers\2025-05-16_B03.tif,data\raw\SummerSchool_Subset\images\2025-05-16\layers\2025-05-16_B02.tif,data\raw\SummerSchool_Subset\images\2025-05-16\layers\2025-05-16_VV.tif,data\raw\SummerSchool_Subset\images\2025-05-16\layers\2025-05-16_VH.tif,data\raw\SummerSchool_Subset\masks\2025_05_16.tiff,0 1 2 255,34632,0.8130531752553116,5,0.0001173846695621,7958,0.1868294400751262,0,0.0,7963,0.1869468247446883,train
2025-05-16,2025-05-16_r0896_c0896,4,4,896,896,224,224,663263.1731614799,6059870.458216072,665509.5534378499,6062115.838349857,41928,0.8356186224489796,8248,True,True,True,data\raw\SummerSchool_Subset\images\2025-05-16\layers\2025-05-16_B04.tif,data\raw\SummerSchool_Subset\images\2025-05-16\layers\2025-05-16_B03.tif,data\raw\SummerSchool_Subset\images\2025-05-16\layers\2025-05-16_B02.tif,data\raw\SummerSchool_Subset\images\2025-05-16\layers\2025-05-16_VV.tif,data\raw\SummerSchool_Subset\images\2025-05-16\layers\2025-05-16_VH.tif,data\raw\SummerSchool_Subset\masks\2025_05_16.tiff,0 2,41302,0.985069643197863,0,0.0,626,0.0149303568021369,0,0.0,626,0.0149303568021369,train
2025-05-16,2025-05-16_r0896_c1120,4,5,896,1120,224,224,665509.5534378499,6059870.458216072,667755.9337142198,6062115.838349857,41300,0.8231026785714286,8876,True,True,True,data\raw\SummerSchool_Subset\images\2025-05-16\layers\2025-05-16_B04.tif,data\raw\SummerSchool_Subset\images\2025-05-16\layers\2025-05-16_B03.tif,data\raw\SummerSchool_Subset\images\2025-05-16\layers\2025-05-16_B02.tif,data\raw\SummerSchool_Subset\images\2025-05-16\layers\2025-05-16_VV.tif,data\raw\SummerSchool_Subset\images\2025-05-16\layers\2025-05-16_VH.tif,data\raw\SummerSchool_Subset\masks\2025_05_16.tiff,0 2,40903,0.9903874092009686,0,0.0,397,0.0096125907990314,0,0.0,397,0.0096125907990314,train
2025-05-16,2025-05-16_r0896_c1344,4,6,896,1344,224,224,667755.9337142198,6059870.458216072,670002.3139905898,6062115.838349857,38045,0.7582310267857143,12131,True,True,True,data\raw\SummerSchool_Subset\images\2025-05-16\layers\2025-05-16_B04.tif,data\raw\SummerSchool_Subset\images\2025-05-16\layers\2025-05-16_B03.tif,data\raw\SummerSchool_Subset\images\2025-05-16\layers\2025-05-16_B02.tif,data\raw\SummerSchool_Subset\images\2025-05-16\layers\2025-05-16_VV.tif,data\raw\SummerSchool_Subset\images\2025-05-16\layers\2025-05-16_VH.tif,data\raw\SummerSchool_Subset\masks\2025_05_16.tiff,0 2,37253,0.9791825469838348,0,0.0,792,0.020817453016165,0,0.0,792,0.020817453016165,train
2025-05-16,2025-05-16_r0896_c1568,4,7,896,1568,224,224,670002.3139905898,6059870.458216072,672248.6942669598,6062115.838349857,39931,0.7958187181122449,10245,True,True,True,data\raw\SummerSchool_Subset\images\2025-05-16\layers\2025-05-16_B04.tif,data\raw\SummerSchool_Subset\images\2025-05-16\layers\2025-05-16_B03.tif,data\raw\SummerSchool_Subset\images\2025-05-16\layers\2025-05-16_B02.tif,data\raw\SummerSchool_Subset\images\2025-05-16\layers\2025-05-16_VV.tif,data\raw\SummerSchool_Subset\images\2025-05-16\layers\2025-05-16_VH.tif,data\raw\SummerSchool_Subset\masks\2025_05_16.tiff,0 2,34761,0.8705266584858882,0,0.0,5170,0.1294733415141118,0,0.0,5170,0.1294733415141118,train
2025-05-16,2025-05-16_r0896_c1792,4,8,896,1792,224,224,672248.6942669598,6059870.458216072,674495.0745433298,6062115.838349857,41892,0.8349011479591837,8284,True,True,True,data\raw\SummerSchool_Subset\images\2025-05-16\layers\2025-05-16_B04.tif,data\raw\SummerSchool_Subset\images\2025-05-16\layers\2025-05-16_B03.tif,data\raw\SummerSchool_Subset\images\2025-05-16\layers\2025-05-16_B02.tif,data\raw\SummerSchool_Subset\images\2025-05-16\layers\2025-05-16_VV.tif,data\raw\SummerSchool_Subset\images\2025-05-16\layers\2025-05-16_VH.tif,data\raw\SummerSchool_Subset\masks\2025_05_16.tiff,0 2,33271,0.7942089181705337,0,0.0,8621,0.2057910818294662,0,0.0,8621,0.2057910818294662,train
2025-05-16,2025-05-16_r0896_c2016,4,9,896,2016,224,224,674495.0745433298,6059870.458216072,676741.4548196997,6062115.838349857,18444,0.3675860969387755,31732,True,True,True,data\raw\SummerSchool_Subset\images\2025-05-16\layers\2025-05-16_B04.tif,data\raw\SummerSchool_Subset\images\2025-05-16\layers\2025-05-16_B03.tif,data\raw\SummerSchool_Subset\images\2025-05-16\layers\2025-05-16_B02.tif,data\raw\SummerSchool_Subset\images\2025-05-16\layers\2025-05-16_VV.tif,data\raw\SummerSchool_Subset\images\2025-05-16\layers\2025-05-16_VH.tif,data\raw\SummerSchool_Subset\masks\2025_05_16.tiff,0 1 2 3 255,13168,0.7139449143352852,64,0.0034699631316417,5038,0.2731511602689221,174,0.0094339622641509,5276,0.2860550856647148,train
2025-05-16,2025-05-16_r1120_c0672,5,3,1120,672,224,224,661016.7928851099,6057625.078082287,663263.1731614799,6059870.458216072,41134,0.8197943239795918,9042,True,True,True,data\raw\SummerSchool_Subset\images\2025-05-16\layers\2025-05-16_B04.tif,data\raw\SummerSchool_Subset\images\2025-05-16\layers\2025-05-16_B03.tif,data\raw\SummerSchool_Subset\images\2025-05-16\layers\2025-05-16_B02.tif,data\raw\SummerSchool_Subset\images\2025-05-16\layers\2025-05-16_VV.tif,data\raw\SummerSchool_Subset\images\2025-05-16\layers\2025-05-16_VH.tif,data\raw\SummerSchool_Subset\masks\2025_05_16.tiff,0 1 2 3 255,31892,0.775319686877036,23,0.0005591481499489,9040,0.2197695337190645,179,0.0043516312539505,9242,0.2246803131229639,train
2025-05-16,2025-05-16_r1120_c0896,5,4,1120,896,224,224,663263.1731614799,6057625.078082287,665509.5534378499,6059870.458216072,41811,0.8332868303571429,8365,True,True,True,data\raw\SummerSchool_Subset\images\2025-05-16\layers\2025-05-16_B04.tif,data\raw\SummerSchool_Subset\images\2025-05-16\layers\2025-05-16_B03.tif,data\raw\SummerSchool_Subset\images\2025-05-16\layers\2025-05-16_B02.tif,data\raw\SummerSchool_Subset\images\2025-05-16\layers\2025-05-16_VV.tif,data\raw\SummerSchool_Subset\images\2025-05-16\layers\2025-05-16_VH.tif,data\raw\SummerSchool_Subset\masks\2025_05_16.tiff,0 1 2 255,41459,0.9915811628518812,3,7.175145296692258e-05,349,0.0083470856951519,0,0.0,352,0.0084188371481189,train
2025-05-16,2025-05-16_r1120_c1120,5,5,1120,1120,224,224,665509.5534378499,6057625.078082287,667755.9337142198,6059870.458216072,41035,0.8178212691326531,9141,True,True,True,data\raw\SummerSchool_Subset\images\2025-05-16\layers\2025-05-16_B04.tif,data\raw\SummerSchool_Subset\images\2025-05-16\layers\2025-05-16_B03.tif,data\raw\SummerSchool_Subset\images\2025-05-16\layers\2025-05-16_B02.tif,data\raw\SummerSchool_Subset\images\2025-05-16\layers\2025-05-16_VV.tif,data\raw\SummerSchool_Subset\images\2025-05-16\layers\2025-05-16_VH.tif,data\raw\SummerSchool_Subset\masks\2025_05_16.tiff,0 2,40768,0.9934933593274036,0,0.0,267,0.0065066406725965,0,0.0,267,0.0065066406725965,train
2025-05-16,2025-05-16_r1120_c1344,5,6,1120,1344,224,224,667755.9337142198,6057625.078082287,670002.3139905898,6059870.458216072,39422,0.7856744260204082,10754,True,True,True,data\raw\SummerSchool_Subset\images\2025-05-16\layers\2025-05-16_B04.tif,data\raw\SummerSchool_Subset\images\2025-05-16\layers\2025-05-16_B03.tif,data\raw\SummerSchool_Subset\images\2025-05-16\layers\2025-05-16_B02.tif,data\raw\SummerSchool_Subset\images\2025-05-16\layers\2025-05-16_VV.tif,data\raw\SummerSchool_Subset\images\2025-05-16\layers\2025-05-16_VH.tif,data\raw\SummerSchool_Subset\masks\2025_05_16.tiff,0 2,39251,0.9956623205316828,0,0.0,171,0.0043376794683171,0,0.0,171,0.0043376794683171,train
2025-05-16,2025-05-16_r1120_c1568,5,7,1120,1568,224,224,670002.3139905898,6057625.078082287,672248.6942669598,6059870.458216072,40367,0.8045081313775511,9809,True,True,True,data\raw\SummerSchool_Subset\images\2025-05-16\layers\2025-05-16_B04.tif,data\raw\SummerSchool_Subset\images\2025-05-16\layers\2025-05-16_B03.tif,data\raw\SummerSchool_Subset\images\2025-05-16\layers\2025-05-16_B02.tif,data\raw\SummerSchool_Subset\images\2025-05-16\layers\2025-05-16_VV.tif,data\raw\SummerSchool_Subset\images\2025-05-16\layers\2025-05-16_VH.tif,data\raw\SummerSchool_Subset\masks\2025_05_16.tiff,0 2,40097,0.9933113681967944,0,0.0,270,0.0066886318032055,0,0.0,270,0.0066886318032055,train
2025-05-16,2025-05-16_r1120_c1792,5,8,1120,1792,224,224,672248.6942669598,6057625.078082287,674495.0745433298,6059870.458216072,37858,0.7545041454081632,12318,True,True,True,data\raw\SummerSchool_Subset\images\2025-05-16\layers\2025-05-16_B04.tif,data\raw\SummerSchool_Subset\images\2025-05-16\layers\2025-05-16_B03.tif,data\raw\SummerSchool_Subset\images\2025-05-16\layers\2025-05-16_B02.tif,data\raw\SummerSchool_Subset\images\2025-05-16\layers\2025-05-16_VV.tif,data\raw\SummerSchool_Subset\images\2025-05-16\layers\2025-05-16_VH.tif,data\raw\SummerSchool_Subset\masks\2025_05_16.tiff,0 1 2 3 255,34302,0.9060700512441228,7,0.0001849014739288,3319,0.0876697131385704,230,0.0060753341433778,3556,0.0939299487558772,train
2025-05-16,2025-05-16_r1344_c0672,6,3,1344,672,224,224,661016.7928851099,6055379.6979485005,663263.1731614799,6057625.078082287,42915,0.8552893813775511,7261,True,True,True,data\raw\SummerSchool_Subset\images\2025-05-16\layers\2025-05-16_B04.tif,data\raw\SummerSchool_Subset\images\2025-05-16\layers\2025-05-16_B03.tif,data\raw\SummerSchool_Subset\images\2025-05-16\layers\2025-05-16_B02.tif,data\raw\SummerSchool_Subset\images\2025-05-16\layers\2025-05-16_VV.tif,data\raw\SummerSchool_Subset\images\2025-05-16\layers\2025-05-16_VH.tif,data\raw\SummerSchool_Subset\masks\2025_05_16.tiff,0 1 2 3 255,30182,0.7032972154258418,81,0.0018874519398811,12314,0.2869392986135384,338,0.0078760340207386,12733,0.2967027845741582,train
2025-05-16,2025-05-16_r1344_c0896,6,4,1344,896,224,224,663263.1731614799,6055379.6979485005,665509.5534378499,6057625.078082287,43659,0.8701171875,6517,True,True,True,data\raw\SummerSchool_Subset\images\2025-05-16\layers\2025-05-16_B04.tif,data\raw\SummerSchool_Subset\images\2025-05-16\layers\2025-05-16_B03.tif,data\raw\SummerSchool_Subset\images\2025-05-16\layers\2025-05-16_B02.tif,data\raw\SummerSchool_Subset\images\2025-05-16\layers\2025-05-16_VV.tif,data\raw\SummerSchool_Subset\images\2025-05-16\layers\2025-05-16_VH.tif,data\raw\SummerSchool_Subset\masks\2025_05_16.tiff,0 2,43337,0.992624659291326,0,0.0,322,0.007375340708674,0,0.0,322,0.007375340708674,train
2025-05-16,2025-05-16_r1344_c1120,6,5,1344,1120,224,224,665509.5534378499,6055379.6979485005,667755.9337142198,6057625.078082287,42353,0.8440888073979592,7823,True,True,True,data\raw\SummerSchool_Subset\images\2025-05-16\layers\2025-05-16_B04.tif,data\raw\SummerSchool_Subset\images\2025-05-16\layers\2025-05-16_B03.tif,data\raw\SummerSchool_Subset\images\2025-05-16\layers\2025-05-16_B02.tif,data\raw\SummerSchool_Subset\images\2025-05-16\layers\2025-05-16_VV.tif,data\raw\SummerSchool_Subset\images\2025-05-16\layers\2025-05-16_VH.tif,data\raw\SummerSchool_Subset\masks\2025_05_16.tiff,0 2,40786,0.9630014402757774,0,0.0,1567,0.0369985597242226,0,0.0,1567,0.0369985597242226,train
2025-05-16,2025-05-16_r1344_c1344,6,6,1344,1344,224,224,667755.9337142198,6055379.6979485005,670002.3139905898,6057625.078082287,41783,0.8327287946428571,8393,True,True,True,data\raw\SummerSchool_Subset\images\2025-05-16\layers\2025-05-16_B04.tif,data\raw\SummerSchool_Subset\images\2025-05-16\layers\2025-05-16_B03.tif,data\raw\SummerSchool_Subset\images\2025-05-16\layers\2025-05-16_B02.tif,data\raw\SummerSchool_Subset\images\2025-05-16\layers\2025-05-16_VV.tif,data\raw\SummerSchool_Subset\images\2025-05-16\layers\2025-05-16_VH.tif,data\raw\SummerSchool_Subset\masks\2025_05_16.tiff,0 2,41319,0.9888950051456334,0,0.0,464,0.0111049948543666,0,0.0,464,0.0111049948543666,train
2025-05-16,2025-05-16_r1344_c1568,6,7,1344,1568,224,224,670002.3139905898,6055379.6979485005,672248.6942669598,6057625.078082287,40904,0.8152104591836735,9272,True,True,True,data\raw\SummerSchool_Subset\images\2025-05-16\layers\2025-05-16_B04.tif,data\raw\SummerSchool_Subset\images\2025-05-16\layers\2025-05-16_B03.tif,data\raw\SummerSchool_Subset\images\2025-05-16\layers\2025-05-16_B02.tif,data\raw\SummerSchool_Subset\images\2025-05-16\layers\2025-05-16_VV.tif,data\raw\SummerSchool_Subset\images\2025-05-16\layers\2025-05-16_VH.tif,data\raw\SummerSchool_Subset\masks\2025_05_16.tiff,0 2,40823,0.998019753569333,0,0.0,81,0.0019802464306669,0,0.0,81,0.0019802464306669,train
2025-05-16,2025-05-16_r1344_c1792,6,8,1344,1792,224,224,672248.6942669598,6055379.6979485005,674495.0745433298,6057625.078082287,30597,0.6097935267857143,19579,True,True,True,data\raw\SummerSchool_Subset\images\2025-05-16\layers\2025-05-16_B04.tif,data\raw\SummerSchool_Subset\images\2025-05-16\layers\2025-05-16_B03.tif,data\raw\SummerSchool_Subset\images\2025-05-16\layers\2025-05-16_B02.tif,data\raw\SummerSchool_Subset\images\2025-05-16\layers\2025-05-16_VV.tif,data\raw\SummerSchool_Subset\images\2025-05-16\layers\2025-05-16_VH.tif,data\raw\SummerSchool_Subset\masks\2025_05_16.tiff,0 1 2 3 255,27784,0.9080628819818936,8,0.0002614635421773,2712,0.0886361407981174,93,0.0030395136778115,2813,0.0919371180181063,train
2025-05-16,2025-05-16_r1568_c0672,7,3,1568,672,224,224,661016.7928851099,6053134.317814715,663263.1731614799,6055379.6979485005,43991,0.8767338966836735,6185,True,True,True,data\raw\SummerSchool_Subset\images\2025-05-16\layers\2025-05-16_B04.tif,data\raw\SummerSchool_Subset\images\2025-05-16\layers\2025-05-16_B03.tif,data\raw\SummerSchool_Subset\images\2025-05-16\layers\2025-05-16_B02.tif,data\raw\SummerSchool_Subset\images\2025-05-16\layers\2025-05-16_VV.tif,data\raw\SummerSchool_Subset\images\2025-05-16\layers\2025-05-16_VH.tif,data\raw\SummerSchool_Subset\masks\2025_05_16.tiff,0 1 2 3 255,36637,0.8328294423859426,6,0.000136391534632,7290,0.1657157145779818,58,0.0013184515014434,7354,0.1671705576140574,train
2025-05-16,2025-05-16_r1568_c0896,7,4,1568,896,224,224,663263.1731614799,6053134.317814715,665509.5534378499,6055379.6979485005,43819,0.8733059630102041,6357,True,True,True,data\raw\SummerSchool_Subset\images\2025-05-16\layers\2025-05-16_B04.tif,data\raw\SummerSchool_Subset\images\2025-05-16\layers\2025-05-16_B03.tif,data\raw\SummerSchool_Subset\images\2025-05-16\layers\2025-05-16_B02.tif,data\raw\SummerSchool_Subset\images\2025-05-16\layers\2025-05-16_VV.tif,data\raw\SummerSchool_Subset\images\2025-05-16\layers\2025-05-16_VH.tif,data\raw\SummerSchool_Subset\masks\2025_05_16.tiff,0 2,43719,0.9977178849357584,0,0.0,100,0.0022821150642415,0,0.0,100,0.0022821150642415,train
2025-05-16,2025-05-16_r1568_c1120,7,5,1568,1120,224,224,665509.5534378499,6053134.317814715,667755.9337142198,6055379.6979485005,43088,0.8587372448979592,7088,True,True,True,data\raw\SummerSchool_Subset\images\2025-05-16\layers\2025-05-16_B04.tif,data\raw\SummerSchool_Subset\images\2025-05-16\layers\2025-05-16_B03.tif,data\raw\SummerSchool_Subset\images\2025-05-16\layers\2025-05-16_B02.tif,data\raw\SummerSchool_Subset\images\2025-05-16\layers\2025-05-16_VV.tif,data\raw\SummerSchool_Subset\images\2025-05-16\layers\2025-05-16_VH.tif,data\raw\SummerSchool_Subset\masks\2025_05_16.tiff,0 2,42929,0.9963098774600816,0,0.0,159,0.0036901225399183,0,0.0,159,0.0036901225399183,train
2025-05-16,2025-05-16_r1568_c1344,7,6,1568,1344,224,224,667755.9337142198,6053134.317814715,670002.3139905898,6055379.6979485005,42520,0.8474170918367347,7656,True,True,True,data\raw\SummerSchool_Subset\images\2025-05-16\layers\2025-05-16_B04.tif,data\raw\SummerSchool_Subset\images\2025-05-16\layers\2025-05-16_B03.tif,data\raw\SummerSchool_Subset\images\2025-05-16\layers\2025-05-16_B02.tif,data\raw\SummerSchool_Subset\images\2025-05-16\layers\2025-05-16_VV.tif,data\raw\SummerSchool_Subset\images\2025-05-16\layers\2025-05-16_VH.tif,data\raw\SummerSchool_Subset\masks\2025_05_16.tiff,0 1 2 3 255,42440,0.9981185324553152,6,0.0001411100658513,66,0.001552210724365,8,0.0001881467544684,80,0.0018814675446848,train
2025-05-16,2025-05-16_r1568_c1568,7,7,1568,1568,224,224,670002.3139905898,6053134.317814715,672248.6942669598,6055379.6979485005,42833,0.8536551339285714,7343,True,True,True,data\raw\SummerSchool_Subset\images\2025-05-16\layers\2025-05-16_B04.tif,data\raw\SummerSchool_Subset\images\2025-05-16\layers\2025-05-16_B03.tif,data\raw\SummerSchool_Subset\images\2025-05-16\layers\2025-05-16_B02.tif,data\raw\SummerSchool_Subset\images\2025-05-16\layers\2025-05-16_VV.tif,data\raw\SummerSchool_Subset\images\2025-05-16\layers\2025-05-16_VH.tif,data\raw\SummerSchool_Subset\masks\2025_05_16.tiff,0 2,42791,0.9990194476221604,0,0.0,42,0.0009805523778395,0,0.0,42,0.0009805523778395,train
2025-05-16,2025-05-16_r1568_c1792,7,8,1568,1792,224,224,672248.6942669598,6053134.317814715,674495.0745433298,6055379.6979485005,35349,0.7045001594387755,14827,True,True,True,data\raw\SummerSchool_Subset\images\2025-05-16\layers\2025-05-16_B04.tif,data\raw\SummerSchool_Subset\images\2025-05-16\layers\2025-05-16_B03.tif,data\raw\SummerSchool_Subset\images\2025-05-16\layers\2025-05-16_B02.tif,data\raw\SummerSchool_Subset\images\2025-05-16\layers\2025-05-16_VV.tif,data\raw\SummerSchool_Subset\images\2025-05-16\layers\2025-05-16_VH.tif,data\raw\SummerSchool_Subset\masks\2025_05_16.tiff,0 1 2 3 255,33636,0.9515403547483664,85,0.0024045941893688,1433,0.0405386290984186,195,0.0055164219638462,1713,0.0484596452516337,train
2025-05-16,2025-05-16_r1568_c2016,7,9,1568,2016,224,224,674495.0745433298,6053134.317814715,676741.4548196997,6055379.6979485005,31534,0.6284677933673469,18642,True,True,True,data\raw\SummerSchool_Subset\images\2025-05-16\layers\2025-05-16_B04.tif,data\raw\SummerSchool_Subset\images\2025-05-16\layers\2025-05-16_B03.tif,data\raw\SummerSchool_Subset\images\2025-05-16\layers\2025-05-16_B02.tif,data\raw\SummerSchool_Subset\images\2025-05-16\layers\2025-05-16_VV.tif,data\raw\SummerSchool_Subset\images\2025-05-16\layers\2025-05-16_VH.tif,data\raw\SummerSchool_Subset\masks\2025_05_16.tiff,0 1 2 3 255,22170,0.7030506754614068,280,0.0088793048772753,8507,0.2697723092535041,577,0.0182977104078137,9364,0.2969493245385932,train
2025-05-16,2025-05-16_r1792_c0448,8,2,1792,448,224,224,658770.4126087399,6050888.937680929,661016.7928851099,6053134.317814715,29561,0.5891462053571429,20615,True,True,True,data\raw\SummerSchool_Subset\images\2025-05-16\layers\2025-05-16_B04.tif,data\raw\SummerSchool_Subset\images\2025-05-16\layers\2025-05-16_B03.tif,data\raw\SummerSchool_Subset\images\2025-05-16\layers\2025-05-16_B02.tif,data\raw\SummerSchool_Subset\images\2025-05-16\layers\2025-05-16_VV.tif,data\raw\SummerSchool_Subset\images\2025-05-16\layers\2025-05-16_VH.tif,data\raw\SummerSchool_Subset\masks\2025_05_16.tiff,0 1 2 3 255,25525,0.8634687595142249,138,0.0046683129799397,3695,0.1249957714556341,203,0.0068671560502012,4036,0.1365312404857751,train
2025-05-16,2025-05-16_r1792_c0672,8,3,1792,672,224,224,661016.7928851099,6050888.937680929,663263.1731614799,6053134.317814715,42795,0.852897799744898,7381,True,True,True,data\raw\SummerSchool_Subset\images\2025-05-16\layers\2025-05-16_B04.tif,data\raw\SummerSchool_Subset\images\2025-05-16\layers\2025-05-16_B03.tif,data\raw\SummerSchool_Subset\images\2025-05-16\layers\2025-05-16_B02.tif,data\raw\SummerSchool_Subset\images\2025-05-16\layers\2025-05-16_VV.tif,data\raw\SummerSchool_Subset\images\2025-05-16\layers\2025-05-16_VH.tif,data\raw\SummerSchool_Subset\masks\2025_05_16.tiff,0 2,41514,0.9700665965650191,0,0.0,1281,0.0299334034349807,0,0.0,1281,0.0299334034349807,train
2025-05-16,2025-05-16_r1792_c0896,8,4,1792,896,224,224,663263.1731614799,6050888.937680929,665509.5534378499,6053134.317814715,42678,0.8505660076530612,7498,True,True,True,data\raw\SummerSchool_Subset\images\2025-05-16\layers\2025-05-16_B04.tif,data\raw\SummerSchool_Subset\images\2025-05-16\layers\2025-05-16_B03.tif,data\raw\SummerSchool_Subset\images\2025-05-16\layers\2025-05-16_B02.tif,data\raw\SummerSchool_Subset\images\2025-05-16\layers\2025-05-16_VV.tif,data\raw\SummerSchool_Subset\images\2025-05-16\layers\2025-05-16_VH.tif,data\raw\SummerSchool_Subset\masks\2025_05_16.tiff,0 2,42645,0.9992267678897792,0,0.0,33,0.0007732321102207,0,0.0,33,0.0007732321102207,train
2025-05-16,2025-05-16_r1792_c1120,8,5,1792,1120,224,224,665509.5534378499,6050888.937680929,667755.9337142198,6053134.317814715,42392,0.8448660714285714,7784,True,True,True,data\raw\SummerSchool_Subset\images\2025-05-16\layers\2025-05-16_B04.tif,data\raw\SummerSchool_Subset\images\2025-05-16\layers\2025-05-16_B03.tif,data\raw\SummerSchool_Subset\images\2025-05-16\layers\2025-05-16_B02.tif,data\raw\SummerSchool_Subset\images\2025-05-16\layers\2025-05-16_VV.tif,data\raw\SummerSchool_Subset\images\2025-05-16\layers\2025-05-16_VH.tif,data\raw\SummerSchool_Subset\masks\2025_05_16.tiff,0 2,42365,0.9993630873749764,0,0.0,27,0.0006369126250235,0,0.0,27,0.0006369126250235,train
2025-05-16,2025-05-16_r1792_c1344,8,6,1792,1344,224,224,667755.9337142198,6050888.937680929,670002.3139905898,6053134.317814715,42370,0.8444276147959183,7806,True,True,True,data\raw\SummerSchool_Subset\images\2025-05-16\layers\2025-05-16_B04.tif,data\raw\SummerSchool_Subset\images\2025-05-16\layers\2025-05-16_B03.tif,data\raw\SummerSchool_Subset\images\2025-05-16\layers\2025-05-16_B02.tif,data\raw\SummerSchool_Subset\images\2025-05-16\layers\2025-05-16_VV.tif,data\raw\SummerSchool_Subset\images\2025-05-16\layers\2025-05-16_VH.tif,data\raw\SummerSchool_Subset\masks\2025_05_16.tiff,0 2,42340,0.999291951852726,0,0.0,30,0.000708048147274,0,0.0,30,0.000708048147274,train
2025-05-16,2025-05-16_r1792_c1568,8,7,1792,1568,224,224,670002.3139905898,6050888.937680929,672248.6942669598,6053134.317814715,43399,0.8649354272959183,6777,True,True,True,data\raw\SummerSchool_Subset\images\2025-05-16\layers\2025-05-16_B04.tif,data\raw\SummerSchool_Subset\images\2025-05-16\layers\2025-05-16_B03.tif,data\raw\SummerSchool_Subset\images\2025-05-16\layers\2025-05-16_B02.tif,data\raw\SummerSchool_Subset\images\2025-05-16\layers\2025-05-16_VV.tif,data\raw\SummerSchool_Subset\images\2025-05-16\layers\2025-05-16_VH.tif,data\raw\SummerSchool_Subset\masks\2025_05_16.tiff,0 2,43350,0.998870941726768,0,0.0,49,0.0011290582732321,0,0.0,49,0.0011290582732321,train
2025-05-16,2025-05-16_r1792_c1792,8,8,1792,1792,224,224,672248.6942669598,6050888.937680929,674495.0745433298,6053134.317814715,42802,0.8530373086734694,7374,True,True,True,data\raw\SummerSchool_Subset\images\2025-05-16\layers\2025-05-16_B04.tif,data\raw\SummerSchool_Subset\images\2025-05-16\layers\2025-05-16_B03.tif,data\raw\SummerSchool_Subset\images\2025-05-16\layers\2025-05-16_B02.tif,data\raw\SummerSchool_Subset\images\2025-05-16\layers\2025-05-16_VV.tif,data\raw\SummerSchool_Subset\images\2025-05-16\layers\2025-05-16_VH.tif,data\raw\SummerSchool_Subset\masks\2025_05_16.tiff,0 1 2 3 255,40875,0.9549787393112472,51,0.0011915331059296,1750,0.04088593990935,126,0.0029437876734732,1927,0.0450212606887528,train
2025-05-16,2025-05-16_r1792_c2016,8,9,1792,2016,224,224,674495.0745433298,6050888.937680929,676741.4548196997,6053134.317814715,36955,0.7365074936224489,13221,True,True,True,data\raw\SummerSchool_Subset\images\2025-05-16\layers\2025-05-16_B04.tif,data\raw\SummerSchool_Subset\images\2025-05-16\layers\2025-05-16_B03.tif,data\raw\SummerSchool_Subset\images\2025-05-16\layers\2025-05-16_B02.tif,data\raw\SummerSchool_Subset\images\2025-05-16\layers\2025-05-16_VV.tif,data\raw\SummerSchool_Subset\images\2025-05-16\layers\2025-05-16_VH.tif,data\raw\SummerSchool_Subset\masks\2025_05_16.tiff,0 1 2 3 255,29161,0.7890948450818563,390,0.0105533757272358,7129,0.1929102963063185,275,0.0074414828845893,7794,0.2109051549181436,train
2025-05-16,2025-05-16_r2016_c0224,9,1,2016,224,224,224,656524.0323323699,6048643.557547144,658770.4126087399,6050888.937680929,29759,0.5930923150510204,20417,True,True,True,data\raw\SummerSchool_Subset\images\2025-05-16\layers\2025-05-16_B04.tif,data\raw\SummerSchool_Subset\images\2025-05-16\layers\2025-05-16_B03.tif,data\raw\SummerSchool_Subset\images\2025-05-16\layers\2025-05-16_B02.tif,data\raw\SummerSchool_Subset\images\2025-05-16\layers\2025-05-16_VV.tif,data\raw\SummerSchool_Subset\images\2025-05-16\layers\2025-05-16_VH.tif,data\raw\SummerSchool_Subset\masks\2025_05_16.tiff,0 1 2 3 255,24861,0.835411136126886,118,0.0039651870022514,4502,0.1512819651197957,278,0.0093417117510669,4898,0.164588863873114,train
2025-05-16,2025-05-16_r2016_c0448,9,2,2016,448,224,224,658770.4126087399,6048643.557547144,661016.7928851099,6050888.937680929,41708,0.8312340561224489,8468,True,True,True,data\raw\SummerSchool_Subset\images\2025-05-16\layers\2025-05-16_B04.tif,data\raw\SummerSchool_Subset\images\2025-05-16\layers\2025-05-16_B03.tif,data\raw\SummerSchool_Subset\images\2025-05-16\layers\2025-05-16_B02.tif,data\raw\SummerSchool_Subset\images\2025-05-16\layers\2025-05-16_VV.tif,data\raw\SummerSchool_Subset\images\2025-05-16\layers\2025-05-16_VH.tif,data\raw\SummerSchool_Subset\masks\2025_05_16.tiff,0 2,41224,0.9883955116524408,0,0.0,484,0.0116044883475592,0,0.0,484,0.0116044883475592,train
2025-05-16,2025-05-16_r2016_c0672,9,3,2016,672,224,224,661016.7928851099,6048643.557547144,663263.1731614799,6050888.937680929,41077,0.8186583227040817,9099,True,True,True,data\raw\SummerSchool_Subset\images\2025-05-16\layers\2025-05-16_B04.tif,data\raw\SummerSchool_Subset\images\2025-05-16\layers\2025-05-16_B03.tif,data\raw\SummerSchool_Subset\images\2025-05-16\layers\2025-05-16_B02.tif,data\raw\SummerSchool_Subset\images\2025-05-16\layers\2025-05-16_VV.tif,data\raw\SummerSchool_Subset\images\2025-05-16\layers\2025-05-16_VH.tif,data\raw\SummerSchool_Subset\masks\2025_05_16.tiff,0 2,40980,0.9976385812011588,0,0.0,97,0.0023614187988412,0,0.0,97,0.0023614187988412,train
2025-05-16,2025-05-16_r2016_c0896,9,4,2016,896,224,224,663263.1731614799,6048643.557547144,665509.5534378499,6050888.937680929,41191,0.820930325255102,8985,True,True,True,data\raw\SummerSchool_Subset\images\2025-05-16\layers\2025-05-16_B04.tif,data\raw\SummerSchool_Subset\images\2025-05-16\layers\2025-05-16_B03.tif,data\raw\SummerSchool_Subset\images\2025-05-16\layers\2025-05-16_B02.tif,data\raw\SummerSchool_Subset\images\2025-05-16\layers\2025-05-16_VV.tif,data\raw\SummerSchool_Subset\images\2025-05-16\layers\2025-05-16_VH.tif,data\raw\SummerSchool_Subset\masks\2025_05_16.tiff,0 2,41157,0.9991745769706974,0,0.0,34,0.0008254230293025,0,0.0,34,0.0008254230293025,train
2025-05-16,2025-05-16_r2016_c1120,9,5,2016,1120,224,224,665509.5534378499,6048643.557547144,667755.9337142198,6050888.937680929,41672,0.8305165816326531,8504,True,True,True,data\raw\SummerSchool_Subset\images\2025-05-16\layers\2025-05-16_B04.tif,data\raw\SummerSchool_Subset\images\2025-05-16\layers\2025-05-16_B03.tif,data\raw\SummerSchool_Subset\images\2025-05-16\layers\2025-05-16_B02.tif,data\raw\SummerSchool_Subset\images\2025-05-16\layers\2025-05-16_VV.tif,data\raw\SummerSchool_Subset\images\2025-05-16\layers\2025-05-16_VH.tif,data\raw\SummerSchool_Subset\masks\2025_05_16.tiff,0 1 2 255,41652,0.9995200614321368,3,7.199078517949703e-05,17,0.0004079477826838,0,0.0,20,0.0004799385678633,train
2025-05-16,2025-05-16_r2016_c1344,9,6,2016,1344,224,224,667755.9337142198,6048643.557547144,670002.3139905898,6050888.937680929,41485,0.826789700255102,8691,True,True,True,data\raw\SummerSchool_Subset\images\2025-05-16\layers\2025-05-16_B04.tif,data\raw\SummerSchool_Subset\images\2025-05-16\layers\2025-05-16_B03.tif,data\raw\SummerSchool_Subset\images\2025-05-16\layers\2025-05-16_B02.tif,data\raw\SummerSchool_Subset\images\2025-05-16\layers\2025-05-16_VV.tif,data\raw\SummerSchool_Subset\images\2025-05-16\layers\2025-05-16_VH.tif,data\raw\SummerSchool_Subset\masks\2025_05_16.tiff,0 2,41460,0.9993973725442932,0,0.0,25,0.0006026274557068,0,0.0,25,0.0006026274557068,train
2025-05-16,2025-05-16_r2016_c1568,9,7,2016,1568,224,224,670002.3139905898,6048643.557547144,672248.6942669598,6050888.937680929,42815,0.8532963966836735,7361,True,True,True,data\raw\SummerSchool_Subset\images\2025-05-16\layers\2025-05-16_B04.tif,data\raw\SummerSchool_Subset\images\2025-05-16\layers\2025-05-16_B03.tif,data\raw\SummerSchool_Subset\images\2025-05-16\layers\2025-05-16_B02.tif,data\raw\SummerSchool_Subset\images\2025-05-16\layers\2025-05-16_VV.tif,data\raw\SummerSchool_Subset\images\2025-05-16\layers\2025-05-16_VH.tif,data\raw\SummerSchool_Subset\masks\2025_05_16.tiff,0 2,42747,0.9984117715753824,0,0.0,68,0.0015882284246175,0,0.0,68,0.0015882284246175,train
2025-05-16,2025-05-16_r2016_c1792,9,8,2016,1792,224,224,672248.6942669598,6048643.557547144,674495.0745433298,6050888.937680929,28948,0.5769292091836735,21228,True,True,True,data\raw\SummerSchool_Subset\images\2025-05-16\layers\2025-05-16_B04.tif,data\raw\SummerSchool_Subset\images\2025-05-16\layers\2025-05-16_B03.tif,data\raw\SummerSchool_Subset\images\2025-05-16\layers\2025-05-16_B02.tif,data\raw\SummerSchool_Subset\images\2025-05-16\layers\2025-05-16_VV.tif,data\raw\SummerSchool_Subset\images\2025-05-16\layers\2025-05-16_VH.tif,data\raw\SummerSchool_Subset\masks\2025_05_16.tiff,0 1 2 3 255,24590,0.8494541937266823,48,0.0016581456404587,4132,0.1427387038828243,178,0.0061489567500345,4358,0.1505458062733176,train
2025-05-16,2025-05-16_r2240_c0000,10,0,2240,0,224,224,654277.652056,6046398.177413358,656524.0323323699,6048643.557547144,23016,0.4587053571428571,27160,True,True,True,data\raw\SummerSchool_Subset\images\2025-05-16\layers\2025-05-16_B04.tif,data\raw\SummerSchool_Subset\images\2025-05-16\layers\2025-05-16_B03.tif,data\raw\SummerSchool_Subset\images\2025-05-16\layers\2025-05-16_B02.tif,data\raw\SummerSchool_Subset\images\2025-05-16\layers\2025-05-16_VV.tif,data\raw\SummerSchool_Subset\images\2025-05-16\layers\2025-05-16_VH.tif,data\raw\SummerSchool_Subset\masks\2025_05_16.tiff,0 1 2 3 255,6433,0.2795012165450121,178,0.0077337504344803,16147,0.7015554396941258,258,0.0112095933263816,16583,0.7204987834549879,train
2025-05-16,2025-05-16_r2240_c0224,10,1,2240,224,224,224,656524.0323323699,6046398.177413358,658770.4126087399,6048643.557547144,42028,0.8376116071428571,8148,True,True,True,data\raw\SummerSchool_Subset\images\2025-05-16\layers\2025-05-16_B04.tif,data\raw\SummerSchool_Subset\images\2025-05-16\layers\2025-05-16_B03.tif,data\raw\SummerSchool_Subset\images\2025-05-16\layers\2025-05-16_B02.tif,data\raw\SummerSchool_Subset\images\2025-05-16\layers\2025-05-16_VV.tif,data\raw\SummerSchool_Subset\images\2025-05-16\layers\2025-05-16_VH.tif,data\raw\SummerSchool_Subset\masks\2025_05_16.tiff,0 2,38400,0.9136765965546778,0,0.0,3628,0.0863234034453221,0,0.0,3628,0.0863234034453221,train
2025-05-16,2025-05-16_r2240_c0448,10,2,2240,448,224,224,658770.4126087399,6046398.177413358,661016.7928851099,6048643.557547144,41427,0.8256337691326531,8749,True,True,True,data\raw\SummerSchool_Subset\images\2025-05-16\layers\2025-05-16_B04.tif,data\raw\SummerSchool_Subset\images\2025-05-16\layers\2025-05-16_B03.tif,data\raw\SummerSchool_Subset\images\2025-05-16\layers\2025-05-16_B02.tif,data\raw\SummerSchool_Subset\images\2025-05-16\layers\2025-05-16_VV.tif,data\raw\SummerSchool_Subset\images\2025-05-16\layers\2025-05-16_VH.tif,data\raw\SummerSchool_Subset\masks\2025_05_16.tiff,0 2,41107,0.9922755690733096,0,0.0,320,0.0077244309266903,0,0.0,320,0.0077244309266903,train
2025-05-16,2025-05-16_r2240_c0672,10,3,2240,672,224,224,661016.7928851099,6046398.177413358,663263.1731614799,6048643.557547144,40918,0.8154894770408163,9258,True,True,True,data\raw\SummerSchool_Subset\images\2025-05-16\layers\2025-05-16_B04.tif,data\raw\SummerSchool_Subset\images\2025-05-16\layers\2025-05-16_B03.tif,data\raw\SummerSchool_Subset\images\2025-05-16\layers\2025-05-16_B02.tif,data\raw\SummerSchool_Subset\images\2025-05-16\layers\2025-05-16_VV.tif,data\raw\SummerSchool_Subset\images\2025-05-16\layers\2025-05-16_VH.tif,data\raw\SummerSchool_Subset\masks\2025_05_16.tiff,0 2,40736,0.9955520797692948,0,0.0,182,0.0044479202307053,0,0.0,182,0.0044479202307053,train
2025-05-16,2025-05-16_r2240_c0896,10,4,2240,896,224,224,663263.1731614799,6046398.177413358,665509.5534378499,6048643.557547144,41120,0.8195153061224489,9056,True,True,True,data\raw\SummerSchool_Subset\images\2025-05-16\layers\2025-05-16_B04.tif,data\raw\SummerSchool_Subset\images\2025-05-16\layers\2025-05-16_B03.tif,data\raw\SummerSchool_Subset\images\2025-05-16\layers\2025-05-16_B02.tif,data\raw\SummerSchool_Subset\images\2025-05-16\layers\2025-05-16_VV.tif,data\raw\SummerSchool_Subset\images\2025-05-16\layers\2025-05-16_VH.tif,data\raw\SummerSchool_Subset\masks\2025_05_16.tiff,0 2,41035,0.997932879377432,0,0.0,85,0.002067120622568,0,0.0,85,0.002067120622568,train
2025-05-16,2025-05-16_r2240_c1120,10,5,2240,1120,224,224,665509.5534378499,6046398.177413358,667755.9337142198,6048643.557547144,41257,0.8222456951530612,8919,True,True,True,data\raw\SummerSchool_Subset\images\2025-05-16\layers\2025-05-16_B04.tif,data\raw\SummerSchool_Subset\images\2025-05-16\layers\2025-05-16_B03.tif,data\raw\SummerSchool_Subset\images\2025-05-16\layers\2025-05-16_B02.tif,data\raw\SummerSchool_Subset\images\2025-05-16\layers\2025-05-16_VV.tif,data\raw\SummerSchool_Subset\images\2025-05-16\layers\2025-05-16_VH.tif,data\raw\SummerSchool_Subset\masks\2025_05_16.tiff,0 2,41239,0.9995637104006592,0,0.0,18,0.0004362895993407,0,0.0,18,0.0004362895993407,train
2025-05-16,2025-05-16_r2240_c1344,10,6,2240,1344,224,224,667755.9337142198,6046398.177413358,670002.3139905898,6048643.557547144,41455,0.8261918048469388,8721,True,True,True,data\raw\SummerSchool_Subset\images\2025-05-16\layers\2025-05-16_B04.tif,data\raw\SummerSchool_Subset\images\2025-05-16\layers\2025-05-16_B03.tif,data\raw\SummerSchool_Subset\images\2025-05-16\layers\2025-05-16_B02.tif,data\raw\SummerSchool_Subset\images\2025-05-16\layers\2025-05-16_VV.tif,data\raw\SummerSchool_Subset\images\2025-05-16\layers\2025-05-16_VH.tif,data\raw\SummerSchool_Subset\masks\2025_05_16.tiff,0 2,41384,0.9982872994813652,0,0.0,71,0.0017127005186346,0,0.0,71,0.0017127005186346,train
2025-05-16,2025-05-16_r2240_c1568,10,7,2240,1568,224,224,670002.3139905898,6046398.177413358,672248.6942669598,6048643.557547144,40706,0.8112643494897959,9470,True,True,True,data\raw\SummerSchool_Subset\images\2025-05-16\layers\2025-05-16_B04.tif,data\raw\SummerSchool_Subset\images\2025-05-16\layers\2025-05-16_B03.tif,data\raw\SummerSchool_Subset\images\2025-05-16\layers\2025-05-16_B02.tif,data\raw\SummerSchool_Subset\images\2025-05-16\layers\2025-05-16_VV.tif,data\raw\SummerSchool_Subset\images\2025-05-16\layers\2025-05-16_VH.tif,data\raw\SummerSchool_Subset\masks\2025_05_16.tiff,0 1 2 3 255,39829,0.9784552645801602,37,0.0009089569105291,774,0.0190143959121505,66,0.0016213825971601,877,0.0215447354198398,train
2025-05-16,2025-05-16_r2464_c0000,11,0,2464,0,224,224,654277.652056,6044152.797279572,656524.0323323699,6046398.177413358,21515,0.4287906568877551,28661,True,True,True,data\raw\SummerSchool_Subset\images\2025-05-16\layers\2025-05-16_B04.tif,data\raw\SummerSchool_Subset\images\2025-05-16\layers\2025-05-16_B03.tif,data\raw\SummerSchool_Subset\images\2025-05-16\layers\2025-05-16_B02.tif,data\raw\SummerSchool_Subset\images\2025-05-16\layers\2025-05-16_VV.tif,data\raw\SummerSchool_Subset\images\2025-05-16\layers\2025-05-16_VH.tif,data\raw\SummerSchool_Subset\masks\2025_05_16.tiff,0 1 2 3 255,6282,0.2919823379037881,469,0.0217987450615849,14342,0.6666046943992563,422,0.0196142226353706,15233,0.708017662096212,train
2025-05-16,2025-05-16_r2464_c0224,11,1,2464,224,224,224,656524.0323323699,6044152.797279572,658770.4126087399,6046398.177413358,42698,0.8509646045918368,7478,True,True,True,data\raw\SummerSchool_Subset\images\2025-05-16\layers\2025-05-16_B04.tif,data\raw\SummerSchool_Subset\images\2025-05-16\layers\2025-05-16_B03.tif,data\raw\SummerSchool_Subset\images\2025-05-16\layers\2025-05-16_B02.tif,data\raw\SummerSchool_Subset\images\2025-05-16\layers\2025-05-16_VV.tif,data\raw\SummerSchool_Subset\images\2025-05-16\layers\2025-05-16_VH.tif,data\raw\SummerSchool_Subset\masks\2025_05_16.tiff,0 1 2 3 255,38536,0.902524708417256,109,0.002552812778116,3955,0.092627289334395,98,0.0022951894702327,4162,0.0974752915827439,train
2025-05-16,2025-05-16_r2464_c0448,11,2,2464,448,224,224,658770.4126087399,6044152.797279572,661016.7928851099,6046398.177413358,43185,0.8606704400510204,6991,True,True,True,data\raw\SummerSchool_Subset\images\2025-05-16\layers\2025-05-16_B04.tif,data\raw\SummerSchool_Subset\images\2025-05-16\layers\2025-05-16_B03.tif,data\raw\SummerSchool_Subset\images\2025-05-16\layers\2025-05-16_B02.tif,data\raw\SummerSchool_Subset\images\2025-05-16\layers\2025-05-16_VV.tif,data\raw\SummerSchool_Subset\images\2025-05-16\layers\2025-05-16_VH.tif,data\raw\SummerSchool_Subset\masks\2025_05_16.tiff,0 1 2 3 255,42746,0.9898344332522868,11,0.0002547180734051,405,0.0093782563390066,23,0.0005325923353016,439,0.0101655667477133,train
2025-05-16,2025-05-16_r2464_c0672,11,3,2464,672,224,224,661016.7928851099,6044152.797279572,663263.1731614799,6046398.177413358,41150,0.8201132015306123,9026,True,True,True,data\raw\SummerSchool_Subset\images\2025-05-16\layers\2025-05-16_B04.tif,data\raw\SummerSchool_Subset\images\2025-05-16\layers\2025-05-16_B03.tif,data\raw\SummerSchool_Subset\images\2025-05-16\layers\2025-05-16_B02.tif,data\raw\SummerSchool_Subset\images\2025-05-16\layers\2025-05-16_VV.tif,data\raw\SummerSchool_Subset\images\2025-05-16\layers\2025-05-16_VH.tif,data\raw\SummerSchool_Subset\masks\2025_05_16.tiff,0 1 2 3 255,39541,0.96089914945322,25,0.0006075334143377,1387,0.0337059538274605,197,0.0047873633049817,1609,0.03910085054678,train
2025-05-16,2025-05-16_r2464_c0896,11,4,2464,896,224,224,663263.1731614799,6044152.797279572,665509.5534378499,6046398.177413358,42106,0.8391661352040817,8070,True,True,True,data\raw\SummerSchool_Subset\images\2025-05-16\layers\2025-05-16_B04.tif,data\raw\SummerSchool_Subset\images\2025-05-16\layers\2025-05-16_B03.tif,data\raw\SummerSchool_Subset\images\2025-05-16\layers\2025-05-16_B02.tif,data\raw\SummerSchool_Subset\images\2025-05-16\layers\2025-05-16_VV.tif,data\raw\SummerSchool_Subset\images\2025-05-16\layers\2025-05-16_VH.tif,data\raw\SummerSchool_Subset\masks\2025_05_16.tiff,0 1 2 3 255,41499,0.98558400227996,2,4.749916876454662e-05,528,0.0125397805538403,77,0.001828717997435,607,0.0144159977200398,train
2025-05-16,2025-05-16_r2464_c1120,11,5,2464,1120,224,224,665509.5534378499,6044152.797279572,667755.9337142198,6046398.177413358,41872,0.8345025510204082,8304,True,True,True,data\raw\SummerSchool_Subset\images\2025-05-16\layers\2025-05-16_B04.tif,data\raw\SummerSchool_Subset\images\2025-05-16\layers\2025-05-16_B03.tif,data\raw\SummerSchool_Subset\images\2025-05-16\layers\2025-05-16_B02.tif,data\raw\SummerSchool_Subset\images\2025-05-16\layers\2025-05-16_VV.tif,data\raw\SummerSchool_Subset\images\2025-05-16\layers\2025-05-16_VH.tif,data\raw\SummerSchool_Subset\masks\2025_05_16.tiff,0 2,41841,0.9992596484524264,0,0.0,31,0.0007403515475735,0,0.0,31,0.0007403515475735,train
2025-05-16,2025-05-16_r2464_c1344,11,6,2464,1344,224,224,667755.9337142198,6044152.797279572,670002.3139905898,6046398.177413358,42847,0.8539341517857143,7329,True,True,True,data\raw\SummerSchool_Subset\images\2025-05-16\layers\2025-05-16_B04.tif,data\raw\SummerSchool_Subset\images\2025-05-16\layers\2025-05-16_B03.tif,data\raw\SummerSchool_Subset\images\2025-05-16\layers\2025-05-16_B02.tif,data\raw\SummerSchool_Subset\images\2025-05-16\layers\2025-05-16_VV.tif,data\raw\SummerSchool_Subset\images\2025-05-16\layers\2025-05-16_VH.tif,data\raw\SummerSchool_Subset\masks\2025_05_16.tiff,0 2,42780,0.9984362965901932,0,0.0,67,0.0015637034098069,0,0.0,67,0.0015637034098069,train
2025-05-16,2025-05-16_r2464_c1568,11,7,2464,1568,224,224,670002.3139905898,6044152.797279572,672248.6942669598,6046398.177413358,31336,0.6245216836734694,18840,True,True,True,data\raw\SummerSchool_Subset\images\2025-05-16\layers\2025-05-16_B04.tif,data\raw\SummerSchool_Subset\images\2025-05-16\layers\2025-05-16_B03.tif,data\raw\SummerSchool_Subset\images\2025-05-16\layers\2025-05-16_B02.tif,data\raw\SummerSchool_Subset\images\2025-05-16\layers\2025-05-16_VV.tif,data\raw\SummerSchool_Subset\images\2025-05-16\layers\2025-05-16_VH.tif,data\raw\SummerSchool_Subset\masks\2025_05_16.tiff,0 1 2 3 255,27724,0.8847332141945367,267,0.0085205514424304,3045,0.0971725810569313,300,0.0095736533061016,3612,0.1152667858054633,train
2025-05-16,2025-05-16_r2688_c0224,12,1,2688,224,224,224,656524.0323323699,6041907.417145787,658770.4126087399,6044152.797279572,15245,0.3038305165816326,34931,True,True,True,data\raw\SummerSchool_Subset\images\2025-05-16\layers\2025-05-16_B04.tif,data\raw\SummerSchool_Subset\images\2025-05-16\layers\2025-05-16_B03.tif,data\raw\SummerSchool_Subset\images\2025-05-16\layers\2025-05-16_B02.tif,data\raw\SummerSchool_Subset\images\2025-05-16\layers\2025-05-16_VV.tif,data\raw\SummerSchool_Subset\images\2025-05-16\layers\2025-05-16_VH.tif,data\raw\SummerSchool_Subset\masks\2025_05_16.tiff,0 1 2 3 255,11064,0.725746146277468,472,0.0309609708101016,2624,0.1721220072154805,1085,0.0711708756969498,4181,0.2742538537225319,train
2025-05-16,2025-05-16_r2688_c0448,12,2,2688,448,224,224,658770.4126087399,6041907.417145787,661016.7928851099,6044152.797279572,26847,0.5350566007653061,23329,True,True,True,data\raw\SummerSchool_Subset\images\2025-05-16\layers\2025-05-16_B04.tif,data\raw\SummerSchool_Subset\images\2025-05-16\layers\2025-05-16_B03.tif,data\raw\SummerSchool_Subset\images\2025-05-16\layers\2025-05-16_B02.tif,data\raw\SummerSchool_Subset\images\2025-05-16\layers\2025-05-16_VV.tif,data\raw\SummerSchool_Subset\images\2025-05-16\layers\2025-05-16_VH.tif,data\raw\SummerSchool_Subset\masks\2025_05_16.tiff,0 1 2 3 255,22066,0.821916787723023,113,0.0042090363914031,4321,0.1609490818340969,347,0.0129250940514768,4781,0.1780832122769769,train
2025-05-16,2025-05-16_r2688_c0896,12,4,2688,896,224,224,663263.1731614799,6041907.417145787,665509.5534378499,6044152.797279572,13339,0.2658442283163265,36837,True,True,True,data\raw\SummerSchool_Subset\images\2025-05-16\layers\2025-05-16_B04.tif,data\raw\SummerSchool_Subset\images\2025-05-16\layers\2025-05-16_B03.tif,data\raw\SummerSchool_Subset\images\2025-05-16\layers\2025-05-16_B02.tif,data\raw\SummerSchool_Subset\images\2025-05-16\layers\2025-05-16_VV.tif,data\raw\SummerSchool_Subset\images\2025-05-16\layers\2025-05-16_VH.tif,data\raw\SummerSchool_Subset\masks\2025_05_16.tiff,0 1 2 3 255,10701,0.8022340505285254,704,0.0527775695329484,1427,0.1069795336981782,507,0.0380088462403478,2638,0.1977659494714746,train
2025-05-16,2025-05-16_r2688_c1120,12,5,2688,1120,224,224,665509.5534378499,6041907.417145787,667755.9337142198,6044152.797279572,20548,0.4095184948979591,29628,True,True,True,data\raw\SummerSchool_Subset\images\2025-05-16\layers\2025-05-16_B04.tif,data\raw\SummerSchool_Subset\images\2025-05-16\layers\2025-05-16_B03.tif,data\raw\SummerSchool_Subset\images\2025-05-16\layers\2025-05-16_B02.tif,data\raw\SummerSchool_Subset\images\2025-05-16\layers\2025-05-16_VV.tif,data\raw\SummerSchool_Subset\images\2025-05-16\layers\2025-05-16_VH.tif,data\raw\SummerSchool_Subset\masks\2025_05_16.tiff,0 1 2 3 255,17981,0.8750729998053338,835,0.0406365583025111,1321,0.0642884952306793,411,0.0200019466614755,2567,0.1249270001946661,train
2025-05-16,2025-05-16_r2688_c1344,12,6,2688,1344,224,224,667755.9337142198,6041907.417145787,670002.3139905898,6044152.797279572,42317,0.8433713329081632,7859,True,True,True,data\raw\SummerSchool_Subset\images\2025-05-16\layers\2025-05-16_B04.tif,data\raw\SummerSchool_Subset\images\2025-05-16\layers\2025-05-16_B03.tif,data\raw\SummerSchool_Subset\images\2025-05-16\layers\2025-05-16_B02.tif,data\raw\SummerSchool_Subset\images\2025-05-16\layers\2025-05-16_VV.tif,data\raw\SummerSchool_Subset\images\2025-05-16\layers\2025-05-16_VH.tif,data\raw\SummerSchool_Subset\masks\2025_05_16.tiff,0 1 2 3 255,40922,0.9670345251317436,33,0.0007798284377436,1201,0.0283810289009145,161,0.003804617529598,1395,0.0329654748682562,train
2025-05-16,2025-05-16_r2688_c1568,12,7,2688,1568,224,224,670002.3139905898,6041907.417145787,672248.6942669598,6044152.797279572,33009,0.6578643176020408,17167,True,True,True,data\raw\SummerSchool_Subset\images\2025-05-16\layers\2025-05-16_B04.tif,data\raw\SummerSchool_Subset\images\2025-05-16\layers\2025-05-16_B03.tif,data\raw\SummerSchool_Subset\images\2025-05-16\layers\2025-05-16_B02.tif,data\raw\SummerSchool_Subset\images\2025-05-16\layers\2025-05-16_VV.tif,data\raw\SummerSchool_Subset\images\2025-05-16\layers\2025-05-16_VH.tif,data\raw\SummerSchool_Subset\masks\2025_05_16.tiff,0 1 2 3 255,29403,0.8907570662546578,126,0.0038171407797873,2868,0.0868853948923021,612,0.0185403980732527,3606,0.1092429337453421,train
2025-05-16,2025-05-16_r2912_c1344,13,6,2912,1344,224,224,667755.9337142198,6039662.037012001,670002.3139905898,6041907.417145787,12142,0.2419882015306122,38034,True,True,True,data\raw\SummerSchool_Subset\images\2025-05-16\layers\2025-05-16_B04.tif,data\raw\SummerSchool_Subset\images\2025-05-16\layers\2025-05-16_B03.tif,data\raw\SummerSchool_Subset\images\2025-05-16\layers\2025-05-16_B02.tif,data\raw\SummerSchool_Subset\images\2025-05-16\layers\2025-05-16_VV.tif,data\raw\SummerSchool_Subset\images\2025-05-16\layers\2025-05-16_VH.tif,data\raw\SummerSchool_Subset\masks\2025_05_16.tiff,0 1 2 3 255,6345,0.5225662987975622,78,0.006423982869379,5293,0.4359248888156811,426,0.0350848295173776,5797,0.4774337012024378,train
2025-05-18,2025-05-18_r0000_c0672,0,3,0,672,224,224,661016.7928851099,6068851.978751215,663263.1731614799,6071097.358885,20900,0.4165338010204081,29276,True,True,True,data\raw\SummerSchool_Subset\images\2025-05-18\layers\2025-05-18_B04.tif,data\raw\SummerSchool_Subset\images\2025-05-18\layers\2025-05-18_B03.tif,data\raw\SummerSchool_Subset\images\2025-05-18\layers\2025-05-18_B02.tif,data\raw\SummerSchool_Subset\images\2025-05-18\layers\2025-05-18_VV.tif,data\raw\SummerSchool_Subset\images\2025-05-18\layers\2025-05-18_VH.tif,data\raw\SummerSchool_Subset\masks\2025_05_18.tiff,0 1 2 3 255,15952,0.7632535885167464,190,0.009090909090909,4280,0.2047846889952153,478,0.0228708133971291,4948,0.2367464114832536,train
2025-05-18,2025-05-18_r0224_c0448,1,2,224,448,224,224,658770.4126087399,6066606.598617429,661016.7928851099,6068851.978751215,17776,0.3542729591836734,32400,True,True,True,data\raw\SummerSchool_Subset\images\2025-05-18\layers\2025-05-18_B04.tif,data\raw\SummerSchool_Subset\images\2025-05-18\layers\2025-05-18_B03.tif,data\raw\SummerSchool_Subset\images\2025-05-18\layers\2025-05-18_B02.tif,data\raw\SummerSchool_Subset\images\2025-05-18\layers\2025-05-18_VV.tif,data\raw\SummerSchool_Subset\images\2025-05-18\layers\2025-05-18_VH.tif,data\raw\SummerSchool_Subset\masks\2025_05_18.tiff,0 1 2 3 255,14831,0.8343271827182718,676,0.038028802880288,1994,0.1121737173717371,275,0.0154702970297029,2945,0.1656728172817281,train
2025-05-18,2025-05-18_r0224_c0672,1,3,224,672,224,224,661016.7928851099,6066606.598617429,663263.1731614799,6068851.978751215,42756,0.8521205357142857,7420,True,True,True,data\raw\SummerSchool_Subset\images\2025-05-18\layers\2025-05-18_B04.tif,data\raw\SummerSchool_Subset\images\2025-05-18\layers\2025-05-18_B03.tif,data\raw\SummerSchool_Subset\images\2025-05-18\layers\2025-05-18_B02.tif,data\raw\SummerSchool_Subset\images\2025-05-18\layers\2025-05-18_VV.tif,data\raw\SummerSchool_Subset\images\2025-05-18\layers\2025-05-18_VH.tif,data\raw\SummerSchool_Subset\masks\2025_05_18.tiff,0 1 2 3 255,40565,0.9487557301899148,86,0.0020114136027692,1849,0.0432453924595378,256,0.005987463747778,2191,0.0512442698100851,train
2025-05-18,2025-05-18_r0224_c2016,1,9,224,2016,224,224,674495.0745433298,6066606.598617429,676741.4548196997,6068851.978751215,19509,0.3888113839285714,30667,True,True,True,data\raw\SummerSchool_Subset\images\2025-05-18\layers\2025-05-18_B04.tif,data\raw\SummerSchool_Subset\images\2025-05-18\layers\2025-05-18_B03.tif,data\raw\SummerSchool_Subset\images\2025-05-18\layers\2025-05-18_B02.tif,data\raw\SummerSchool_Subset\images\2025-05-18\layers\2025-05-18_VV.tif,data\raw\SummerSchool_Subset\images\2025-05-18\layers\2025-05-18_VH.tif,data\raw\SummerSchool_Subset\masks\2025_05_18.tiff,0 1 2 3 255,13388,0.68624737300733,50,0.0025629196780972,5778,0.2961709980009226,293,0.0150187093136501,6121,0.31375262699267,train
2025-05-18,2025-05-18_r0448_c0448,2,2,448,448,224,224,658770.4126087399,6064361.218483644,661016.7928851099,6066606.598617429,33571,0.6690648915816326,16605,True,True,True,data\raw\SummerSchool_Subset\images\2025-05-18\layers\2025-05-18_B04.tif,data\raw\SummerSchool_Subset\images\2025-05-18\layers\2025-05-18_B03.tif,data\raw\SummerSchool_Subset\images\2025-05-18\layers\2025-05-18_B02.tif,data\raw\SummerSchool_Subset\images\2025-05-18\layers\2025-05-18_VV.tif,data\raw\SummerSchool_Subset\images\2025-05-18\layers\2025-05-18_VH.tif,data\raw\SummerSchool_Subset\masks\2025_05_18.tiff,0 1 2 3 255,30366,0.9045306961365464,761,0.0226683744898871,2109,0.0628220785797265,335,0.0099788507938399,3205,0.0954693038634535,train
2025-05-18,2025-05-18_r0448_c0672,2,3,448,672,224,224,661016.7928851099,6064361.218483644,663263.1731614799,6066606.598617429,42189,0.8408203125,7987,True,True,True,data\raw\SummerSchool_Subset\images\2025-05-18\layers\2025-05-18_B04.tif,data\raw\SummerSchool_Subset\images\2025-05-18\layers\2025-05-18_B03.tif,data\raw\SummerSchool_Subset\images\2025-05-18\layers\2025-05-18_B02.tif,data\raw\SummerSchool_Subset\images\2025-05-18\layers\2025-05-18_VV.tif,data\raw\SummerSchool_Subset\images\2025-05-18\layers\2025-05-18_VH.tif,data\raw\SummerSchool_Subset\masks\2025_05_18.tiff,0 1 2 3 255,40930,0.9701580980824386,32,0.00075849154993,1067,0.0252909526179809,160,0.0037924577496503,1259,0.0298419019175614,train
2025-05-18,2025-05-18_r0448_c0896,2,4,448,896,224,224,663263.1731614799,6064361.218483644,665509.5534378499,6066606.598617429,20693,0.4124083227040816,29483,True,True,True,data\raw\SummerSchool_Subset\images\2025-05-18\layers\2025-05-18_B04.tif,data\raw\SummerSchool_Subset\images\2025-05-18\layers\2025-05-18_B03.tif,data\raw\SummerSchool_Subset\images\2025-05-18\layers\2025-05-18_B02.tif,data\raw\SummerSchool_Subset\images\2025-05-18\layers\2025-05-18_VV.tif,data\raw\SummerSchool_Subset\images\2025-05-18\layers\2025-05-18_VH.tif,data\raw\SummerSchool_Subset\masks\2025_05_18.tiff,0 1 2 3 255,12739,0.6156188082926594,157,0.0075871067510752,6878,0.3323829314260861,919,0.0444111535301792,7954,0.3843811917073406,train
2025-05-18,2025-05-18_r0448_c1120,2,5,448,1120,224,224,665509.5534378499,6064361.218483644,667755.9337142198,6066606.598617429,10162,0.2025271045918367,40014,True,True,True,data\raw\SummerSchool_Subset\images\2025-05-18\layers\2025-05-18_B04.tif,data\raw\SummerSchool_Subset\images\2025-05-18\layers\2025-05-18_B03.tif,data\raw\SummerSchool_Subset\images\2025-05-18\layers\2025-05-18_B02.tif,data\raw\SummerSchool_Subset\images\2025-05-18\layers\2025-05-18_VV.tif,data\raw\SummerSchool_Subset\images\2025-05-18\layers\2025-05-18_VH.tif,data\raw\SummerSchool_Subset\masks\2025_05_18.tiff,0 1 2 3 255,7068,0.6955323755166306,56,0.0055107262349931,2690,0.2647116709309191,348,0.0342452273174571,3094,0.3044676244833694,train
2025-05-18,2025-05-18_r0448_c1568,2,7,448,1568,224,224,670002.3139905898,6064361.218483644,672248.6942669598,6066606.598617429,26323,0.5246133609693877,23853,True,True,True,data\raw\SummerSchool_Subset\images\2025-05-18\layers\2025-05-18_B04.tif,data\raw\SummerSchool_Subset\images\2025-05-18\layers\2025-05-18_B03.tif,data\raw\SummerSchool_Subset\images\2025-05-18\layers\2025-05-18_B02.tif,data\raw\SummerSchool_Subset\images\2025-05-18\layers\2025-05-18_VV.tif,data\raw\SummerSchool_Subset\images\2025-05-18\layers\2025-05-18_VH.tif,data\raw\SummerSchool_Subset\masks\2025_05_18.tiff,0 1 2 3 255,19012,0.7222581012802493,103,0.0039129278577669,6731,0.255707936025529,477,0.0181210348364548,7311,0.2777418987197508,train
2025-05-18,2025-05-18_r0448_c1792,2,8,448,1792,224,224,672248.6942669598,6064361.218483644,674495.0745433298,6066606.598617429,41604,0.8291613520408163,8572,True,True,True,data\raw\SummerSchool_Subset\images\2025-05-18\layers\2025-05-18_B04.tif,data\raw\SummerSchool_Subset\images\2025-05-18\layers\2025-05-18_B03.tif,data\raw\SummerSchool_Subset\images\2025-05-18\layers\2025-05-18_B02.tif,data\raw\SummerSchool_Subset\images\2025-05-18\layers\2025-05-18_VV.tif,data\raw\SummerSchool_Subset\images\2025-05-18\layers\2025-05-18_VH.tif,data\raw\SummerSchool_Subset\masks\2025_05_18.tiff,0 1 2 3 255,37920,0.9114508220363426,19,0.0004566868570329,3585,0.0861695990770118,80,0.0019228920296125,3684,0.0885491779636573,train
2025-05-18,2025-05-18_r0448_c2016,2,9,448,2016,224,224,674495.0745433298,6064361.218483644,676741.4548196997,6066606.598617429,43105,0.8590760522959183,7071,True,True,True,data\raw\SummerSchool_Subset\images\2025-05-18\layers\2025-05-18_B04.tif,data\raw\SummerSchool_Subset\images\2025-05-18\layers\2025-05-18_B03.tif,data\raw\SummerSchool_Subset\images\2025-05-18\layers\2025-05-18_B02.tif,data\raw\SummerSchool_Subset\images\2025-05-18\layers\2025-05-18_VV.tif,data\raw\SummerSchool_Subset\images\2025-05-18\layers\2025-05-18_VH.tif,data\raw\SummerSchool_Subset\masks\2025_05_18.tiff,0 1 2,41862,0.971163438116228,1,2.319916483006612e-05,1242,0.0288133627189421,0,0.0,1243,0.0288365618837721,train
2025-05-18,2025-05-18_r0448_c2240,2,10,448,2240,224,224,676741.4548196997,6064361.218483644,678987.8350960697,6066606.598617429,27176,0.5416135204081632,23000,True,True,True,data\raw\SummerSchool_Subset\images\2025-05-18\layers\2025-05-18_B04.tif,data\raw\SummerSchool_Subset\images\2025-05-18\layers\2025-05-18_B03.tif,data\raw\SummerSchool_Subset\images\2025-05-18\layers\2025-05-18_B02.tif,data\raw\SummerSchool_Subset\images\2025-05-18\layers\2025-05-18_VV.tif,data\raw\SummerSchool_Subset\images\2025-05-18\layers\2025-05-18_VH.tif,data\raw\SummerSchool_Subset\masks\2025_05_18.tiff,0 1 2 3 255,23258,0.8558286723579629,137,0.0050412128348542,3361,0.1236753017368266,420,0.0154548130703561,3918,0.144171327642037,train
2025-05-18,2025-05-18_r0672_c0448,3,2,672,448,224,224,658770.4126087399,6062115.838349857,661016.7928851099,6064361.218483644,29416,0.5862563775510204,20760,True,True,True,data\raw\SummerSchool_Subset\images\2025-05-18\layers\2025-05-18_B04.tif,data\raw\SummerSchool_Subset\images\2025-05-18\layers\2025-05-18_B03.tif,data\raw\SummerSchool_Subset\images\2025-05-18\layers\2025-05-18_B02.tif,data\raw\SummerSchool_Subset\images\2025-05-18\layers\2025-05-18_VV.tif,data\raw\SummerSchool_Subset\images\2025-05-18\layers\2025-05-18_VH.tif,data\raw\SummerSchool_Subset\masks\2025_05_18.tiff,0 1 2 3 255,27488,0.9344574381289096,12,0.000407941256459,1909,0.064896654881697,7,0.0002379657329344,1928,0.0655425618710905,train
2025-05-18,2025-05-18_r0672_c0672,3,3,672,672,224,224,661016.7928851099,6062115.838349857,663263.1731614799,6064361.218483644,43145,0.8598732461734694,7031,True,True,True,data\raw\SummerSchool_Subset\images\2025-05-18\layers\2025-05-18_B04.tif,data\raw\SummerSchool_Subset\images\2025-05-18\layers\2025-05-18_B03.tif,data\raw\SummerSchool_Subset\images\2025-05-18\layers\2025-05-18_B02.tif,data\raw\SummerSchool_Subset\images\2025-05-18\layers\2025-05-18_VV.tif,data\raw\SummerSchool_Subset\images\2025-05-18\layers\2025-05-18_VH.tif,data\raw\SummerSchool_Subset\masks\2025_05_18.tiff,0 2,42763,0.9911461351257388,0,0.0,382,0.0088538648742612,0,0.0,382,0.0088538648742612,train
2025-05-18,2025-05-18_r0672_c0896,3,4,672,896,224,224,663263.1731614799,6062115.838349857,665509.5534378499,6064361.218483644,42015,0.8373525191326531,8161,True,True,True,data\raw\SummerSchool_Subset\images\2025-05-18\layers\2025-05-18_B04.tif,data\raw\SummerSchool_Subset\images\2025-05-18\layers\2025-05-18_B03.tif,data\raw\SummerSchool_Subset\images\2025-05-18\layers\2025-05-18_B02.tif,data\raw\SummerSchool_Subset\images\2025-05-18\layers\2025-05-18_VV.tif,data\raw\SummerSchool_Subset\images\2025-05-18\layers\2025-05-18_VH.tif,data\raw\SummerSchool_Subset\masks\2025_05_18.tiff,0 1 2 3 255,41149,0.979388313697489,3,7.140307033202428e-05,856,0.0203736760680709,7,0.000166607164108,866,0.020611686302511,train
2025-05-18,2025-05-18_r0672_c1120,3,5,672,1120,224,224,665509.5534378499,6062115.838349857,667755.9337142198,6064361.218483644,41893,0.8349210778061225,8283,True,True,True,data\raw\SummerSchool_Subset\images\2025-05-18\layers\2025-05-18_B04.tif,data\raw\SummerSchool_Subset\images\2025-05-18\layers\2025-05-18_B03.tif,data\raw\SummerSchool_Subset\images\2025-05-18\layers\2025-05-18_B02.tif,data\raw\SummerSchool_Subset\images\2025-05-18\layers\2025-05-18_VV.tif,data\raw\SummerSchool_Subset\images\2025-05-18\layers\2025-05-18_VH.tif,data\raw\SummerSchool_Subset\masks\2025_05_18.tiff,0 2,41293,0.9856777982001766,0,0.0,600,0.0143222017998233,0,0.0,600,0.0143222017998233,train
2025-05-18,2025-05-18_r0672_c1344,3,6,672,1344,224,224,667755.9337142198,6062115.838349857,670002.3139905898,6064361.218483644,38634,0.7699697066326531,11542,True,True,True,data\raw\SummerSchool_Subset\images\2025-05-18\layers\2025-05-18_B04.tif,data\raw\SummerSchool_Subset\images\2025-05-18\layers\2025-05-18_B03.tif,data\raw\SummerSchool_Subset\images\2025-05-18\layers\2025-05-18_B02.tif,data\raw\SummerSchool_Subset\images\2025-05-18\layers\2025-05-18_VV.tif,data\raw\SummerSchool_Subset\images\2025-05-18\layers\2025-05-18_VH.tif,data\raw\SummerSchool_Subset\masks\2025_05_18.tiff,0 2,37698,0.9757726355024072,0,0.0,936,0.0242273644975927,0,0.0,936,0.0242273644975927,train
2025-05-18,2025-05-18_r0672_c1568,3,7,672,1568,224,224,670002.3139905898,6062115.838349857,672248.6942669598,6064361.218483644,39399,0.7852160395408163,10777,True,True,True,data\raw\SummerSchool_Subset\images\2025-05-18\layers\2025-05-18_B04.tif,data\raw\SummerSchool_Subset\images\2025-05-18\layers\2025-05-18_B03.tif,data\raw\SummerSchool_Subset\images\2025-05-18\layers\2025-05-18_B02.tif,data\raw\SummerSchool_Subset\images\2025-05-18\layers\2025-05-18_VV.tif,data\raw\SummerSchool_Subset\images\2025-05-18\layers\2025-05-18_VH.tif,data\raw\SummerSchool_Subset\masks\2025_05_18.tiff,0 2,38349,0.9733495774004416,0,0.0,1050,0.0266504225995583,0,0.0,1050,0.0266504225995583,train
2025-05-18,2025-05-18_r0672_c1792,3,8,672,1792,224,224,672248.6942669598,6062115.838349857,674495.0745433298,6064361.218483644,40252,0.8022161989795918,9924,True,True,True,data\raw\SummerSchool_Subset\images\2025-05-18\layers\2025-05-18_B04.tif,data\raw\SummerSchool_Subset\images\2025-05-18\layers\2025-05-18_B03.tif,data\raw\SummerSchool_Subset\images\2025-05-18\layers\2025-05-18_B02.tif,data\raw\SummerSchool_Subset\images\2025-05-18\layers\2025-05-18_VV.tif,data\raw\SummerSchool_Subset\images\2025-05-18\layers\2025-05-18_VH.tif,data\raw\SummerSchool_Subset\masks\2025_05_18.tiff,0 2,39410,0.979081784756037,0,0.0,842,0.020918215243963,0,0.0,842,0.020918215243963,train
2025-05-18,2025-05-18_r0672_c2016,3,9,672,2016,224,224,674495.0745433298,6062115.838349857,676741.4548196997,6064361.218483644,41347,0.8240393813775511,8829,True,True,True,data\raw\SummerSchool_Subset\images\2025-05-18\layers\2025-05-18_B04.tif,data\raw\SummerSchool_Subset\images\2025-05-18\layers\2025-05-18_B03.tif,data\raw\SummerSchool_Subset\images\2025-05-18\layers\2025-05-18_B02.tif,data\raw\SummerSchool_Subset\images\2025-05-18\layers\2025-05-18_VV.tif,data\raw\SummerSchool_Subset\images\2025-05-18\layers\2025-05-18_VH.tif,data\raw\SummerSchool_Subset\masks\2025_05_18.tiff,0 1 2 3 255,39469,0.9545795341862772,35,0.0008464943043026,1779,0.043026096210124,64,0.0015478752992962,1878,0.0454204658137228,train
2025-05-18,2025-05-18_r0896_c0448,4,2,896,448,224,224,658770.4126087399,6059870.458216072,661016.7928851099,6062115.838349857,20669,0.411930006377551,29507,True,True,True,data\raw\SummerSchool_Subset\images\2025-05-18\layers\2025-05-18_B04.tif,data\raw\SummerSchool_Subset\images\2025-05-18\layers\2025-05-18_B03.tif,data\raw\SummerSchool_Subset\images\2025-05-18\layers\2025-05-18_B02.tif,data\raw\SummerSchool_Subset\images\2025-05-18\layers\2025-05-18_VV.tif,data\raw\SummerSchool_Subset\images\2025-05-18\layers\2025-05-18_VH.tif,data\raw\SummerSchool_Subset\masks\2025_05_18.tiff,0 1 2 3 255,19211,0.929459577144516,174,0.0084184043736997,1177,0.0569451836083022,107,0.005176834873482,1458,0.070540422855484,train
2025-05-18,2025-05-18_r0896_c0672,4,3,896,672,224,224,661016.7928851099,6059870.458216072,663263.1731614799,6062115.838349857,42631,0.8496293048469388,7545,True,True,True,data\raw\SummerSchool_Subset\images\2025-05-18\layers\2025-05-18_B04.tif,data\raw\SummerSchool_Subset\images\2025-05-18\layers\2025-05-18_B03.tif,data\raw\SummerSchool_Subset\images\2025-05-18\layers\2025-05-18_B02.tif,data\raw\SummerSchool_Subset\images\2025-05-18\layers\2025-05-18_VV.tif,data\raw\SummerSchool_Subset\images\2025-05-18\layers\2025-05-18_VH.tif,data\raw\SummerSchool_Subset\masks\2025_05_18.tiff,0 2,42397,0.9945110365696324,0,0.0,234,0.0054889634303675,0,0.0,234,0.0054889634303675,train
2025-05-18,2025-05-18_r0896_c0896,4,4,896,896,224,224,663263.1731614799,6059870.458216072,665509.5534378499,6062115.838349857,41928,0.8356186224489796,8248,True,True,True,data\raw\SummerSchool_Subset\images\2025-05-18\layers\2025-05-18_B04.tif,data\raw\SummerSchool_Subset\images\2025-05-18\layers\2025-05-18_B03.tif,data\raw\SummerSchool_Subset\images\2025-05-18\layers\2025-05-18_B02.tif,data\raw\SummerSchool_Subset\images\2025-05-18\layers\2025-05-18_VV.tif,data\raw\SummerSchool_Subset\images\2025-05-18\layers\2025-05-18_VH.tif,data\raw\SummerSchool_Subset\masks\2025_05_18.tiff,0 2,41786,0.996613241747758,0,0.0,142,0.0033867582522419,0,0.0,142,0.0033867582522419,train
2025-05-18,2025-05-18_r0896_c1120,4,5,896,1120,224,224,665509.5534378499,6059870.458216072,667755.9337142198,6062115.838349857,41300,0.8231026785714286,8876,True,True,True,data\raw\SummerSchool_Subset\images\2025-05-18\layers\2025-05-18_B04.tif,data\raw\SummerSchool_Subset\images\2025-05-18\layers\2025-05-18_B03.tif,data\raw\SummerSchool_Subset\images\2025-05-18\layers\2025-05-18_B02.tif,data\raw\SummerSchool_Subset\images\2025-05-18\layers\2025-05-18_VV.tif,data\raw\SummerSchool_Subset\images\2025-05-18\layers\2025-05-18_VH.tif,data\raw\SummerSchool_Subset\masks\2025_05_18.tiff,0 2,41103,0.995230024213075,0,0.0,197,0.0047699757869249,0,0.0,197,0.0047699757869249,train
2025-05-18,2025-05-18_r0896_c1344,4,6,896,1344,224,224,667755.9337142198,6059870.458216072,670002.3139905898,6062115.838349857,38045,0.7582310267857143,12131,True,True,True,data\raw\SummerSchool_Subset\images\2025-05-18\layers\2025-05-18_B04.tif,data\raw\SummerSchool_Subset\images\2025-05-18\layers\2025-05-18_B03.tif,data\raw\SummerSchool_Subset\images\2025-05-18\layers\2025-05-18_B02.tif,data\raw\SummerSchool_Subset\images\2025-05-18\layers\2025-05-18_VV.tif,data\raw\SummerSchool_Subset\images\2025-05-18\layers\2025-05-18_VH.tif,data\raw\SummerSchool_Subset\masks\2025_05_18.tiff,0 2,37899,0.9961624392167172,0,0.0,146,0.0038375607832829,0,0.0,146,0.0038375607832829,train
2025-05-18,2025-05-18_r0896_c1568,4,7,896,1568,224,224,670002.3139905898,6059870.458216072,672248.6942669598,6062115.838349857,39931,0.7958187181122449,10245,True,True,True,data\raw\SummerSchool_Subset\images\2025-05-18\layers\2025-05-18_B04.tif,data\raw\SummerSchool_Subset\images\2025-05-18\layers\2025-05-18_B03.tif,data\raw\SummerSchool_Subset\images\2025-05-18\layers\2025-05-18_B02.tif,data\raw\SummerSchool_Subset\images\2025-05-18\layers\2025-05-18_VV.tif,data\raw\SummerSchool_Subset\images\2025-05-18\layers\2025-05-18_VH.tif,data\raw\SummerSchool_Subset\masks\2025_05_18.tiff,0 2,39686,0.9938644161178032,0,0.0,245,0.0061355838821967,0,0.0,245,0.0061355838821967,train
2025-05-18,2025-05-18_r0896_c1792,4,8,896,1792,224,224,672248.6942669598,6059870.458216072,674495.0745433298,6062115.838349857,41892,0.8349011479591837,8284,True,True,True,data\raw\SummerSchool_Subset\images\2025-05-18\layers\2025-05-18_B04.tif,data\raw\SummerSchool_Subset\images\2025-05-18\layers\2025-05-18_B03.tif,data\raw\SummerSchool_Subset\images\2025-05-18\layers\2025-05-18_B02.tif,data\raw\SummerSchool_Subset\images\2025-05-18\layers\2025-05-18_VV.tif,data\raw\SummerSchool_Subset\images\2025-05-18\layers\2025-05-18_VH.tif,data\raw\SummerSchool_Subset\masks\2025_05_18.tiff,0 2,41513,0.9909529265730928,0,0.0,379,0.0090470734269072,0,0.0,379,0.0090470734269072,train
2025-05-18,2025-05-18_r0896_c2016,4,9,896,2016,224,224,674495.0745433298,6059870.458216072,676741.4548196997,6062115.838349857,18451,0.3677256058673469,31725,True,True,True,data\raw\SummerSchool_Subset\images\2025-05-18\layers\2025-05-18_B04.tif,data\raw\SummerSchool_Subset\images\2025-05-18\layers\2025-05-18_B03.tif,data\raw\SummerSchool_Subset\images\2025-05-18\layers\2025-05-18_B02.tif,data\raw\SummerSchool_Subset\images\2025-05-18\layers\2025-05-18_VV.tif,data\raw\SummerSchool_Subset\images\2025-05-18\layers\2025-05-18_VH.tif,data\raw\SummerSchool_Subset\masks\2025_05_18.tiff,0 1 2 3 255,15512,0.840713240474771,55,0.0029808682456235,2584,0.1400466099398406,300,0.0162592813397647,2939,0.1592867595252289,train
2025-05-18,2025-05-18_r1120_c0672,5,3,1120,672,224,224,661016.7928851099,6057625.078082287,663263.1731614799,6059870.458216072,41194,0.8209901147959183,8982,True,True,True,data\raw\SummerSchool_Subset\images\2025-05-18\layers\2025-05-18_B04.tif,data\raw\SummerSchool_Subset\images\2025-05-18\layers\2025-05-18_B03.tif,data\raw\SummerSchool_Subset\images\2025-05-18\layers\2025-05-18_B02.tif,data\raw\SummerSchool_Subset\images\2025-05-18\layers\2025-05-18_VV.tif,data\raw\SummerSchool_Subset\images\2025-05-18\layers\2025-05-18_VH.tif,data\raw\SummerSchool_Subset\masks\2025_05_18.tiff,0 1 2 3 255,40502,0.9832014371024906,19,0.0004612322182842,561,0.0136184881293392,112,0.0027188425498859,692,0.0167985628975093,train
2025-05-18,2025-05-18_r1120_c0896,5,4,1120,896,224,224,663263.1731614799,6057625.078082287,665509.5534378499,6059870.458216072,41818,0.8334263392857143,8358,True,True,True,data\raw\SummerSchool_Subset\images\2025-05-18\layers\2025-05-18_B04.tif,data\raw\SummerSchool_Subset\images\2025-05-18\layers\2025-05-18_B03.tif,data\raw\SummerSchool_Subset\images\2025-05-18\layers\2025-05-18_B02.tif,data\raw\SummerSchool_Subset\images\2025-05-18\layers\2025-05-18_VV.tif,data\raw\SummerSchool_Subset\images\2025-05-18\layers\2025-05-18_VH.tif,data\raw\SummerSchool_Subset\masks\2025_05_18.tiff,0 2,41467,0.991606485245588,0,0.0,351,0.0083935147544119,0,0.0,351,0.0083935147544119,train
2025-05-18,2025-05-18_r1120_c1120,5,5,1120,1120,224,224,665509.5534378499,6057625.078082287,667755.9337142198,6059870.458216072,41035,0.8178212691326531,9141,True,True,True,data\raw\SummerSchool_Subset\images\2025-05-18\layers\2025-05-18_B04.tif,data\raw\SummerSchool_Subset\images\2025-05-18\layers\2025-05-18_B03.tif,data\raw\SummerSchool_Subset\images\2025-05-18\layers\2025-05-18_B02.tif,data\raw\SummerSchool_Subset\images\2025-05-18\layers\2025-05-18_VV.tif,data\raw\SummerSchool_Subset\images\2025-05-18\layers\2025-05-18_VH.tif,data\raw\SummerSchool_Subset\masks\2025_05_18.tiff,0 2,40564,0.988521993420251,0,0.0,471,0.0114780065797489,0,0.0,471,0.0114780065797489,train
2025-05-18,2025-05-18_r1120_c1344,5,6,1120,1344,224,224,667755.9337142198,6057625.078082287,670002.3139905898,6059870.458216072,39422,0.7856744260204082,10754,True,True,True,data\raw\SummerSchool_Subset\images\2025-05-18\layers\2025-05-18_B04.tif,data\raw\SummerSchool_Subset\images\2025-05-18\layers\2025-05-18_B03.tif,data\raw\SummerSchool_Subset\images\2025-05-18\layers\2025-05-18_B02.tif,data\raw\SummerSchool_Subset\images\2025-05-18\layers\2025-05-18_VV.tif,data\raw\SummerSchool_Subset\images\2025-05-18\layers\2025-05-18_VH.tif,data\raw\SummerSchool_Subset\masks\2025_05_18.tiff,0 2,39348,0.9981228755517224,0,0.0,74,0.0018771244482776,0,0.0,74,0.0018771244482776,train
2025-05-18,2025-05-18_r1120_c1568,5,7,1120,1568,224,224,670002.3139905898,6057625.078082287,672248.6942669598,6059870.458216072,40367,0.8045081313775511,9809,True,True,True,data\raw\SummerSchool_Subset\images\2025-05-18\layers\2025-05-18_B04.tif,data\raw\SummerSchool_Subset\images\2025-05-18\layers\2025-05-18_B03.tif,data\raw\SummerSchool_Subset\images\2025-05-18\layers\2025-05-18_B02.tif,data\raw\SummerSchool_Subset\images\2025-05-18\layers\2025-05-18_VV.tif,data\raw\SummerSchool_Subset\images\2025-05-18\layers\2025-05-18_VH.tif,data\raw\SummerSchool_Subset\masks\2025_05_18.tiff,0 2,40257,0.9972750018579531,0,0.0,110,0.0027249981420467,0,0.0,110,0.0027249981420467,train
2025-05-18,2025-05-18_r1120_c1792,5,8,1120,1792,224,224,672248.6942669598,6057625.078082287,674495.0745433298,6059870.458216072,37832,0.7539859693877551,12344,True,True,True,data\raw\SummerSchool_Subset\images\2025-05-18\layers\2025-05-18_B04.tif,data\raw\SummerSchool_Subset\images\2025-05-18\layers\2025-05-18_B03.tif,data\raw\SummerSchool_Subset\images\2025-05-18\layers\2025-05-18_B02.tif,data\raw\SummerSchool_Subset\images\2025-05-18\layers\2025-05-18_VV.tif,data\raw\SummerSchool_Subset\images\2025-05-18\layers\2025-05-18_VH.tif,data\raw\SummerSchool_Subset\masks\2025_05_18.tiff,0 1 2 3 255,35108,0.9279974624656376,8,0.0002114611968703,2319,0.0612973144427997,397,0.0104937618946923,2724,0.0720025375343624,train
2025-05-18,2025-05-18_r1344_c0672,6,3,1344,672,224,224,661016.7928851099,6055379.6979485005,663263.1731614799,6057625.078082287,43004,0.857063137755102,7172,True,True,True,data\raw\SummerSchool_Subset\images\2025-05-18\layers\2025-05-18_B04.tif,data\raw\SummerSchool_Subset\images\2025-05-18\layers\2025-05-18_B03.tif,data\raw\SummerSchool_Subset\images\2025-05-18\layers\2025-05-18_B02.tif,data\raw\SummerSchool_Subset\images\2025-05-18\layers\2025-05-18_VV.tif,data\raw\SummerSchool_Subset\images\2025-05-18\layers\2025-05-18_VH.tif,data\raw\SummerSchool_Subset\masks\2025_05_18.tiff,0 1 2 3 255,41873,0.9737001209189844,52,0.0012091898428053,892,0.0207422565342758,187,0.0043484327039345,1131,0.0262998790810157,train
2025-05-18,2025-05-18_r1344_c0896,6,4,1344,896,224,224,663263.1731614799,6055379.6979485005,665509.5534378499,6057625.078082287,43659,0.8701171875,6517,True,True,True,data\raw\SummerSchool_Subset\images\2025-05-18\layers\2025-05-18_B04.tif,data\raw\SummerSchool_Subset\images\2025-05-18\layers\2025-05-18_B03.tif,data\raw\SummerSchool_Subset\images\2025-05-18\layers\2025-05-18_B02.tif,data\raw\SummerSchool_Subset\images\2025-05-18\layers\2025-05-18_VV.tif,data\raw\SummerSchool_Subset\images\2025-05-18\layers\2025-05-18_VH.tif,data\raw\SummerSchool_Subset\masks\2025_05_18.tiff,0 2,43281,0.9913419913419912,0,0.0,378,0.0086580086580086,0,0.0,378,0.0086580086580086,train
2025-05-18,2025-05-18_r1344_c1120,6,5,1344,1120,224,224,665509.5534378499,6055379.6979485005,667755.9337142198,6057625.078082287,42353,0.8440888073979592,7823,True,True,True,data\raw\SummerSchool_Subset\images\2025-05-18\layers\2025-05-18_B04.tif,data\raw\SummerSchool_Subset\images\2025-05-18\layers\2025-05-18_B03.tif,data\raw\SummerSchool_Subset\images\2025-05-18\layers\2025-05-18_B02.tif,data\raw\SummerSchool_Subset\images\2025-05-18\layers\2025-05-18_VV.tif,data\raw\SummerSchool_Subset\images\2025-05-18\layers\2025-05-18_VH.tif,data\raw\SummerSchool_Subset\masks\2025_05_18.tiff,0 2,41932,0.9900597360281445,0,0.0,421,0.0099402639718555,0,0.0,421,0.0099402639718555,train
2025-05-18,2025-05-18_r1344_c1344,6,6,1344,1344,224,224,667755.9337142198,6055379.6979485005,670002.3139905898,6057625.078082287,41783,0.8327287946428571,8393,True,True,True,data\raw\SummerSchool_Subset\images\2025-05-18\layers\2025-05-18_B04.tif,data\raw\SummerSchool_Subset\images\2025-05-18\layers\2025-05-18_B03.tif,data\raw\SummerSchool_Subset\images\2025-05-18\layers\2025-05-18_B02.tif,data\raw\SummerSchool_Subset\images\2025-05-18\layers\2025-05-18_VV.tif,data\raw\SummerSchool_Subset\images\2025-05-18\layers\2025-05-18_VH.tif,data\raw\SummerSchool_Subset\masks\2025_05_18.tiff,0 2,41693,0.99784601392911,0,0.0,90,0.00215398607089,0,0.0,90,0.00215398607089,train
2025-05-18,2025-05-18_r1344_c1568,6,7,1344,1568,224,224,670002.3139905898,6055379.6979485005,672248.6942669598,6057625.078082287,40904,0.8152104591836735,9272,True,True,True,data\raw\SummerSchool_Subset\images\2025-05-18\layers\2025-05-18_B04.tif,data\raw\SummerSchool_Subset\images\2025-05-18\layers\2025-05-18_B03.tif,data\raw\SummerSchool_Subset\images\2025-05-18\layers\2025-05-18_B02.tif,data\raw\SummerSchool_Subset\images\2025-05-18\layers\2025-05-18_VV.tif,data\raw\SummerSchool_Subset\images\2025-05-18\layers\2025-05-18_VH.tif,data\raw\SummerSchool_Subset\masks\2025_05_18.tiff,0 1 2,40825,0.9980686485429298,0,0.0,79,0.0019313514570702,0,0.0,79,0.0019313514570702,train
2025-05-18,2025-05-18_r1344_c1792,6,8,1344,1792,224,224,672248.6942669598,6055379.6979485005,674495.0745433298,6057625.078082287,30598,0.6098134566326531,19578,True,True,True,data\raw\SummerSchool_Subset\images\2025-05-18\layers\2025-05-18_B04.tif,data\raw\SummerSchool_Subset\images\2025-05-18\layers\2025-05-18_B03.tif,data\raw\SummerSchool_Subset\images\2025-05-18\layers\2025-05-18_B02.tif,data\raw\SummerSchool_Subset\images\2025-05-18\layers\2025-05-18_VV.tif,data\raw\SummerSchool_Subset\images\2025-05-18\layers\2025-05-18_VH.tif,data\raw\SummerSchool_Subset\masks\2025_05_18.tiff,0 1 2 3 255,28145,0.9198313615268972,11,0.0003595006209556,2175,0.0710830773253153,267,0.0087260605268318,2453,0.0801686384731028,train
2025-05-18,2025-05-18_r1568_c0672,7,3,1568,672,224,224,661016.7928851099,6053134.317814715,663263.1731614799,6055379.6979485005,44021,0.8773317920918368,6155,True,True,True,data\raw\SummerSchool_Subset\images\2025-05-18\layers\2025-05-18_B04.tif,data\raw\SummerSchool_Subset\images\2025-05-18\layers\2025-05-18_B03.tif,data\raw\SummerSchool_Subset\images\2025-05-18\layers\2025-05-18_B02.tif,data\raw\SummerSchool_Subset\images\2025-05-18\layers\2025-05-18_VV.tif,data\raw\SummerSchool_Subset\images\2025-05-18\layers\2025-05-18_VH.tif,data\raw\SummerSchool_Subset\masks\2025_05_18.tiff,0 1 2 3 255,43622,0.990936144113037,5,0.0001135821539719,360,0.0081779150859816,34,0.0007723586470093,399,0.009063855886963,train
2025-05-18,2025-05-18_r1568_c0896,7,4,1568,896,224,224,663263.1731614799,6053134.317814715,665509.5534378499,6055379.6979485005,43819,0.8733059630102041,6357,True,True,True,data\raw\SummerSchool_Subset\images\2025-05-18\layers\2025-05-18_B04.tif,data\raw\SummerSchool_Subset\images\2025-05-18\layers\2025-05-18_B03.tif,data\raw\SummerSchool_Subset\images\2025-05-18\layers\2025-05-18_B02.tif,data\raw\SummerSchool_Subset\images\2025-05-18\layers\2025-05-18_VV.tif,data\raw\SummerSchool_Subset\images\2025-05-18\layers\2025-05-18_VH.tif,data\raw\SummerSchool_Subset\masks\2025_05_18.tiff,0 2,43270,0.987471188297314,0,0.0,549,0.012528811702686,0,0.0,549,0.012528811702686,train
2025-05-18,2025-05-18_r1568_c1120,7,5,1568,1120,224,224,665509.5534378499,6053134.317814715,667755.9337142198,6055379.6979485005,43088,0.8587372448979592,7088,True,True,True,data\raw\SummerSchool_Subset\images\2025-05-18\layers\2025-05-18_B04.tif,data\raw\SummerSchool_Subset\images\2025-05-18\layers\2025-05-18_B03.tif,data\raw\SummerSchool_Subset\images\2025-05-18\layers\2025-05-18_B02.tif,data\raw\SummerSchool_Subset\images\2025-05-18\layers\2025-05-18_VV.tif,data\raw\SummerSchool_Subset\images\2025-05-18\layers\2025-05-18_VH.tif,data\raw\SummerSchool_Subset\masks\2025_05_18.tiff,0 2,42469,0.985634051243966,0,0.0,619,0.0143659487560341,0,0.0,619,0.0143659487560341,train
2025-05-18,2025-05-18_r1568_c1344,7,6,1568,1344,224,224,667755.9337142198,6053134.317814715,670002.3139905898,6055379.6979485005,42541,0.8478356186224489,7635,True,True,True,data\raw\SummerSchool_Subset\images\2025-05-18\layers\2025-05-18_B04.tif,data\raw\SummerSchool_Subset\images\2025-05-18\layers\2025-05-18_B03.tif,data\raw\SummerSchool_Subset\images\2025-05-18\layers\2025-05-18_B02.tif,data\raw\SummerSchool_Subset\images\2025-05-18\layers\2025-05-18_VV.tif,data\raw\SummerSchool_Subset\images\2025-05-18\layers\2025-05-18_VH.tif,data\raw\SummerSchool_Subset\masks\2025_05_18.tiff,0 2,42348,0.9954632002068592,0,0.0,193,0.0045367997931407,0,0.0,193,0.0045367997931407,train
2025-05-18,2025-05-18_r1568_c1568,7,7,1568,1568,224,224,670002.3139905898,6053134.317814715,672248.6942669598,6055379.6979485005,42833,0.8536551339285714,7343,True,True,True,data\raw\SummerSchool_Subset\images\2025-05-18\layers\2025-05-18_B04.tif,data\raw\SummerSchool_Subset\images\2025-05-18\layers\2025-05-18_B03.tif,data\raw\SummerSchool_Subset\images\2025-05-18\layers\2025-05-18_B02.tif,data\raw\SummerSchool_Subset\images\2025-05-18\layers\2025-05-18_VV.tif,data\raw\SummerSchool_Subset\images\2025-05-18\layers\2025-05-18_VH.tif,data\raw\SummerSchool_Subset\masks\2025_05_18.tiff,0 2,42760,0.998295706581374,0,0.0,73,0.0017042934186258,0,0.0,73,0.0017042934186258,train
2025-05-18,2025-05-18_r1568_c1792,7,8,1568,1792,224,224,672248.6942669598,6053134.317814715,674495.0745433298,6055379.6979485005,35374,0.7049984056122449,14802,True,True,True,data\raw\SummerSchool_Subset\images\2025-05-18\layers\2025-05-18_B04.tif,data\raw\SummerSchool_Subset\images\2025-05-18\layers\2025-05-18_B03.tif,data\raw\SummerSchool_Subset\images\2025-05-18\layers\2025-05-18_B02.tif,data\raw\SummerSchool_Subset\images\2025-05-18\layers\2025-05-18_VV.tif,data\raw\SummerSchool_Subset\images\2025-05-18\layers\2025-05-18_VH.tif,data\raw\SummerSchool_Subset\masks\2025_05_18.tiff,0 1 2 3 255,34008,0.9613840673941312,100,0.0028269350370328,1026,0.029004353479957,240,0.0067846440888788,1366,0.0386159326058687,train
2025-05-18,2025-05-18_r1568_c2016,7,9,1568,2016,224,224,674495.0745433298,6053134.317814715,676741.4548196997,6055379.6979485005,31541,0.6286073022959183,18635,True,True,True,data\raw\SummerSchool_Subset\images\2025-05-18\layers\2025-05-18_B04.tif,data\raw\SummerSchool_Subset\images\2025-05-18\layers\2025-05-18_B03.tif,data\raw\SummerSchool_Subset\images\2025-05-18\layers\2025-05-18_B02.tif,data\raw\SummerSchool_Subset\images\2025-05-18\layers\2025-05-18_VV.tif,data\raw\SummerSchool_Subset\images\2025-05-18\layers\2025-05-18_VH.tif,data\raw\SummerSchool_Subset\masks\2025_05_18.tiff,0 1 2 3 255,25375,0.8045084176151676,485,0.0153768111347135,5004,0.1586506451919723,677,0.0214641260581465,6166,0.1954915823848324,train
2025-05-18,2025-05-18_r1792_c0448,8,2,1792,448,224,224,658770.4126087399,6050888.937680929,661016.7928851099,6053134.317814715,29565,0.589225924744898,20611,True,True,True,data\raw\SummerSchool_Subset\images\2025-05-18\layers\2025-05-18_B04.tif,data\raw\SummerSchool_Subset\images\2025-05-18\layers\2025-05-18_B03.tif,data\raw\SummerSchool_Subset\images\2025-05-18\layers\2025-05-18_B02.tif,data\raw\SummerSchool_Subset\images\2025-05-18\layers\2025-05-18_VV.tif,data\raw\SummerSchool_Subset\images\2025-05-18\layers\2025-05-18_VH.tif,data\raw\SummerSchool_Subset\masks\2025_05_18.tiff,0 1 2 3 255,26539,0.8976492474209369,102,0.0034500253678335,2771,0.0937256891594791,153,0.0051750380517503,3026,0.102350752579063,train
2025-05-18,2025-05-18_r1792_c0672,8,3,1792,672,224,224,661016.7928851099,6050888.937680929,663263.1731614799,6053134.317814715,42795,0.852897799744898,7381,True,True,True,data\raw\SummerSchool_Subset\images\2025-05-18\layers\2025-05-18_B04.tif,data\raw\SummerSchool_Subset\images\2025-05-18\layers\2025-05-18_B03.tif,data\raw\SummerSchool_Subset\images\2025-05-18\layers\2025-05-18_B02.tif,data\raw\SummerSchool_Subset\images\2025-05-18\layers\2025-05-18_VV.tif,data\raw\SummerSchool_Subset\images\2025-05-18\layers\2025-05-18_VH.tif,data\raw\SummerSchool_Subset\masks\2025_05_18.tiff,0 2,42538,0.9939946255403668,0,0.0,257,0.0060053744596331,0,0.0,257,0.0060053744596331,train
2025-05-18,2025-05-18_r1792_c0896,8,4,1792,896,224,224,663263.1731614799,6050888.937680929,665509.5534378499,6053134.317814715,42678,0.8505660076530612,7498,True,True,True,data\raw\SummerSchool_Subset\images\2025-05-18\layers\2025-05-18_B04.tif,data\raw\SummerSchool_Subset\images\2025-05-18\layers\2025-05-18_B03.tif,data\raw\SummerSchool_Subset\images\2025-05-18\layers\2025-05-18_B02.tif,data\raw\SummerSchool_Subset\images\2025-05-18\layers\2025-05-18_VV.tif,data\raw\SummerSchool_Subset\images\2025-05-18\layers\2025-05-18_VH.tif,data\raw\SummerSchool_Subset\masks\2025_05_18.tiff,0 2,42053,0.9853554524579408,0,0.0,625,0.0146445475420591,0,0.0,625,0.0146445475420591,train
2025-05-18,2025-05-18_r1792_c1120,8,5,1792,1120,224,224,665509.5534378499,6050888.937680929,667755.9337142198,6053134.317814715,42392,0.8448660714285714,7784,True,True,True,data\raw\SummerSchool_Subset\images\2025-05-18\layers\2025-05-18_B04.tif,data\raw\SummerSchool_Subset\images\2025-05-18\layers\2025-05-18_B03.tif,data\raw\SummerSchool_Subset\images\2025-05-18\layers\2025-05-18_B02.tif,data\raw\SummerSchool_Subset\images\2025-05-18\layers\2025-05-18_VV.tif,data\raw\SummerSchool_Subset\images\2025-05-18\layers\2025-05-18_VH.tif,data\raw\SummerSchool_Subset\masks\2025_05_18.tiff,0 2,40362,0.952113606340819,0,0.0,2030,0.0478863936591809,0,0.0,2030,0.0478863936591809,train
2025-05-18,2025-05-18_r1792_c1344,8,6,1792,1344,224,224,667755.9337142198,6050888.937680929,670002.3139905898,6053134.317814715,42370,0.8444276147959183,7806,True,True,True,data\raw\SummerSchool_Subset\images\2025-05-18\layers\2025-05-18_B04.tif,data\raw\SummerSchool_Subset\images\2025-05-18\layers\2025-05-18_B03.tif,data\raw\SummerSchool_Subset\images\2025-05-18\layers\2025-05-18_B02.tif,data\raw\SummerSchool_Subset\images\2025-05-18\layers\2025-05-18_VV.tif,data\raw\SummerSchool_Subset\images\2025-05-18\layers\2025-05-18_VH.tif,data\raw\SummerSchool_Subset\masks\2025_05_18.tiff,0 2,41942,0.9898985130988908,0,0.0,428,0.0101014869011092,0,0.0,428,0.0101014869011092,train
2025-05-18,2025-05-18_r1792_c1568,8,7,1792,1568,224,224,670002.3139905898,6050888.937680929,672248.6942669598,6053134.317814715,43399,0.8649354272959183,6777,True,True,True,data\raw\SummerSchool_Subset\images\2025-05-18\layers\2025-05-18_B04.tif,data\raw\SummerSchool_Subset\images\2025-05-18\layers\2025-05-18_B03.tif,data\raw\SummerSchool_Subset\images\2025-05-18\layers\2025-05-18_B02.tif,data\raw\SummerSchool_Subset\images\2025-05-18\layers\2025-05-18_VV.tif,data\raw\SummerSchool_Subset\images\2025-05-18\layers\2025-05-18_VH.tif,data\raw\SummerSchool_Subset\masks\2025_05_18.tiff,0 2,43336,0.9985483536487016,0,0.0,63,0.0014516463512984,0,0.0,63,0.0014516463512984,train
2025-05-18,2025-05-18_r1792_c1792,8,8,1792,1792,224,224,672248.6942669598,6050888.937680929,674495.0745433298,6053134.317814715,42823,0.8534558354591837,7353,True,True,True,data\raw\SummerSchool_Subset\images\2025-05-18\layers\2025-05-18_B04.tif,data\raw\SummerSchool_Subset\images\2025-05-18\layers\2025-05-18_B03.tif,data\raw\SummerSchool_Subset\images\2025-05-18\layers\2025-05-18_B02.tif,data\raw\SummerSchool_Subset\images\2025-05-18\layers\2025-05-18_VV.tif,data\raw\SummerSchool_Subset\images\2025-05-18\layers\2025-05-18_VH.tif,data\raw\SummerSchool_Subset\masks\2025_05_18.tiff,0 1 2 3 255,42088,0.9828363262732644,37,0.0008640216705975,582,0.0135908273591294,116,0.0027088246970086,735,0.0171636737267356,train
2025-05-18,2025-05-18_r1792_c2016,8,9,1792,2016,224,224,674495.0745433298,6050888.937680929,676741.4548196997,6053134.317814715,37102,0.7394371811224489,13074,True,True,True,data\raw\SummerSchool_Subset\images\2025-05-18\layers\2025-05-18_B04.tif,data\raw\SummerSchool_Subset\images\2025-05-18\layers\2025-05-18_B03.tif,data\raw\SummerSchool_Subset\images\2025-05-18\layers\2025-05-18_B02.tif,data\raw\SummerSchool_Subset\images\2025-05-18\layers\2025-05-18_VV.tif,data\raw\SummerSchool_Subset\images\2025-05-18\layers\2025-05-18_VH.tif,data\raw\SummerSchool_Subset\masks\2025_05_18.tiff,0 1 2 3 255,33662,0.9072826262735164,263,0.0070885666540887,2747,0.0740391353565845,430,0.0115896717158104,3440,0.0927173737264837,train
2025-05-18,2025-05-18_r2016_c0224,9,1,2016,224,224,224,656524.0323323699,6048643.557547144,658770.4126087399,6050888.937680929,29766,0.5932318239795918,20410,True,True,True,data\raw\SummerSchool_Subset\images\2025-05-18\layers\2025-05-18_B04.tif,data\raw\SummerSchool_Subset\images\2025-05-18\layers\2025-05-18_B03.tif,data\raw\SummerSchool_Subset\images\2025-05-18\layers\2025-05-18_B02.tif,data\raw\SummerSchool_Subset\images\2025-05-18\layers\2025-05-18_VV.tif,data\raw\SummerSchool_Subset\images\2025-05-18\layers\2025-05-18_VH.tif,data\raw\SummerSchool_Subset\masks\2025_05_18.tiff,0 1 2 3 255,26383,0.8863468386749983,119,0.0039978498958543,3079,0.1034401666330712,185,0.006215144796076,3383,0.1136531613250016,train
2025-05-18,2025-05-18_r2016_c0448,9,2,2016,448,224,224,658770.4126087399,6048643.557547144,661016.7928851099,6050888.937680929,41708,0.8312340561224489,8468,True,True,True,data\raw\SummerSchool_Subset\images\2025-05-18\layers\2025-05-18_B04.tif,data\raw\SummerSchool_Subset\images\2025-05-18\layers\2025-05-18_B03.tif,data\raw\SummerSchool_Subset\images\2025-05-18\layers\2025-05-18_B02.tif,data\raw\SummerSchool_Subset\images\2025-05-18\layers\2025-05-18_VV.tif,data\raw\SummerSchool_Subset\images\2025-05-18\layers\2025-05-18_VH.tif,data\raw\SummerSchool_Subset\masks\2025_05_18.tiff,0 2,40756,0.9771746427543876,0,0.0,952,0.0228253572456123,0,0.0,952,0.0228253572456123,train
2025-05-18,2025-05-18_r2016_c0672,9,3,2016,672,224,224,661016.7928851099,6048643.557547144,663263.1731614799,6050888.937680929,41077,0.8186583227040817,9099,True,True,True,data\raw\SummerSchool_Subset\images\2025-05-18\layers\2025-05-18_B04.tif,data\raw\SummerSchool_Subset\images\2025-05-18\layers\2025-05-18_B03.tif,data\raw\SummerSchool_Subset\images\2025-05-18\layers\2025-05-18_B02.tif,data\raw\SummerSchool_Subset\images\2025-05-18\layers\2025-05-18_VV.tif,data\raw\SummerSchool_Subset\images\2025-05-18\layers\2025-05-18_VH.tif,data\raw\SummerSchool_Subset\masks\2025_05_18.tiff,0 2,40240,0.9796236336636074,0,0.0,837,0.0203763663363926,0,0.0,837,0.0203763663363926,train
2025-05-18,2025-05-18_r2016_c0896,9,4,2016,896,224,224,663263.1731614799,6048643.557547144,665509.5534378499,6050888.937680929,41191,0.820930325255102,8985,True,True,True,data\raw\SummerSchool_Subset\images\2025-05-18\layers\2025-05-18_B04.tif,data\raw\SummerSchool_Subset\images\2025-05-18\layers\2025-05-18_B03.tif,data\raw\SummerSchool_Subset\images\2025-05-18\layers\2025-05-18_B02.tif,data\raw\SummerSchool_Subset\images\2025-05-18\layers\2025-05-18_VV.tif,data\raw\SummerSchool_Subset\images\2025-05-18\layers\2025-05-18_VH.tif,data\raw\SummerSchool_Subset\masks\2025_05_18.tiff,0 2,40787,0.9901920322400524,0,0.0,404,0.0098079677599475,0,0.0,404,0.0098079677599475,train
2025-05-18,2025-05-18_r2016_c1120,9,5,2016,1120,224,224,665509.5534378499,6048643.557547144,667755.9337142198,6050888.937680929,41687,0.8308155293367347,8489,True,True,True,data\raw\SummerSchool_Subset\images\2025-05-18\layers\2025-05-18_B04.tif,data\raw\SummerSchool_Subset\images\2025-05-18\layers\2025-05-18_B03.tif,data\raw\SummerSchool_Subset\images\2025-05-18\layers\2025-05-18_B02.tif,data\raw\SummerSchool_Subset\images\2025-05-18\layers\2025-05-18_VV.tif,data\raw\SummerSchool_Subset\images\2025-05-18\layers\2025-05-18_VH.tif,data\raw\SummerSchool_Subset\masks\2025_05_18.tiff,0 1 2,41476,0.994938470026627,12,0.000287859524552,199,0.0047736704488209,0,0.0,211,0.0050615299733729,train
2025-05-18,2025-05-18_r2016_c1344,9,6,2016,1344,224,224,667755.9337142198,6048643.557547144,670002.3139905898,6050888.937680929,41485,0.826789700255102,8691,True,True,True,data\raw\SummerSchool_Subset\images\2025-05-18\layers\2025-05-18_B04.tif,data\raw\SummerSchool_Subset\images\2025-05-18\layers\2025-05-18_B03.tif,data\raw\SummerSchool_Subset\images\2025-05-18\layers\2025-05-18_B02.tif,data\raw\SummerSchool_Subset\images\2025-05-18\layers\2025-05-18_VV.tif,data\raw\SummerSchool_Subset\images\2025-05-18\layers\2025-05-18_VH.tif,data\raw\SummerSchool_Subset\masks\2025_05_18.tiff,0 2,41429,0.9986501144992166,0,0.0,56,0.0013498855007834,0,0.0,56,0.0013498855007834,train
2025-05-18,2025-05-18_r2016_c1568,9,7,2016,1568,224,224,670002.3139905898,6048643.557547144,672248.6942669598,6050888.937680929,42815,0.8532963966836735,7361,True,True,True,data\raw\SummerSchool_Subset\images\2025-05-18\layers\2025-05-18_B04.tif,data\raw\SummerSchool_Subset\images\2025-05-18\layers\2025-05-18_B03.tif,data\raw\SummerSchool_Subset\images\2025-05-18\layers\2025-05-18_B02.tif,data\raw\SummerSchool_Subset\images\2025-05-18\layers\2025-05-18_VV.tif,data\raw\SummerSchool_Subset\images\2025-05-18\layers\2025-05-18_VH.tif,data\raw\SummerSchool_Subset\masks\2025_05_18.tiff,0 2,42679,0.9968235431507648,0,0.0,136,0.003176456849235,0,0.0,136,0.003176456849235,train
2025-05-18,2025-05-18_r2016_c1792,9,8,2016,1792,224,224,672248.6942669598,6048643.557547144,674495.0745433298,6050888.937680929,29016,0.5782844387755102,21160,True,True,True,data\raw\SummerSchool_Subset\images\2025-05-18\layers\2025-05-18_B04.tif,data\raw\SummerSchool_Subset\images\2025-05-18\layers\2025-05-18_B03.tif,data\raw\SummerSchool_Subset\images\2025-05-18\layers\2025-05-18_B02.tif,data\raw\SummerSchool_Subset\images\2025-05-18\layers\2025-05-18_VV.tif,data\raw\SummerSchool_Subset\images\2025-05-18\layers\2025-05-18_VH.tif,data\raw\SummerSchool_Subset\masks\2025_05_18.tiff,0 1 2 3 255,26688,0.9197684036393714,47,0.0016197959746346,2009,0.0692376619795974,272,0.0093741384063964,2328,0.0802315963606286,train
2025-05-18,2025-05-18_r2240_c0000,10,0,2240,0,224,224,654277.652056,6046398.177413358,656524.0323323699,6048643.557547144,22980,0.4579878826530612,27196,True,True,True,data\raw\SummerSchool_Subset\images\2025-05-18\layers\2025-05-18_B04.tif,data\raw\SummerSchool_Subset\images\2025-05-18\layers\2025-05-18_B03.tif,data\raw\SummerSchool_Subset\images\2025-05-18\layers\2025-05-18_B02.tif,data\raw\SummerSchool_Subset\images\2025-05-18\layers\2025-05-18_VV.tif,data\raw\SummerSchool_Subset\images\2025-05-18\layers\2025-05-18_VH.tif,data\raw\SummerSchool_Subset\masks\2025_05_18.tiff,0 1 2 3 255,18697,0.8136205395996519,401,0.017449956483899,3774,0.1642297650130548,108,0.0046997389033942,4283,0.1863794604003481,train
2025-05-18,2025-05-18_r2240_c0224,10,1,2240,224,224,224,656524.0323323699,6046398.177413358,658770.4126087399,6048643.557547144,42028,0.8376116071428571,8148,True,True,True,data\raw\SummerSchool_Subset\images\2025-05-18\layers\2025-05-18_B04.tif,data\raw\SummerSchool_Subset\images\2025-05-18\layers\2025-05-18_B03.tif,data\raw\SummerSchool_Subset\images\2025-05-18\layers\2025-05-18_B02.tif,data\raw\SummerSchool_Subset\images\2025-05-18\layers\2025-05-18_VV.tif,data\raw\SummerSchool_Subset\images\2025-05-18\layers\2025-05-18_VH.tif,data\raw\SummerSchool_Subset\masks\2025_05_18.tiff,0 2,41235,0.9811316265346912,0,0.0,793,0.0188683734653088,0,0.0,793,0.0188683734653088,train
2025-05-18,2025-05-18_r2240_c0448,10,2,2240,448,224,224,658770.4126087399,6046398.177413358,661016.7928851099,6048643.557547144,41427,0.8256337691326531,8749,True,True,True,data\raw\SummerSchool_Subset\images\2025-05-18\layers\2025-05-18_B04.tif,data\raw\SummerSchool_Subset\images\2025-05-18\layers\2025-05-18_B03.tif,data\raw\SummerSchool_Subset\images\2025-05-18\layers\2025-05-18_B02.tif,data\raw\SummerSchool_Subset\images\2025-05-18\layers\2025-05-18_VV.tif,data\raw\SummerSchool_Subset\images\2025-05-18\layers\2025-05-18_VH.tif,data\raw\SummerSchool_Subset\masks\2025_05_18.tiff,0 2,40512,0.9779129553189948,0,0.0,915,0.0220870446810051,0,0.0,915,0.0220870446810051,train
2025-05-18,2025-05-18_r2240_c0672,10,3,2240,672,224,224,661016.7928851099,6046398.177413358,663263.1731614799,6048643.557547144,40907,0.8152702487244898,9269,True,True,True,data\raw\SummerSchool_Subset\images\2025-05-18\layers\2025-05-18_B04.tif,data\raw\SummerSchool_Subset\images\2025-05-18\layers\2025-05-18_B03.tif,data\raw\SummerSchool_Subset\images\2025-05-18\layers\2025-05-18_B02.tif,data\raw\SummerSchool_Subset\images\2025-05-18\layers\2025-05-18_VV.tif,data\raw\SummerSchool_Subset\images\2025-05-18\layers\2025-05-18_VH.tif,data\raw\SummerSchool_Subset\masks\2025_05_18.tiff,0 1 2 3 255,39445,0.9642603955313273,2,4.889138778204219e-05,1453,0.0355195932236536,7,0.0001711198572371,1462,0.0357396044686728,train
2025-05-18,2025-05-18_r2240_c0896,10,4,2240,896,224,224,663263.1731614799,6046398.177413358,665509.5534378499,6048643.557547144,41120,0.8195153061224489,9056,True,True,True,data\raw\SummerSchool_Subset\images\2025-05-18\layers\2025-05-18_B04.tif,data\raw\SummerSchool_Subset\images\2025-05-18\layers\2025-05-18_B03.tif,data\raw\SummerSchool_Subset\images\2025-05-18\layers\2025-05-18_B02.tif,data\raw\SummerSchool_Subset\images\2025-05-18\layers\2025-05-18_VV.tif,data\raw\SummerSchool_Subset\images\2025-05-18\layers\2025-05-18_VH.tif,data\raw\SummerSchool_Subset\masks\2025_05_18.tiff,0 2,40602,0.9874027237354086,0,0.0,518,0.0125972762645914,0,0.0,518,0.0125972762645914,train
2025-05-18,2025-05-18_r2240_c1120,10,5,2240,1120,224,224,665509.5534378499,6046398.177413358,667755.9337142198,6048643.557547144,41257,0.8222456951530612,8919,True,True,True,data\raw\SummerSchool_Subset\images\2025-05-18\layers\2025-05-18_B04.tif,data\raw\SummerSchool_Subset\images\2025-05-18\layers\2025-05-18_B03.tif,data\raw\SummerSchool_Subset\images\2025-05-18\layers\2025-05-18_B02.tif,data\raw\SummerSchool_Subset\images\2025-05-18\layers\2025-05-18_VV.tif,data\raw\SummerSchool_Subset\images\2025-05-18\layers\2025-05-18_VH.tif,data\raw\SummerSchool_Subset\masks\2025_05_18.tiff,0 2,41199,0.99859417795768,0,0.0,58,0.00140582204232,0,0.0,58,0.00140582204232,train
2025-05-18,2025-05-18_r2240_c1344,10,6,2240,1344,224,224,667755.9337142198,6046398.177413358,670002.3139905898,6048643.557547144,41455,0.8261918048469388,8721,True,True,True,data\raw\SummerSchool_Subset\images\2025-05-18\layers\2025-05-18_B04.tif,data\raw\SummerSchool_Subset\images\2025-05-18\layers\2025-05-18_B03.tif,data\raw\SummerSchool_Subset\images\2025-05-18\layers\2025-05-18_B02.tif,data\raw\SummerSchool_Subset\images\2025-05-18\layers\2025-05-18_VV.tif,data\raw\SummerSchool_Subset\images\2025-05-18\layers\2025-05-18_VH.tif,data\raw\SummerSchool_Subset\masks\2025_05_18.tiff,0 2,41398,0.9986250150765892,0,0.0,57,0.0013749849234109,0,0.0,57,0.0013749849234109,train
2025-05-18,2025-05-18_r2240_c1568,10,7,2240,1568,224,224,670002.3139905898,6046398.177413358,672248.6942669598,6048643.557547144,40719,0.8115234375,9457,True,True,True,data\raw\SummerSchool_Subset\images\2025-05-18\layers\2025-05-18_B04.tif,data\raw\SummerSchool_Subset\images\2025-05-18\layers\2025-05-18_B03.tif,data\raw\SummerSchool_Subset\images\2025-05-18\layers\2025-05-18_B02.tif,data\raw\SummerSchool_Subset\images\2025-05-18\layers\2025-05-18_VV.tif,data\raw\SummerSchool_Subset\images\2025-05-18\layers\2025-05-18_VH.tif,data\raw\SummerSchool_Subset\masks\2025_05_18.tiff,0 1 2 3 255,39755,0.9763255482698494,46,0.0011296937547582,772,0.0189592082320292,146,0.003585549743363,964,0.0236744517301505,train
2025-05-18,2025-05-18_r2464_c0000,11,0,2464,0,224,224,654277.652056,6044152.797279572,656524.0323323699,6046398.177413358,21525,0.4289899553571428,28651,True,True,True,data\raw\SummerSchool_Subset\images\2025-05-18\layers\2025-05-18_B04.tif,data\raw\SummerSchool_Subset\images\2025-05-18\layers\2025-05-18_B03.tif,data\raw\SummerSchool_Subset\images\2025-05-18\layers\2025-05-18_B02.tif,data\raw\SummerSchool_Subset\images\2025-05-18\layers\2025-05-18_VV.tif,data\raw\SummerSchool_Subset\images\2025-05-18\layers\2025-05-18_VH.tif,data\raw\SummerSchool_Subset\masks\2025_05_18.tiff,0 1 2 3 255,8403,0.390383275261324,160,0.0074332171893147,12665,0.5883855981416957,297,0.0137979094076655,13122,0.609616724738676,train
2025-05-18,2025-05-18_r2464_c0224,11,1,2464,224,224,224,656524.0323323699,6044152.797279572,658770.4126087399,6046398.177413358,42715,0.8513034119897959,7461,True,True,True,data\raw\SummerSchool_Subset\images\2025-05-18\layers\2025-05-18_B04.tif,data\raw\SummerSchool_Subset\images\2025-05-18\layers\2025-05-18_B03.tif,data\raw\SummerSchool_Subset\images\2025-05-18\layers\2025-05-18_B02.tif,data\raw\SummerSchool_Subset\images\2025-05-18\layers\2025-05-18_VV.tif,data\raw\SummerSchool_Subset\images\2025-05-18\layers\2025-05-18_VH.tif,data\raw\SummerSchool_Subset\masks\2025_05_18.tiff,0 1 2 3 255,37021,0.8666978813063326,38,0.000889617230481,5580,0.130633267002224,76,0.0017792344609621,5694,0.1333021186936673,train
2025-05-18,2025-05-18_r2464_c0448,11,2,2464,448,224,224,658770.4126087399,6044152.797279572,661016.7928851099,6046398.177413358,43173,0.8604312818877551,7003,True,True,True,data\raw\SummerSchool_Subset\images\2025-05-18\layers\2025-05-18_B04.tif,data\raw\SummerSchool_Subset\images\2025-05-18\layers\2025-05-18_B03.tif,data\raw\SummerSchool_Subset\images\2025-05-18\layers\2025-05-18_B02.tif,data\raw\SummerSchool_Subset\images\2025-05-18\layers\2025-05-18_VV.tif,data\raw\SummerSchool_Subset\images\2025-05-18\layers\2025-05-18_VH.tif,data\raw\SummerSchool_Subset\masks\2025_05_18.tiff,0 1 2 3 255,42739,0.9899474208417298,15,0.0003474393718296,412,0.0095430014129201,7,0.0001621383735204,434,0.0100525791582702,train
2025-05-18,2025-05-18_r2464_c0672,11,3,2464,672,224,224,661016.7928851099,6044152.797279572,663263.1731614799,6046398.177413358,41193,0.8209701849489796,8983,True,True,True,data\raw\SummerSchool_Subset\images\2025-05-18\layers\2025-05-18_B04.tif,data\raw\SummerSchool_Subset\images\2025-05-18\layers\2025-05-18_B03.tif,data\raw\SummerSchool_Subset\images\2025-05-18\layers\2025-05-18_B02.tif,data\raw\SummerSchool_Subset\images\2025-05-18\layers\2025-05-18_VV.tif,data\raw\SummerSchool_Subset\images\2025-05-18\layers\2025-05-18_VH.tif,data\raw\SummerSchool_Subset\masks\2025_05_18.tiff,0 1 2 3 255,39660,0.9627849391886972,52,0.0012623503993396,1262,0.0306362731532056,219,0.0053164372587575,1533,0.0372150608113028,train
2025-05-18,2025-05-18_r2464_c0896,11,4,2464,896,224,224,663263.1731614799,6044152.797279572,665509.5534378499,6046398.177413358,42110,0.8392458545918368,8066,True,True,True,data\raw\SummerSchool_Subset\images\2025-05-18\layers\2025-05-18_B04.tif,data\raw\SummerSchool_Subset\images\2025-05-18\layers\2025-05-18_B03.tif,data\raw\SummerSchool_Subset\images\2025-05-18\layers\2025-05-18_B02.tif,data\raw\SummerSchool_Subset\images\2025-05-18\layers\2025-05-18_VV.tif,data\raw\SummerSchool_Subset\images\2025-05-18\layers\2025-05-18_VH.tif,data\raw\SummerSchool_Subset\masks\2025_05_18.tiff,0 1 2 3 255,41518,0.9859415815720732,5,0.0001187366421277,504,0.0119686535264782,83,0.0019710282593208,592,0.0140584184279268,train
2025-05-18,2025-05-18_r2464_c1120,11,5,2464,1120,224,224,665509.5534378499,6044152.797279572,667755.9337142198,6046398.177413358,41872,0.8345025510204082,8304,True,True,True,data\raw\SummerSchool_Subset\images\2025-05-18\layers\2025-05-18_B04.tif,data\raw\SummerSchool_Subset\images\2025-05-18\layers\2025-05-18_B03.tif,data\raw\SummerSchool_Subset\images\2025-05-18\layers\2025-05-18_B02.tif,data\raw\SummerSchool_Subset\images\2025-05-18\layers\2025-05-18_VV.tif,data\raw\SummerSchool_Subset\images\2025-05-18\layers\2025-05-18_VH.tif,data\raw\SummerSchool_Subset\masks\2025_05_18.tiff,0 2,41838,0.9991880015284678,0,0.0,34,0.0008119984715322,0,0.0,34,0.0008119984715322,train
2025-05-18,2025-05-18_r2464_c1344,11,6,2464,1344,224,224,667755.9337142198,6044152.797279572,670002.3139905898,6046398.177413358,42847,0.8539341517857143,7329,True,True,True,data\raw\SummerSchool_Subset\images\2025-05-18\layers\2025-05-18_B04.tif,data\raw\SummerSchool_Subset\images\2025-05-18\layers\2025-05-18_B03.tif,data\raw\SummerSchool_Subset\images\2025-05-18\layers\2025-05-18_B02.tif,data\raw\SummerSchool_Subset\images\2025-05-18\layers\2025-05-18_VV.tif,data\raw\SummerSchool_Subset\images\2025-05-18\layers\2025-05-18_VH.tif,data\raw\SummerSchool_Subset\masks\2025_05_18.tiff,0 2,42817,0.9992998342941164,0,0.0,30,0.0007001657058837,0,0.0,30,0.0007001657058837,train
2025-05-18,2025-05-18_r2464_c1568,11,7,2464,1568,224,224,670002.3139905898,6044152.797279572,672248.6942669598,6046398.177413358,31422,0.6262356505102041,18754,True,True,True,data\raw\SummerSchool_Subset\images\2025-05-18\layers\2025-05-18_B04.tif,data\raw\SummerSchool_Subset\images\2025-05-18\layers\2025-05-18_B03.tif,data\raw\SummerSchool_Subset\images\2025-05-18\layers\2025-05-18_B02.tif,data\raw\SummerSchool_Subset\images\2025-05-18\layers\2025-05-18_VV.tif,data\raw\SummerSchool_Subset\images\2025-05-18\layers\2025-05-18_VH.tif,data\raw\SummerSchool_Subset\masks\2025_05_18.tiff,0 1 2 3 255,28230,0.8984151231621157,325,0.0103430717331805,2449,0.0779390236140284,418,0.0133027814906753,3192,0.1015848768378842,train
2025-05-18,2025-05-18_r2688_c0224,12,1,2688,224,224,224,656524.0323323699,6041907.417145787,658770.4126087399,6044152.797279572,15337,0.3056640625,34839,True,True,True,data\raw\SummerSchool_Subset\images\2025-05-18\layers\2025-05-18_B04.tif,data\raw\SummerSchool_Subset\images\2025-05-18\layers\2025-05-18_B03.tif,data\raw\SummerSchool_Subset\images\2025-05-18\layers\2025-05-18_B02.tif,data\raw\SummerSchool_Subset\images\2025-05-18\layers\2025-05-18_VV.tif,data\raw\SummerSchool_Subset\images\2025-05-18\layers\2025-05-18_VH.tif,data\raw\SummerSchool_Subset\masks\2025_05_18.tiff,0 1 2 3 255,9744,0.6353263350068462,334,0.0217774010562691,4298,0.2802373345504336,961,0.062658929386451,5593,0.3646736649931538,train
2025-05-18,2025-05-18_r2688_c0448,12,2,2688,448,224,224,658770.4126087399,6041907.417145787,661016.7928851099,6044152.797279572,26838,0.5348772321428571,23338,True,True,True,data\raw\SummerSchool_Subset\images\2025-05-18\layers\2025-05-18_B04.tif,data\raw\SummerSchool_Subset\images\2025-05-18\layers\2025-05-18_B03.tif,data\raw\SummerSchool_Subset\images\2025-05-18\layers\2025-05-18_B02.tif,data\raw\SummerSchool_Subset\images\2025-05-18\layers\2025-05-18_VV.tif,data\raw\SummerSchool_Subset\images\2025-05-18\layers\2025-05-18_VH.tif,data\raw\SummerSchool_Subset\masks\2025_05_18.tiff,0 1 2 3 255,22068,0.8222669349429913,162,0.0060362173038229,4221,0.1572769953051643,387,0.0144198524480214,4770,0.1777330650570087,train
2025-05-18,2025-05-18_r2688_c0896,12,4,2688,896,224,224,663263.1731614799,6041907.417145787,665509.5534378499,6044152.797279572,13441,0.2678770727040816,36735,True,True,True,data\raw\SummerSchool_Subset\images\2025-05-18\layers\2025-05-18_B04.tif,data\raw\SummerSchool_Subset\images\2025-05-18\layers\2025-05-18_B03.tif,data\raw\SummerSchool_Subset\images\2025-05-18\layers\2025-05-18_B02.tif,data\raw\SummerSchool_Subset\images\2025-05-18\layers\2025-05-18_VV.tif,data\raw\SummerSchool_Subset\images\2025-05-18\layers\2025-05-18_VH.tif,data\raw\SummerSchool_Subset\masks\2025_05_18.tiff,0 1 2 3 255,10584,0.7874414106093297,1161,0.0863775016739825,1257,0.0935198273937951,439,0.0326612603228926,2857,0.2125585893906703,train
2025-05-18,2025-05-18_r2688_c1120,12,5,2688,1120,224,224,665509.5534378499,6041907.417145787,667755.9337142198,6044152.797279572,20655,0.4116509885204081,29521,True,True,True,data\raw\SummerSchool_Subset\images\2025-05-18\layers\2025-05-18_B04.tif,data\raw\SummerSchool_Subset\images\2025-05-18\layers\2025-05-18_B03.tif,data\raw\SummerSchool_Subset\images\2025-05-18\layers\2025-05-18_B02.tif,data\raw\SummerSchool_Subset\images\2025-05-18\layers\2025-05-18_VV.tif,data\raw\SummerSchool_Subset\images\2025-05-18\layers\2025-05-18_VH.tif,data\raw\SummerSchool_Subset\masks\2025_05_18.tiff,0 1 2 3 255,18221,0.882159283466473,862,0.0417332365044783,1209,0.0585330428467683,363,0.0175744371822803,2434,0.1178407165335269,train
2025-05-18,2025-05-18_r2688_c1344,12,6,2688,1344,224,224,667755.9337142198,6041907.417145787,670002.3139905898,6044152.797279572,42342,0.8438695790816326,7834,True,True,True,data\raw\SummerSchool_Subset\images\2025-05-18\layers\2025-05-18_B04.tif,data\raw\SummerSchool_Subset\images\2025-05-18\layers\2025-05-18_B03.tif,data\raw\SummerSchool_Subset\images\2025-05-18\layers\2025-05-18_B02.tif,data\raw\SummerSchool_Subset\images\2025-05-18\layers\2025-05-18_VV.tif,data\raw\SummerSchool_Subset\images\2025-05-18\layers\2025-05-18_VH.tif,data\raw\SummerSchool_Subset\masks\2025_05_18.tiff,0 1 2 3 255,40258,0.9507817297246232,35,0.0008266024278494,1889,0.0446129138916442,160,0.003778753955883,2084,0.0492182702753766,train
2025-05-18,2025-05-18_r2688_c1568,12,7,2688,1568,224,224,670002.3139905898,6041907.417145787,672248.6942669598,6044152.797279572,33064,0.6589604591836735,17112,True,True,True,data\raw\SummerSchool_Subset\images\2025-05-18\layers\2025-05-18_B04.tif,data\raw\SummerSchool_Subset\images\2025-05-18\layers\2025-05-18_B03.tif,data\raw\SummerSchool_Subset\images\2025-05-18\layers\2025-05-18_B02.tif,data\raw\SummerSchool_Subset\images\2025-05-18\layers\2025-05-18_VV.tif,data\raw\SummerSchool_Subset\images\2025-05-18\layers\2025-05-18_VH.tif,data\raw\SummerSchool_Subset\masks\2025_05_18.tiff,0 1 2 3 255,28508,0.8622066295669005,143,0.0043249455601258,3737,0.1130232276796515,676,0.020445197193322,4556,0.1377933704330994,train
2025-05-18,2025-05-18_r2912_c1344,13,6,2912,1344,224,224,667755.9337142198,6039662.037012001,670002.3139905898,6041907.417145787,12139,0.2419284119897959,38037,True,True,True,data\raw\SummerSchool_Subset\images\2025-05-18\layers\2025-05-18_B04.tif,data\raw\SummerSchool_Subset\images\2025-05-18\layers\2025-05-18_B03.tif,data\raw\SummerSchool_Subset\images\2025-05-18\layers\2025-05-18_B02.tif,data\raw\SummerSchool_Subset\images\2025-05-18\layers\2025-05-18_VV.tif,data\raw\SummerSchool_Subset\images\2025-05-18\layers\2025-05-18_VH.tif,data\raw\SummerSchool_Subset\masks\2025_05_18.tiff,0 1 2 3 255,3772,0.3107339978581431,94,0.0077436362138561,7864,0.6478293104868605,409,0.0336930554411401,8367,0.6892660021418568,train
2025-05-21,2025-05-21_r0000_c0672,0,3,0,672,224,224,661016.7928851099,6068851.978751215,663263.1731614799,6071097.358885,21965,0.4377590880102041,28211,True,True,True,data\raw\SummerSchool_Subset\images\2025-05-21\layers\2025-05-21_B04.tif,data\raw\SummerSchool_Subset\images\2025-05-21\layers\2025-05-21_B03.tif,data\raw\SummerSchool_Subset\images\2025-05-21\layers\2025-05-21_B02.tif,data\raw\SummerSchool_Subset\images\2025-05-21\layers\2025-05-21_VV.tif,data\raw\SummerSchool_Subset\images\2025-05-21\layers\2025-05-21_VH.tif,data\raw\SummerSchool_Subset\masks\2025_05_21.tiff,0 1 2 3 255,19839,0.9032096517186432,772,0.0351468244935124,880,0.0400637377646255,474,0.0215797860232187,2126,0.0967903482813567,train
2025-05-21,2025-05-21_r0224_c0448,1,2,224,448,224,224,658770.4126087399,6066606.598617429,661016.7928851099,6068851.978751215,18687,0.3724290497448979,31489,True,True,True,data\raw\SummerSchool_Subset\images\2025-05-21\layers\2025-05-21_B04.tif,data\raw\SummerSchool_Subset\images\2025-05-21\layers\2025-05-21_B03.tif,data\raw\SummerSchool_Subset\images\2025-05-21\layers\2025-05-21_B02.tif,data\raw\SummerSchool_Subset\images\2025-05-21\layers\2025-05-21_VV.tif,data\raw\SummerSchool_Subset\images\2025-05-21\layers\2025-05-21_VH.tif,data\raw\SummerSchool_Subset\masks\2025_05_21.tiff,0 1 2 3 255,16412,0.8782576122438058,876,0.0468775084283191,1081,0.0578477016107454,318,0.0170171777171295,2275,0.1217423877561941,train
2025-05-21,2025-05-21_r0224_c0672,1,3,224,672,224,224,661016.7928851099,6066606.598617429,663263.1731614799,6068851.978751215,45193,0.9006895727040817,4983,True,True,True,data\raw\SummerSchool_Subset\images\2025-05-21\layers\2025-05-21_B04.tif,data\raw\SummerSchool_Subset\images\2025-05-21\layers\2025-05-21_B03.tif,data\raw\SummerSchool_Subset\images\2025-05-21\layers\2025-05-21_B02.tif,data\raw\SummerSchool_Subset\images\2025-05-21\layers\2025-05-21_VV.tif,data\raw\SummerSchool_Subset\images\2025-05-21\layers\2025-05-21_VH.tif,data\raw\SummerSchool_Subset\masks\2025_05_21.tiff,0 1 2 3 255,43410,0.9605469873653,79,0.0017480583276171,1391,0.0307791029584227,313,0.0069258513486601,1783,0.0394530126347,train
2025-05-21,2025-05-21_r0224_c2016,1,9,224,2016,224,224,674495.0745433298,6066606.598617429,676741.4548196997,6068851.978751215,19383,0.3863002232142857,30793,True,True,True,data\raw\SummerSchool_Subset\images\2025-05-21\layers\2025-05-21_B04.tif,data\raw\SummerSchool_Subset\images\2025-05-21\layers\2025-05-21_B03.tif,data\raw\SummerSchool_Subset\images\2025-05-21\layers\2025-05-21_B02.tif,data\raw\SummerSchool_Subset\images\2025-05-21\layers\2025-05-21_VV.tif,data\raw\SummerSchool_Subset\images\2025-05-21\layers\2025-05-21_VH.tif,data\raw\SummerSchool_Subset\masks\2025_05_21.tiff,0 1 2 3 255,18290,0.9436103802300986,73,0.0037661868647784,714,0.0368364030335861,306,0.0157870298715369,1093,0.0563896197699014,train
2025-05-21,2025-05-21_r0448_c0448,2,2,448,448,224,224,658770.4126087399,6064361.218483644,661016.7928851099,6066606.598617429,35881,0.7151028380102041,14295,True,True,True,data\raw\SummerSchool_Subset\images\2025-05-21\layers\2025-05-21_B04.tif,data\raw\SummerSchool_Subset\images\2025-05-21\layers\2025-05-21_B03.tif,data\raw\SummerSchool_Subset\images\2025-05-21\layers\2025-05-21_B02.tif,data\raw\SummerSchool_Subset\images\2025-05-21\layers\2025-05-21_VV.tif,data\raw\SummerSchool_Subset\images\2025-05-21\layers\2025-05-21_VH.tif,data\raw\SummerSchool_Subset\masks\2025_05_21.tiff,0 1 2 3 255,33787,0.941640422507734,1257,0.0350324684373345,462,0.0128758953206432,375,0.0104512137342883,2094,0.0583595774922661,train
2025-05-21,2025-05-21_r0448_c0672,2,3,448,672,224,224,661016.7928851099,6064361.218483644,663263.1731614799,6066606.598617429,44570,0.8882732780612245,5606,True,True,True,data\raw\SummerSchool_Subset\images\2025-05-21\layers\2025-05-21_B04.tif,data\raw\SummerSchool_Subset\images\2025-05-21\layers\2025-05-21_B03.tif,data\raw\SummerSchool_Subset\images\2025-05-21\layers\2025-05-21_B02.tif,data\raw\SummerSchool_Subset\images\2025-05-21\layers\2025-05-21_VV.tif,data\raw\SummerSchool_Subset\images\2025-05-21\layers\2025-05-21_VH.tif,data\raw\SummerSchool_Subset\masks\2025_05_21.tiff,0 1 2 3 255,43696,0.980390397128113,29,0.0006506618801884,661,0.0148306035449854,184,0.004128337446713,874,0.0196096028718869,train
2025-05-21,2025-05-21_r0448_c0896,2,4,448,896,224,224,663263.1731614799,6064361.218483644,665509.5534378499,6066606.598617429,18611,0.370914381377551,31565,True,True,True,data\raw\SummerSchool_Subset\images\2025-05-21\layers\2025-05-21_B04.tif,data\raw\SummerSchool_Subset\images\2025-05-21\layers\2025-05-21_B03.tif,data\raw\SummerSchool_Subset\images\2025-05-21\layers\2025-05-21_B02.tif,data\raw\SummerSchool_Subset\images\2025-05-21\layers\2025-05-21_VV.tif,data\raw\SummerSchool_Subset\images\2025-05-21\layers\2025-05-21_VH.tif,data\raw\SummerSchool_Subset\masks\2025_05_21.tiff,0 1 2 3 255,12707,0.6827682553328677,126,0.0067701896727741,4696,0.2523238944710118,1082,0.0581376605233464,5904,0.3172317446671323,train
2025-05-21,2025-05-21_r0448_c1568,2,7,448,1568,224,224,670002.3139905898,6064361.218483644,672248.6942669598,6066606.598617429,26553,0.5291972257653061,23623,True,True,True,data\raw\SummerSchool_Subset\images\2025-05-21\layers\2025-05-21_B04.tif,data\raw\SummerSchool_Subset\images\2025-05-21\layers\2025-05-21_B03.tif,data\raw\SummerSchool_Subset\images\2025-05-21\layers\2025-05-21_B02.tif,data\raw\SummerSchool_Subset\images\2025-05-21\layers\2025-05-21_VV.tif,data\raw\SummerSchool_Subset\images\2025-05-21\layers\2025-05-21_VH.tif,data\raw\SummerSchool_Subset\masks\2025_05_21.tiff,0 1 2 3 255,24532,0.9238880729107822,73,0.0027492185440439,1358,0.0511429970248182,590,0.0222197115203555,2021,0.0761119270892178,train
2025-05-21,2025-05-21_r0448_c1792,2,8,448,1792,224,224,672248.6942669598,6064361.218483644,674495.0745433298,6066606.598617429,43501,0.8669682716836735,6675,True,True,True,data\raw\SummerSchool_Subset\images\2025-05-21\layers\2025-05-21_B04.tif,data\raw\SummerSchool_Subset\images\2025-05-21\layers\2025-05-21_B03.tif,data\raw\SummerSchool_Subset\images\2025-05-21\layers\2025-05-21_B02.tif,data\raw\SummerSchool_Subset\images\2025-05-21\layers\2025-05-21_VV.tif,data\raw\SummerSchool_Subset\images\2025-05-21\layers\2025-05-21_VH.tif,data\raw\SummerSchool_Subset\masks\2025_05_21.tiff,0 1 2 3 255,43029,0.9891496747201214,104,0.0023907496379393,278,0.0063906576860302,90,0.002068917955909,472,0.0108503252798786,train
2025-05-21,2025-05-21_r0448_c2016,2,9,448,2016,224,224,674495.0745433298,6064361.218483644,676741.4548196997,6066606.598617429,45993,0.916633450255102,4183,True,True,True,data\raw\SummerSchool_Subset\images\2025-05-21\layers\2025-05-21_B04.tif,data\raw\SummerSchool_Subset\images\2025-05-21\layers\2025-05-21_B03.tif,data\raw\SummerSchool_Subset\images\2025-05-21\layers\2025-05-21_B02.tif,data\raw\SummerSchool_Subset\images\2025-05-21\layers\2025-05-21_VV.tif,data\raw\SummerSchool_Subset\images\2025-05-21\layers\2025-05-21_VH.tif,data\raw\SummerSchool_Subset\masks\2025_05_21.tiff,0 2 255,45910,0.9981953775574544,0,0.0,83,0.0018046224425456,0,0.0,83,0.0018046224425456,train
2025-05-21,2025-05-21_r0448_c2240,2,10,448,2240,224,224,676741.4548196997,6064361.218483644,678987.8350960697,6066606.598617429,26658,0.5312898596938775,23518,True,True,True,data\raw\SummerSchool_Subset\images\2025-05-21\layers\2025-05-21_B04.tif,data\raw\SummerSchool_Subset\images\2025-05-21\layers\2025-05-21_B03.tif,data\raw\SummerSchool_Subset\images\2025-05-21\layers\2025-05-21_B02.tif,data\raw\SummerSchool_Subset\images\2025-05-21\layers\2025-05-21_VV.tif,data\raw\SummerSchool_Subset\images\2025-05-21\layers\2025-05-21_VH.tif,data\raw\SummerSchool_Subset\masks\2025_05_21.tiff,0 1 2 3 255,23835,0.8941030835021382,342,0.012829169480081,1974,0.0740490659464326,507,0.0190186810713481,2823,0.1058969164978618,train
2025-05-21,2025-05-21_r0672_c0448,3,2,672,448,224,224,658770.4126087399,6062115.838349857,661016.7928851099,6064361.218483644,31490,0.6275908801020408,18686,True,True,True,data\raw\SummerSchool_Subset\images\2025-05-21\layers\2025-05-21_B04.tif,data\raw\SummerSchool_Subset\images\2025-05-21\layers\2025-05-21_B03.tif,data\raw\SummerSchool_Subset\images\2025-05-21\layers\2025-05-21_B02.tif,data\raw\SummerSchool_Subset\images\2025-05-21\layers\2025-05-21_VV.tif,data\raw\SummerSchool_Subset\images\2025-05-21\layers\2025-05-21_VH.tif,data\raw\SummerSchool_Subset\masks\2025_05_21.tiff,0 1 2 3 255,31337,0.9951413147030804,19,0.0006033661479834,128,0.0040647824706255,6,0.0001905366783105,153,0.0048586852969196,train
2025-05-21,2025-05-21_r0672_c0672,3,3,672,672,224,224,661016.7928851099,6062115.838349857,663263.1731614799,6064361.218483644,44766,0.8921795280612245,5410,True,True,True,data\raw\SummerSchool_Subset\images\2025-05-21\layers\2025-05-21_B04.tif,data\raw\SummerSchool_Subset\images\2025-05-21\layers\2025-05-21_B03.tif,data\raw\SummerSchool_Subset\images\2025-05-21\layers\2025-05-21_B02.tif,data\raw\SummerSchool_Subset\images\2025-05-21\layers\2025-05-21_VV.tif,data\raw\SummerSchool_Subset\images\2025-05-21\layers\2025-05-21_VH.tif,data\raw\SummerSchool_Subset\masks\2025_05_21.tiff,0 2 255,44764,0.9999553232363848,0,0.0,2,4.4676763615243714e-05,0,0.0,2,4.4676763615243714e-05,train
2025-05-21,2025-05-21_r0672_c0896,3,4,672,896,224,224,663263.1731614799,6062115.838349857,665509.5534378499,6064361.218483644,43370,0.8643574617346939,6806,True,True,True,data\raw\SummerSchool_Subset\images\2025-05-21\layers\2025-05-21_B04.tif,data\raw\SummerSchool_Subset\images\2025-05-21\layers\2025-05-21_B03.tif,data\raw\SummerSchool_Subset\images\2025-05-21\layers\2025-05-21_B02.tif,data\raw\SummerSchool_Subset\images\2025-05-21\layers\2025-05-21_VV.tif,data\raw\SummerSchool_Subset\images\2025-05-21\layers\2025-05-21_VH.tif,data\raw\SummerSchool_Subset\masks\2025_05_21.tiff,0 1 2 3 255,43014,0.9917915609868572,6,0.0001383444777495,342,0.007885635231727,8,0.0001844593036661,356,0.0082084390131427,train
2025-05-21,2025-05-21_r0672_c1120,3,5,672,1120,224,224,665509.5534378499,6062115.838349857,667755.9337142198,6064361.218483644,42632,0.8496492346938775,7544,True,True,True,data\raw\SummerSchool_Subset\images\2025-05-21\layers\2025-05-21_B04.tif,data\raw\SummerSchool_Subset\images\2025-05-21\layers\2025-05-21_B03.tif,data\raw\SummerSchool_Subset\images\2025-05-21\layers\2025-05-21_B02.tif,data\raw\SummerSchool_Subset\images\2025-05-21\layers\2025-05-21_VV.tif,data\raw\SummerSchool_Subset\images\2025-05-21\layers\2025-05-21_VH.tif,data\raw\SummerSchool_Subset\masks\2025_05_21.tiff,0 2 255,42509,0.9971148433101896,0,0.0,123,0.0028851566898104,0,0.0,123,0.0028851566898104,train
2025-05-21,2025-05-21_r0672_c1344,3,6,672,1344,224,224,667755.9337142198,6062115.838349857,670002.3139905898,6064361.218483644,42223,0.8414979272959183,7953,True,True,True,data\raw\SummerSchool_Subset\images\2025-05-21\layers\2025-05-21_B04.tif,data\raw\SummerSchool_Subset\images\2025-05-21\layers\2025-05-21_B03.tif,data\raw\SummerSchool_Subset\images\2025-05-21\layers\2025-05-21_B02.tif,data\raw\SummerSchool_Subset\images\2025-05-21\layers\2025-05-21_VV.tif,data\raw\SummerSchool_Subset\images\2025-05-21\layers\2025-05-21_VH.tif,data\raw\SummerSchool_Subset\masks\2025_05_21.tiff,0 2 255,42189,0.999194751675627,0,0.0,34,0.0008052483243729,0,0.0,34,0.0008052483243729,train
2025-05-21,2025-05-21_r0672_c1568,3,7,672,1568,224,224,670002.3139905898,6062115.838349857,672248.6942669598,6064361.218483644,44299,0.8828722895408163,5877,True,True,True,data\raw\SummerSchool_Subset\images\2025-05-21\layers\2025-05-21_B04.tif,data\raw\SummerSchool_Subset\images\2025-05-21\layers\2025-05-21_B03.tif,data\raw\SummerSchool_Subset\images\2025-05-21\layers\2025-05-21_B02.tif,data\raw\SummerSchool_Subset\images\2025-05-21\layers\2025-05-21_VV.tif,data\raw\SummerSchool_Subset\images\2025-05-21\layers\2025-05-21_VH.tif,data\raw\SummerSchool_Subset\masks\2025_05_21.tiff,0 1 2 255,44159,0.9968396577800852,121,0.0027314386329262,19,0.0004289035869884,0,0.0,140,0.0031603422199146,train
2025-05-21,2025-05-21_r0672_c1792,3,8,672,1792,224,224,672248.6942669598,6062115.838349857,674495.0745433298,6064361.218483644,44624,0.8893494897959183,5552,True,True,True,data\raw\SummerSchool_Subset\images\2025-05-21\layers\2025-05-21_B04.tif,data\raw\SummerSchool_Subset\images\2025-05-21\layers\2025-05-21_B03.tif,data\raw\SummerSchool_Subset\images\2025-05-21\layers\2025-05-21_B02.tif,data\raw\SummerSchool_Subset\images\2025-05-21\layers\2025-05-21_VV.tif,data\raw\SummerSchool_Subset\images\2025-05-21\layers\2025-05-21_VH.tif,data\raw\SummerSchool_Subset\masks\2025_05_21.tiff,0 2 255,44611,0.9997086769451416,0,0.0,13,0.0002913230548583,0,0.0,13,0.0002913230548583,train
2025-05-21,2025-05-21_r0672_c2016,3,9,672,2016,224,224,674495.0745433298,6062115.838349857,676741.4548196997,6064361.218483644,42583,0.8486726721938775,7593,True,True,True,data\raw\SummerSchool_Subset\images\2025-05-21\layers\2025-05-21_B04.tif,data\raw\SummerSchool_Subset\images\2025-05-21\layers\2025-05-21_B03.tif,data\raw\SummerSchool_Subset\images\2025-05-21\layers\2025-05-21_B02.tif,data\raw\SummerSchool_Subset\images\2025-05-21\layers\2025-05-21_VV.tif,data\raw\SummerSchool_Subset\images\2025-05-21\layers\2025-05-21_VH.tif,data\raw\SummerSchool_Subset\masks\2025_05_21.tiff,0 1 2 3 255,41693,0.9790996407016884,25,0.0005870887443345,782,0.018364135922786,83,0.0019491346311908,890,0.0209003592983115,train
2025-05-21,2025-05-21_r0896_c0448,4,2,896,448,224,224,658770.4126087399,6059870.458216072,661016.7928851099,6062115.838349857,22113,0.4407087053571428,28063,True,True,True,data\raw\SummerSchool_Subset\images\2025-05-21\layers\2025-05-21_B04.tif,data\raw\SummerSchool_Subset\images\2025-05-21\layers\2025-05-21_B03.tif,data\raw\SummerSchool_Subset\images\2025-05-21\layers\2025-05-21_B02.tif,data\raw\SummerSchool_Subset\images\2025-05-21\layers\2025-05-21_VV.tif,data\raw\SummerSchool_Subset\images\2025-05-21\layers\2025-05-21_VH.tif,data\raw\SummerSchool_Subset\masks\2025_05_21.tiff,0 1 2 3 255,21378,0.9667616334283,313,0.0141545697101252,308,0.0139284583729028,114,0.0051553384886718,735,0.0332383665716999,train
2025-05-21,2025-05-21_r0896_c0672,4,3,896,672,224,224,661016.7928851099,6059870.458216072,663263.1731614799,6062115.838349857,44857,0.8939931441326531,5319,True,True,True,data\raw\SummerSchool_Subset\images\2025-05-21\layers\2025-05-21_B04.tif,data\raw\SummerSchool_Subset\images\2025-05-21\layers\2025-05-21_B03.tif,data\raw\SummerSchool_Subset\images\2025-05-21\layers\2025-05-21_B02.tif,data\raw\SummerSchool_Subset\images\2025-05-21\layers\2025-05-21_VV.tif,data\raw\SummerSchool_Subset\images\2025-05-21\layers\2025-05-21_VH.tif,data\raw\SummerSchool_Subset\masks\2025_05_21.tiff,0 1 2 255,44836,0.9995318456428204,9,0.0002006375816483,12,0.0002675167755311,0,0.0,21,0.0004681543571794,train
2025-05-21,2025-05-21_r0896_c0896,4,4,896,896,224,224,663263.1731614799,6059870.458216072,665509.5534378499,6062115.838349857,42627,0.8495495854591837,7549,True,True,True,data\raw\SummerSchool_Subset\images\2025-05-21\layers\2025-05-21_B04.tif,data\raw\SummerSchool_Subset\images\2025-05-21\layers\2025-05-21_B03.tif,data\raw\SummerSchool_Subset\images\2025-05-21\layers\2025-05-21_B02.tif,data\raw\SummerSchool_Subset\images\2025-05-21\layers\2025-05-21_VV.tif,data\raw\SummerSchool_Subset\images\2025-05-21\layers\2025-05-21_VH.tif,data\raw\SummerSchool_Subset\masks\2025_05_21.tiff,0 2 255,42320,0.9927979918830788,0,0.0,307,0.0072020081169212,0,0.0,307,0.0072020081169212,train
2025-05-21,2025-05-21_r0896_c1120,4,5,896,1120,224,224,665509.5534378499,6059870.458216072,667755.9337142198,6062115.838349857,41482,0.8267299107142857,8694,True,True,True,data\raw\SummerSchool_Subset\images\2025-05-21\layers\2025-05-21_B04.tif,data\raw\SummerSchool_Subset\images\2025-05-21\layers\2025-05-21_B03.tif,data\raw\SummerSchool_Subset\images\2025-05-21\layers\2025-05-21_B02.tif,data\raw\SummerSchool_Subset\images\2025-05-21\layers\2025-05-21_VV.tif,data\raw\SummerSchool_Subset\images\2025-05-21\layers\2025-05-21_VH.tif,data\raw\SummerSchool_Subset\masks\2025_05_21.tiff,0 2 255,41469,0.9996866110602188,0,0.0,13,0.0003133889397811,0,0.0,13,0.0003133889397811,train
2025-05-21,2025-05-21_r0896_c1344,4,6,896,1344,224,224,667755.9337142198,6059870.458216072,670002.3139905898,6062115.838349857,41620,0.8294802295918368,8556,True,True,True,data\raw\SummerSchool_Subset\images\2025-05-21\layers\2025-05-21_B04.tif,data\raw\SummerSchool_Subset\images\2025-05-21\layers\2025-05-21_B03.tif,data\raw\SummerSchool_Subset\images\2025-05-21\layers\2025-05-21_B02.tif,data\raw\SummerSchool_Subset\images\2025-05-21\layers\2025-05-21_VV.tif,data\raw\SummerSchool_Subset\images\2025-05-21\layers\2025-05-21_VH.tif,data\raw\SummerSchool_Subset\masks\2025_05_21.tiff,0 2 255,41613,0.9998318116290243,0,0.0,7,0.0001681883709754,0,0.0,7,0.0001681883709754,train
2025-05-21,2025-05-21_r0896_c1568,4,7,896,1568,224,224,670002.3139905898,6059870.458216072,672248.6942669598,6062115.838349857,44134,0.8795838647959183,6042,True,True,True,data\raw\SummerSchool_Subset\images\2025-05-21\layers\2025-05-21_B04.tif,data\raw\SummerSchool_Subset\images\2025-05-21\layers\2025-05-21_B03.tif,data\raw\SummerSchool_Subset\images\2025-05-21\layers\2025-05-21_B02.tif,data\raw\SummerSchool_Subset\images\2025-05-21\layers\2025-05-21_VV.tif,data\raw\SummerSchool_Subset\images\2025-05-21\layers\2025-05-21_VH.tif,data\raw\SummerSchool_Subset\masks\2025_05_21.tiff,0 2 255,44130,0.999909366927992,0,0.0,4,9.063307200797572e-05,0,0.0,4,9.063307200797572e-05,train
2025-05-21,2025-05-21_r0896_c1792,4,8,896,1792,224,224,672248.6942669598,6059870.458216072,674495.0745433298,6062115.838349857,44276,0.8824139030612245,5900,True,True,True,data\raw\SummerSchool_Subset\images\2025-05-21\layers\2025-05-21_B04.tif,data\raw\SummerSchool_Subset\images\2025-05-21\layers\2025-05-21_B03.tif,data\raw\SummerSchool_Subset\images\2025-05-21\layers\2025-05-21_B02.tif,data\raw\SummerSchool_Subset\images\2025-05-21\layers\2025-05-21_VV.tif,data\raw\SummerSchool_Subset\images\2025-05-21\layers\2025-05-21_VH.tif,data\raw\SummerSchool_Subset\masks\2025_05_21.tiff,0 1 2 255,44246,0.9993224320173456,2,4.517119884361731e-05,28,0.0006323967838106,0,0.0,30,0.0006775679826542,train
2025-05-21,2025-05-21_r0896_c2016,4,9,896,2016,224,224,674495.0745433298,6059870.458216072,676741.4548196997,6062115.838349857,17835,0.3554488201530612,32341,True,True,True,data\raw\SummerSchool_Subset\images\2025-05-21\layers\2025-05-21_B04.tif,data\raw\SummerSchool_Subset\images\2025-05-21\layers\2025-05-21_B03.tif,data\raw\SummerSchool_Subset\images\2025-05-21\layers\2025-05-21_B02.tif,data\raw\SummerSchool_Subset\images\2025-05-21\layers\2025-05-21_VV.tif,data\raw\SummerSchool_Subset\images\2025-05-21\layers\2025-05-21_VH.tif,data\raw\SummerSchool_Subset\masks\2025_05_21.tiff,0 1 2 3 255,15819,0.886963835155593,116,0.0065040650406504,1565,0.0877488085225679,335,0.0187832912811886,2016,0.113036164844407,train
2025-05-21,2025-05-21_r1120_c0672,5,3,1120,672,224,224,661016.7928851099,6057625.078082287,663263.1731614799,6059870.458216072,43272,0.8624043367346939,6904,True,True,True,data\raw\SummerSchool_Subset\images\2025-05-21\layers\2025-05-21_B04.tif,data\raw\SummerSchool_Subset\images\2025-05-21\layers\2025-05-21_B03.tif,data\raw\SummerSchool_Subset\images\2025-05-21\layers\2025-05-21_B02.tif,data\raw\SummerSchool_Subset\images\2025-05-21\layers\2025-05-21_VV.tif,data\raw\SummerSchool_Subset\images\2025-05-21\layers\2025-05-21_VH.tif,data\raw\SummerSchool_Subset\masks\2025_05_21.tiff,0 1 2 3 255,42993,0.9935524126455908,20,0.0004621926418931,130,0.0030042521723054,129,0.0029811425402107,279,0.0064475873544093,train
2025-05-21,2025-05-21_r1120_c0896,5,4,1120,896,224,224,663263.1731614799,6057625.078082287,665509.5534378499,6059870.458216072,43371,0.8643773915816326,6805,True,True,True,data\raw\SummerSchool_Subset\images\2025-05-21\layers\2025-05-21_B04.tif,data\raw\SummerSchool_Subset\images\2025-05-21\layers\2025-05-21_B03.tif,data\raw\SummerSchool_Subset\images\2025-05-21\layers\2025-05-21_B02.tif,data\raw\SummerSchool_Subset\images\2025-05-21\layers\2025-05-21_VV.tif,data\raw\SummerSchool_Subset\images\2025-05-21\layers\2025-05-21_VH.tif,data\raw\SummerSchool_Subset\masks\2025_05_21.tiff,0 2 255,43056,0.992737082382237,0,0.0,315,0.007262917617763,0,0.0,315,0.007262917617763,train
2025-05-21,2025-05-21_r1120_c1120,5,5,1120,1120,224,224,665509.5534378499,6057625.078082287,667755.9337142198,6059870.458216072,41523,0.8275470344387755,8653,True,True,True,data\raw\SummerSchool_Subset\images\2025-05-21\layers\2025-05-21_B04.tif,data\raw\SummerSchool_Subset\images\2025-05-21\layers\2025-05-21_B03.tif,data\raw\SummerSchool_Subset\images\2025-05-21\layers\2025-05-21_B02.tif,data\raw\SummerSchool_Subset\images\2025-05-21\layers\2025-05-21_VV.tif,data\raw\SummerSchool_Subset\images\2025-05-21\layers\2025-05-21_VH.tif,data\raw\SummerSchool_Subset\masks\2025_05_21.tiff,0 1 2 255,41443,0.9980733569347108,5,0.0001204151915805,75,0.0018062278737085,0,0.0,80,0.0019266430652891,train
2025-05-21,2025-05-21_r1120_c1344,5,6,1120,1344,224,224,667755.9337142198,6057625.078082287,670002.3139905898,6059870.458216072,42075,0.8385483099489796,8101,True,True,True,data\raw\SummerSchool_Subset\images\2025-05-21\layers\2025-05-21_B04.tif,data\raw\SummerSchool_Subset\images\2025-05-21\layers\2025-05-21_B03.tif,data\raw\SummerSchool_Subset\images\2025-05-21\layers\2025-05-21_B02.tif,data\raw\SummerSchool_Subset\images\2025-05-21\layers\2025-05-21_VV.tif,data\raw\SummerSchool_Subset\images\2025-05-21\layers\2025-05-21_VH.tif,data\raw\SummerSchool_Subset\masks\2025_05_21.tiff,0 2 255,42068,0.9998336304218656,0,0.0,7,0.0001663695781342,0,0.0,7,0.0001663695781342,train
2025-05-21,2025-05-21_r1120_c1568,5,7,1120,1568,224,224,670002.3139905898,6057625.078082287,672248.6942669598,6059870.458216072,44200,0.8808992346938775,5976,True,True,True,data\raw\SummerSchool_Subset\images\2025-05-21\layers\2025-05-21_B04.tif,data\raw\SummerSchool_Subset\images\2025-05-21\layers\2025-05-21_B03.tif,data\raw\SummerSchool_Subset\images\2025-05-21\layers\2025-05-21_B02.tif,data\raw\SummerSchool_Subset\images\2025-05-21\layers\2025-05-21_VV.tif,data\raw\SummerSchool_Subset\images\2025-05-21\layers\2025-05-21_VH.tif,data\raw\SummerSchool_Subset\masks\2025_05_21.tiff,0 2 255,44184,0.9996380090497736,0,0.0,16,0.0003619909502262,0,0.0,16,0.0003619909502262,train
2025-05-21,2025-05-21_r1120_c1792,5,8,1120,1792,224,224,672248.6942669598,6057625.078082287,674495.0745433298,6059870.458216072,39704,0.7912946428571429,10472,True,True,True,data\raw\SummerSchool_Subset\images\2025-05-21\layers\2025-05-21_B04.tif,data\raw\SummerSchool_Subset\images\2025-05-21\layers\2025-05-21_B03.tif,data\raw\SummerSchool_Subset\images\2025-05-21\layers\2025-05-21_B02.tif,data\raw\SummerSchool_Subset\images\2025-05-21\layers\2025-05-21_VV.tif,data\raw\SummerSchool_Subset\images\2025-05-21\layers\2025-05-21_VH.tif,data\raw\SummerSchool_Subset\masks\2025_05_21.tiff,0 1 2 3 255,37966,0.956226072939754,18,0.0004533548257102,1271,0.0320118879709852,449,0.0113086842635502,1738,0.0437739270602458,train
2025-05-21,2025-05-21_r1344_c0672,6,3,1344,672,224,224,661016.7928851099,6055379.6979485005,663263.1731614799,6057625.078082287,44025,0.8774115114795918,6151,True,True,True,data\raw\SummerSchool_Subset\images\2025-05-21\layers\2025-05-21_B04.tif,data\raw\SummerSchool_Subset\images\2025-05-21\layers\2025-05-21_B03.tif,data\raw\SummerSchool_Subset\images\2025-05-21\layers\2025-05-21_B02.tif,data\raw\SummerSchool_Subset\images\2025-05-21\layers\2025-05-21_VV.tif,data\raw\SummerSchool_Subset\images\2025-05-21\layers\2025-05-21_VH.tif,data\raw\SummerSchool_Subset\masks\2025_05_21.tiff,0 1 2 3 255,43315,0.9838727995457128,245,0.0055650198750709,252,0.0057240204429301,213,0.0048381601362862,710,0.0161272004542873,train
2025-05-21,2025-05-21_r1344_c0896,6,4,1344,896,224,224,663263.1731614799,6055379.6979485005,665509.5534378499,6057625.078082287,43712,0.8711734693877551,6464,True,True,True,data\raw\SummerSchool_Subset\images\2025-05-21\layers\2025-05-21_B04.tif,data\raw\SummerSchool_Subset\images\2025-05-21\layers\2025-05-21_B03.tif,data\raw\SummerSchool_Subset\images\2025-05-21\layers\2025-05-21_B02.tif,data\raw\SummerSchool_Subset\images\2025-05-21\layers\2025-05-21_VV.tif,data\raw\SummerSchool_Subset\images\2025-05-21\layers\2025-05-21_VH.tif,data\raw\SummerSchool_Subset\masks\2025_05_21.tiff,0 2 255,43548,0.9962481698389458,0,0.0,164,0.0037518301610541,0,0.0,164,0.0037518301610541,train
2025-05-21,2025-05-21_r1344_c1120,6,5,1344,1120,224,224,665509.5534378499,6055379.6979485005,667755.9337142198,6057625.078082287,42145,0.8399433992346939,8031,True,True,True,data\raw\SummerSchool_Subset\images\2025-05-21\layers\2025-05-21_B04.tif,data\raw\SummerSchool_Subset\images\2025-05-21\layers\2025-05-21_B03.tif,data\raw\SummerSchool_Subset\images\2025-05-21\layers\2025-05-21_B02.tif,data\raw\SummerSchool_Subset\images\2025-05-21\layers\2025-05-21_VV.tif,data\raw\SummerSchool_Subset\images\2025-05-21\layers\2025-05-21_VH.tif,data\raw\SummerSchool_Subset\masks\2025_05_21.tiff,0 2 255,42122,0.999454265037371,0,0.0,23,0.000545734962629,0,0.0,23,0.000545734962629,train
2025-05-21,2025-05-21_r1344_c1344,6,6,1344,1344,224,224,667755.9337142198,6055379.6979485005,670002.3139905898,6057625.078082287,43597,0.8688815369897959,6579,True,True,True,data\raw\SummerSchool_Subset\images\2025-05-21\layers\2025-05-21_B04.tif,data\raw\SummerSchool_Subset\images\2025-05-21\layers\2025-05-21_B03.tif,data\raw\SummerSchool_Subset\images\2025-05-21\layers\2025-05-21_B02.tif,data\raw\SummerSchool_Subset\images\2025-05-21\layers\2025-05-21_VV.tif,data\raw\SummerSchool_Subset\images\2025-05-21\layers\2025-05-21_VH.tif,data\raw\SummerSchool_Subset\masks\2025_05_21.tiff,0 2 255,43574,0.9994724407642728,0,0.0,23,0.0005275592357272,0,0.0,23,0.0005275592357272,train
2025-05-21,2025-05-21_r1344_c1568,6,7,1344,1568,224,224,670002.3139905898,6055379.6979485005,672248.6942669598,6057625.078082287,44793,0.8927176339285714,5383,True,True,True,data\raw\SummerSchool_Subset\images\2025-05-21\layers\2025-05-21_B04.tif,data\raw\SummerSchool_Subset\images\2025-05-21\layers\2025-05-21_B03.tif,data\raw\SummerSchool_Subset\images\2025-05-21\layers\2025-05-21_B02.tif,data\raw\SummerSchool_Subset\images\2025-05-21\layers\2025-05-21_VV.tif,data\raw\SummerSchool_Subset\images\2025-05-21\layers\2025-05-21_VH.tif,data\raw\SummerSchool_Subset\masks\2025_05_21.tiff,0 2 255,44780,0.999709776081084,0,0.0,13,0.0002902239189159,0,0.0,13,0.0002902239189159,train
2025-05-21,2025-05-21_r1344_c1792,6,8,1344,1792,224,224,672248.6942669598,6055379.6979485005,674495.0745433298,6057625.078082287,32018,0.6381138392857143,18158,True,True,True,data\raw\SummerSchool_Subset\images\2025-05-21\layers\2025-05-21_B04.tif,data\raw\SummerSchool_Subset\images\2025-05-21\layers\2025-05-21_B03.tif,data\raw\SummerSchool_Subset\images\2025-05-21\layers\2025-05-21_B02.tif,data\raw\SummerSchool_Subset\images\2025-05-21\layers\2025-05-21_VV.tif,data\raw\SummerSchool_Subset\images\2025-05-21\layers\2025-05-21_VH.tif,data\raw\SummerSchool_Subset\masks\2025_05_21.tiff,0 1 2 3 255,31103,0.97142232494222,104,0.0032481729027422,478,0.0149291023799113,333,0.0104003997751264,915,0.02857767505778,train
2025-05-21,2025-05-21_r1568_c0672,7,3,1568,672,224,224,661016.7928851099,6053134.317814715,663263.1731614799,6055379.6979485005,45130,0.8994339923469388,5046,True,True,True,data\raw\SummerSchool_Subset\images\2025-05-21\layers\2025-05-21_B04.tif,data\raw\SummerSchool_Subset\images\2025-05-21\layers\2025-05-21_B03.tif,data\raw\SummerSchool_Subset\images\2025-05-21\layers\2025-05-21_B02.tif,data\raw\SummerSchool_Subset\images\2025-05-21\layers\2025-05-21_VV.tif,data\raw\SummerSchool_Subset\images\2025-05-21\layers\2025-05-21_VH.tif,data\raw\SummerSchool_Subset\masks\2025_05_21.tiff,0 1 2 3 255,44948,0.9959672058497674,26,0.0005761134500332,120,0.0026589851539995,36,0.0007976955461998,182,0.0040327941502326,train
2025-05-21,2025-05-21_r1568_c0896,7,4,1568,896,224,224,663263.1731614799,6053134.317814715,665509.5534378499,6055379.6979485005,44268,0.8822544642857143,5908,True,True,True,data\raw\SummerSchool_Subset\images\2025-05-21\layers\2025-05-21_B04.tif,data\raw\SummerSchool_Subset\images\2025-05-21\layers\2025-05-21_B03.tif,data\raw\SummerSchool_Subset\images\2025-05-21\layers\2025-05-21_B02.tif,data\raw\SummerSchool_Subset\images\2025-05-21\layers\2025-05-21_VV.tif,data\raw\SummerSchool_Subset\images\2025-05-21\layers\2025-05-21_VH.tif,data\raw\SummerSchool_Subset\masks\2025_05_21.tiff,0 1 2 255,44221,0.998938284991416,9,0.0002033071293033,38,0.0008584078792807,0,0.0,47,0.001061715008584,train
2025-05-21,2025-05-21_r1568_c1120,7,5,1568,1120,224,224,665509.5534378499,6053134.317814715,667755.9337142198,6055379.6979485005,42905,0.8550900829081632,7271,True,True,True,data\raw\SummerSchool_Subset\images\2025-05-21\layers\2025-05-21_B04.tif,data\raw\SummerSchool_Subset\images\2025-05-21\layers\2025-05-21_B03.tif,data\raw\SummerSchool_Subset\images\2025-05-21\layers\2025-05-21_B02.tif,data\raw\SummerSchool_Subset\images\2025-05-21\layers\2025-05-21_VV.tif,data\raw\SummerSchool_Subset\images\2025-05-21\layers\2025-05-21_VH.tif,data\raw\SummerSchool_Subset\masks\2025_05_21.tiff,0 2 255,42868,0.9991376296468945,0,0.0,37,0.0008623703531056,0,0.0,37,0.0008623703531056,train
2025-05-21,2025-05-21_r1568_c1344,7,6,1568,1344,224,224,667755.9337142198,6053134.317814715,670002.3139905898,6055379.6979485005,43893,0.8747807716836735,6283,True,True,True,data\raw\SummerSchool_Subset\images\2025-05-21\layers\2025-05-21_B04.tif,data\raw\SummerSchool_Subset\images\2025-05-21\layers\2025-05-21_B03.tif,data\raw\SummerSchool_Subset\images\2025-05-21\layers\2025-05-21_B02.tif,data\raw\SummerSchool_Subset\images\2025-05-21\layers\2025-05-21_VV.tif,data\raw\SummerSchool_Subset\images\2025-05-21\layers\2025-05-21_VH.tif,data\raw\SummerSchool_Subset\masks\2025_05_21.tiff,0 2 255,43870,0.999475998450778,0,0.0,23,0.0005240015492219,0,0.0,23,0.0005240015492219,train
2025-05-21,2025-05-21_r1568_c1568,7,7,1568,1568,224,224,670002.3139905898,6053134.317814715,672248.6942669598,6055379.6979485005,44440,0.8856823979591837,5736,True,True,True,data\raw\SummerSchool_Subset\images\2025-05-21\layers\2025-05-21_B04.tif,data\raw\SummerSchool_Subset\images\2025-05-21\layers\2025-05-21_B03.tif,data\raw\SummerSchool_Subset\images\2025-05-21\layers\2025-05-21_B02.tif,data\raw\SummerSchool_Subset\images\2025-05-21\layers\2025-05-21_VV.tif,data\raw\SummerSchool_Subset\images\2025-05-21\layers\2025-05-21_VH.tif,data\raw\SummerSchool_Subset\masks\2025_05_21.tiff,0 2 255,44384,0.9987398739873988,0,0.0,56,0.0012601260126012,0,0.0,56,0.0012601260126012,train
2025-05-21,2025-05-21_r1568_c1792,7,8,1568,1792,224,224,672248.6942669598,6053134.317814715,674495.0745433298,6055379.6979485005,35630,0.7101004464285714,14546,True,True,True,data\raw\SummerSchool_Subset\images\2025-05-21\layers\2025-05-21_B04.tif,data\raw\SummerSchool_Subset\images\2025-05-21\layers\2025-05-21_B03.tif,data\raw\SummerSchool_Subset\images\2025-05-21\layers\2025-05-21_B02.tif,data\raw\SummerSchool_Subset\images\2025-05-21\layers\2025-05-21_VV.tif,data\raw\SummerSchool_Subset\images\2025-05-21\layers\2025-05-21_VH.tif,data\raw\SummerSchool_Subset\masks\2025_05_21.tiff,0 1 2 3 255,34610,0.971372438955936,145,0.0040696042660679,575,0.0161380858826831,300,0.0084198708953129,1020,0.0286275610440639,train
2025-05-21,2025-05-21_r1568_c2016,7,9,1568,2016,224,224,674495.0745433298,6053134.317814715,676741.4548196997,6055379.6979485005,30738,0.6126036352040817,19438,True,True,True,data\raw\SummerSchool_Subset\images\2025-05-21\layers\2025-05-21_B04.tif,data\raw\SummerSchool_Subset\images\2025-05-21\layers\2025-05-21_B03.tif,data\raw\SummerSchool_Subset\images\2025-05-21\layers\2025-05-21_B02.tif,data\raw\SummerSchool_Subset\images\2025-05-21\layers\2025-05-21_VV.tif,data\raw\SummerSchool_Subset\images\2025-05-21\layers\2025-05-21_VH.tif,data\raw\SummerSchool_Subset\masks\2025_05_21.tiff,0 1 2 3 255,24960,0.8120242045676361,783,0.0254733554557876,4221,0.1373218817099356,774,0.0251805582666406,5778,0.1879757954323638,train
2025-05-21,2025-05-21_r1792_c0448,8,2,1792,448,224,224,658770.4126087399,6050888.937680929,661016.7928851099,6053134.317814715,31179,0.6213926977040817,18997,True,True,True,data\raw\SummerSchool_Subset\images\2025-05-21\layers\2025-05-21_B04.tif,data\raw\SummerSchool_Subset\images\2025-05-21\layers\2025-05-21_B03.tif,data\raw\SummerSchool_Subset\images\2025-05-21\layers\2025-05-21_B02.tif,data\raw\SummerSchool_Subset\images\2025-05-21\layers\2025-05-21_VV.tif,data\raw\SummerSchool_Subset\images\2025-05-21\layers\2025-05-21_VH.tif,data\raw\SummerSchool_Subset\masks\2025_05_21.tiff,0 1 2 3 255,29752,0.9542320151383944,376,0.0120593989544244,860,0.0275826678212899,191,0.0061259180858911,1427,0.0457679848616055,train
2025-05-21,2025-05-21_r1792_c0672,8,3,1792,672,224,224,661016.7928851099,6050888.937680929,663263.1731614799,6053134.317814715,45118,0.8991948341836735,5058,True,True,True,data\raw\SummerSchool_Subset\images\2025-05-21\layers\2025-05-21_B04.tif,data\raw\SummerSchool_Subset\images\2025-05-21\layers\2025-05-21_B03.tif,data\raw\SummerSchool_Subset\images\2025-05-21\layers\2025-05-21_B02.tif,data\raw\SummerSchool_Subset\images\2025-05-21\layers\2025-05-21_VV.tif,data\raw\SummerSchool_Subset\images\2025-05-21\layers\2025-05-21_VH.tif,data\raw\SummerSchool_Subset\masks\2025_05_21.tiff,0 2,45084,0.9992464204973625,0,0.0,34,0.0007535795026375,0,0.0,34,0.0007535795026375,train
2025-05-21,2025-05-21_r1792_c0896,8,4,1792,896,224,224,663263.1731614799,6050888.937680929,665509.5534378499,6053134.317814715,43715,0.8712332589285714,6461,True,True,True,data\raw\SummerSchool_Subset\images\2025-05-21\layers\2025-05-21_B04.tif,data\raw\SummerSchool_Subset\images\2025-05-21\layers\2025-05-21_B03.tif,data\raw\SummerSchool_Subset\images\2025-05-21\layers\2025-05-21_B02.tif,data\raw\SummerSchool_Subset\images\2025-05-21\layers\2025-05-21_VV.tif,data\raw\SummerSchool_Subset\images\2025-05-21\layers\2025-05-21_VH.tif,data\raw\SummerSchool_Subset\masks\2025_05_21.tiff,0 2 255,43677,0.999130733157955,0,0.0,38,0.000869266842045,0,0.0,38,0.000869266842045,train
2025-05-21,2025-05-21_r1792_c1120,8,5,1792,1120,224,224,665509.5534378499,6050888.937680929,667755.9337142198,6053134.317814715,41415,0.8253946109693877,8761,True,True,True,data\raw\SummerSchool_Subset\images\2025-05-21\layers\2025-05-21_B04.tif,data\raw\SummerSchool_Subset\images\2025-05-21\layers\2025-05-21_B03.tif,data\raw\SummerSchool_Subset\images\2025-05-21\layers\2025-05-21_B02.tif,data\raw\SummerSchool_Subset\images\2025-05-21\layers\2025-05-21_VV.tif,data\raw\SummerSchool_Subset\images\2025-05-21\layers\2025-05-21_VH.tif,data\raw\SummerSchool_Subset\masks\2025_05_21.tiff,0 2 255,41350,0.9984305203428708,0,0.0,65,0.001569479657129,0,0.0,65,0.001569479657129,train
2025-05-21,2025-05-21_r1792_c1344,8,6,1792,1344,224,224,667755.9337142198,6050888.937680929,670002.3139905898,6053134.317814715,42843,0.8538544323979592,7333,True,True,True,data\raw\SummerSchool_Subset\images\2025-05-21\layers\2025-05-21_B04.tif,data\raw\SummerSchool_Subset\images\2025-05-21\layers\2025-05-21_B03.tif,data\raw\SummerSchool_Subset\images\2025-05-21\layers\2025-05-21_B02.tif,data\raw\SummerSchool_Subset\images\2025-05-21\layers\2025-05-21_VV.tif,data\raw\SummerSchool_Subset\images\2025-05-21\layers\2025-05-21_VH.tif,data\raw\SummerSchool_Subset\masks\2025_05_21.tiff,0 2 255,42774,0.9983894685246132,0,0.0,69,0.0016105314753868,0,0.0,69,0.0016105314753868,train
2025-05-21,2025-05-21_r1792_c1568,8,7,1792,1568,224,224,670002.3139905898,6050888.937680929,672248.6942669598,6053134.317814715,43815,0.8732262436224489,6361,True,True,True,data\raw\SummerSchool_Subset\images\2025-05-21\layers\2025-05-21_B04.tif,data\raw\SummerSchool_Subset\images\2025-05-21\layers\2025-05-21_B03.tif,data\raw\SummerSchool_Subset\images\2025-05-21\layers\2025-05-21_B02.tif,data\raw\SummerSchool_Subset\images\2025-05-21\layers\2025-05-21_VV.tif,data\raw\SummerSchool_Subset\images\2025-05-21\layers\2025-05-21_VH.tif,data\raw\SummerSchool_Subset\masks\2025_05_21.tiff,0 2 255,43709,0.99758073719046,0,0.0,106,0.0024192628095401,0,0.0,106,0.0024192628095401,train
2025-05-21,2025-05-21_r1792_c1792,8,8,1792,1792,224,224,672248.6942669598,6050888.937680929,674495.0745433298,6053134.317814715,42814,0.8532764668367347,7362,True,True,True,data\raw\SummerSchool_Subset\images\2025-05-21\layers\2025-05-21_B04.tif,data\raw\SummerSchool_Subset\images\2025-05-21\layers\2025-05-21_B03.tif,data\raw\SummerSchool_Subset\images\2025-05-21\layers\2025-05-21_B02.tif,data\raw\SummerSchool_Subset\images\2025-05-21\layers\2025-05-21_VV.tif,data\raw\SummerSchool_Subset\images\2025-05-21\layers\2025-05-21_VH.tif,data\raw\SummerSchool_Subset\masks\2025_05_21.tiff,0 1 2 3 255,42382,0.9899098425748588,22,0.0005138506096136,260,0.006072779931798,150,0.0035035268837296,432,0.0100901574251413,train
2025-05-21,2025-05-21_r1792_c2016,8,9,1792,2016,224,224,674495.0745433298,6050888.937680929,676741.4548196997,6053134.317814715,36521,0.7278579400510204,13655,True,True,True,data\raw\SummerSchool_Subset\images\2025-05-21\layers\2025-05-21_B04.tif,data\raw\SummerSchool_Subset\images\2025-05-21\layers\2025-05-21_B03.tif,data\raw\SummerSchool_Subset\images\2025-05-21\layers\2025-05-21_B02.tif,data\raw\SummerSchool_Subset\images\2025-05-21\layers\2025-05-21_VV.tif,data\raw\SummerSchool_Subset\images\2025-05-21\layers\2025-05-21_VH.tif,data\raw\SummerSchool_Subset\masks\2025_05_21.tiff,0 1 2 3 255,33785,0.9250841981325812,361,0.0098847238575066,1924,0.0526820185646614,451,0.0123490594452506,2736,0.0749158018674187,train
2025-05-21,2025-05-21_r2016_c0224,9,1,2016,224,224,224,656524.0323323699,6048643.557547144,658770.4126087399,6050888.937680929,32506,0.6478396045918368,17670,True,True,True,data\raw\SummerSchool_Subset\images\2025-05-21\layers\2025-05-21_B04.tif,data\raw\SummerSchool_Subset\images\2025-05-21\layers\2025-05-21_B03.tif,data\raw\SummerSchool_Subset\images\2025-05-21\layers\2025-05-21_B02.tif,data\raw\SummerSchool_Subset\images\2025-05-21\layers\2025-05-21_VV.tif,data\raw\SummerSchool_Subset\images\2025-05-21\layers\2025-05-21_VH.tif,data\raw\SummerSchool_Subset\masks\2025_05_21.tiff,0 1 2 3 255,30510,0.9385959515166432,218,0.006706454193072,1195,0.0367624438565188,583,0.017935150433766,1996,0.0614040484833569,train
2025-05-21,2025-05-21_r2016_c0448,9,2,2016,448,224,224,658770.4126087399,6048643.557547144,661016.7928851099,6050888.937680929,45696,0.9107142857142856,4480,True,True,True,data\raw\SummerSchool_Subset\images\2025-05-21\layers\2025-05-21_B04.tif,data\raw\SummerSchool_Subset\images\2025-05-21\layers\2025-05-21_B03.tif,data\raw\SummerSchool_Subset\images\2025-05-21\layers\2025-05-21_B02.tif,data\raw\SummerSchool_Subset\images\2025-05-21\layers\2025-05-21_VV.tif,data\raw\SummerSchool_Subset\images\2025-05-21\layers\2025-05-21_VH.tif,data\raw\SummerSchool_Subset\masks\2025_05_21.tiff,0 1 255,45553,0.9968706232492998,143,0.0031293767507002,0,0.0,0,0.0,143,0.0031293767507002,train
2025-05-21,2025-05-21_r2016_c0672,9,3,2016,672,224,224,661016.7928851099,6048643.557547144,663263.1731614799,6050888.937680929,44921,0.8952686543367347,5255,True,True,True,data\raw\SummerSchool_Subset\images\2025-05-21\layers\2025-05-21_B04.tif,data\raw\SummerSchool_Subset\images\2025-05-21\layers\2025-05-21_B03.tif,data\raw\SummerSchool_Subset\images\2025-05-21\layers\2025-05-21_B02.tif,data\raw\SummerSchool_Subset\images\2025-05-21\layers\2025-05-21_VV.tif,data\raw\SummerSchool_Subset\images\2025-05-21\layers\2025-05-21_VH.tif,data\raw\SummerSchool_Subset\masks\2025_05_21.tiff,0 2 255,44860,0.998642060506222,0,0.0,61,0.0013579394937779,0,0.0,61,0.0013579394937779,train
2025-05-21,2025-05-21_r2016_c0896,9,4,2016,896,224,224,663263.1731614799,6048643.557547144,665509.5534378499,6050888.937680929,43220,0.8613679846938775,6956,True,True,True,data\raw\SummerSchool_Subset\images\2025-05-21\layers\2025-05-21_B04.tif,data\raw\SummerSchool_Subset\images\2025-05-21\layers\2025-05-21_B03.tif,data\raw\SummerSchool_Subset\images\2025-05-21\layers\2025-05-21_B02.tif,data\raw\SummerSchool_Subset\images\2025-05-21\layers\2025-05-21_VV.tif,data\raw\SummerSchool_Subset\images\2025-05-21\layers\2025-05-21_VH.tif,data\raw\SummerSchool_Subset\masks\2025_05_21.tiff,0 2 255,43166,0.9987505784359092,0,0.0,54,0.0012494215640906,0,0.0,54,0.0012494215640906,train
2025-05-21,2025-05-21_r2016_c1120,9,5,2016,1120,224,224,665509.5534378499,6048643.557547144,667755.9337142198,6050888.937680929,41431,0.8257134885204082,8745,True,True,True,data\raw\SummerSchool_Subset\images\2025-05-21\layers\2025-05-21_B04.tif,data\raw\SummerSchool_Subset\images\2025-05-21\layers\2025-05-21_B03.tif,data\raw\SummerSchool_Subset\images\2025-05-21\layers\2025-05-21_B02.tif,data\raw\SummerSchool_Subset\images\2025-05-21\layers\2025-05-21_VV.tif,data\raw\SummerSchool_Subset\images\2025-05-21\layers\2025-05-21_VH.tif,data\raw\SummerSchool_Subset\masks\2025_05_21.tiff,0 1 2 255,41303,0.9969105259346864,3,7.240954840578311e-05,125,0.0030170645169076,0,0.0,128,0.0030894740653134,train
2025-05-21,2025-05-21_r2016_c1344,9,6,2016,1344,224,224,667755.9337142198,6048643.557547144,670002.3139905898,6050888.937680929,43401,0.8649752869897959,6775,True,True,True,data\raw\SummerSchool_Subset\images\2025-05-21\layers\2025-05-21_B04.tif,data\raw\SummerSchool_Subset\images\2025-05-21\layers\2025-05-21_B03.tif,data\raw\SummerSchool_Subset\images\2025-05-21\layers\2025-05-21_B02.tif,data\raw\SummerSchool_Subset\images\2025-05-21\layers\2025-05-21_VV.tif,data\raw\SummerSchool_Subset\images\2025-05-21\layers\2025-05-21_VH.tif,data\raw\SummerSchool_Subset\masks\2025_05_21.tiff,0 2 255,43171,0.994700582935877,0,0.0,230,0.0052994170641229,0,0.0,230,0.0052994170641229,train
2025-05-21,2025-05-21_r2016_c1568,9,7,2016,1568,224,224,670002.3139905898,6048643.557547144,672248.6942669598,6050888.937680929,43834,0.8736049107142857,6342,True,True,True,data\raw\SummerSchool_Subset\images\2025-05-21\layers\2025-05-21_B04.tif,data\raw\SummerSchool_Subset\images\2025-05-21\layers\2025-05-21_B03.tif,data\raw\SummerSchool_Subset\images\2025-05-21\layers\2025-05-21_B02.tif,data\raw\SummerSchool_Subset\images\2025-05-21\layers\2025-05-21_VV.tif,data\raw\SummerSchool_Subset\images\2025-05-21\layers\2025-05-21_VH.tif,data\raw\SummerSchool_Subset\masks\2025_05_21.tiff,0 2 255,43633,0.9954145184103664,0,0.0,201,0.0045854815896336,0,0.0,201,0.0045854815896336,train
2025-05-21,2025-05-21_r2016_c1792,9,8,2016,1792,224,224,672248.6942669598,6048643.557547144,674495.0745433298,6050888.937680929,28991,0.5777861926020408,21185,True,True,True,data\raw\SummerSchool_Subset\images\2025-05-21\layers\2025-05-21_B04.tif,data\raw\SummerSchool_Subset\images\2025-05-21\layers\2025-05-21_B03.tif,data\raw\SummerSchool_Subset\images\2025-05-21\layers\2025-05-21_B02.tif,data\raw\SummerSchool_Subset\images\2025-05-21\layers\2025-05-21_VV.tif,data\raw\SummerSchool_Subset\images\2025-05-21\layers\2025-05-21_VH.tif,data\raw\SummerSchool_Subset\masks\2025_05_21.tiff,0 1 2 3 255,27899,0.9623331378703736,33,0.001138284295126,692,0.0238694767341588,367,0.0126591011003414,1092,0.0376668621296264,train
2025-05-21,2025-05-21_r2240_c0000,10,0,2240,0,224,224,654277.652056,6046398.177413358,656524.0323323699,6048643.557547144,25166,0.5015545280612245,25010,True,True,True,data\raw\SummerSchool_Subset\images\2025-05-21\layers\2025-05-21_B04.tif,data\raw\SummerSchool_Subset\images\2025-05-21\layers\2025-05-21_B03.tif,data\raw\SummerSchool_Subset\images\2025-05-21\layers\2025-05-21_B02.tif,data\raw\SummerSchool_Subset\images\2025-05-21\layers\2025-05-21_VV.tif,data\raw\SummerSchool_Subset\images\2025-05-21\layers\2025-05-21_VH.tif,data\raw\SummerSchool_Subset\masks\2025_05_21.tiff,0 1 2 3 255,22010,0.8745927044425018,1640,0.0651672891997139,993,0.0394579988873877,523,0.0207820074703965,3156,0.1254072955574982,train
2025-05-21,2025-05-21_r2240_c0224,10,1,2240,224,224,224,656524.0323323699,6046398.177413358,658770.4126087399,6048643.557547144,47159,0.9398716517857144,3017,True,True,True,data\raw\SummerSchool_Subset\images\2025-05-21\layers\2025-05-21_B04.tif,data\raw\SummerSchool_Subset\images\2025-05-21\layers\2025-05-21_B03.tif,data\raw\SummerSchool_Subset\images\2025-05-21\layers\2025-05-21_B02.tif,data\raw\SummerSchool_Subset\images\2025-05-21\layers\2025-05-21_VV.tif,data\raw\SummerSchool_Subset\images\2025-05-21\layers\2025-05-21_VH.tif,data\raw\SummerSchool_Subset\masks\2025_05_21.tiff,0 2 3 255,47027,0.9972009584596788,0,0.0,83,0.0017600033927776,49,0.0010390381475434,132,0.002799041540321,train
2025-05-21,2025-05-21_r2240_c0448,10,2,2240,448,224,224,658770.4126087399,6046398.177413358,661016.7928851099,6048643.557547144,45872,0.9142219387755102,4304,True,True,True,data\raw\SummerSchool_Subset\images\2025-05-21\layers\2025-05-21_B04.tif,data\raw\SummerSchool_Subset\images\2025-05-21\layers\2025-05-21_B03.tif,data\raw\SummerSchool_Subset\images\2025-05-21\layers\2025-05-21_B02.tif,data\raw\SummerSchool_Subset\images\2025-05-21\layers\2025-05-21_VV.tif,data\raw\SummerSchool_Subset\images\2025-05-21\layers\2025-05-21_VH.tif,data\raw\SummerSchool_Subset\masks\2025_05_21.tiff,0 2 255,45870,0.999956400418556,0,0.0,2,4.359958144401814e-05,0,0.0,2,4.359958144401814e-05,train
2025-05-21,2025-05-21_r2240_c0672,10,3,2240,672,224,224,661016.7928851099,6046398.177413358,663263.1731614799,6048643.557547144,44058,0.8780691964285714,6118,True,True,True,data\raw\SummerSchool_Subset\images\2025-05-21\layers\2025-05-21_B04.tif,data\raw\SummerSchool_Subset\images\2025-05-21\layers\2025-05-21_B03.tif,data\raw\SummerSchool_Subset\images\2025-05-21\layers\2025-05-21_B02.tif,data\raw\SummerSchool_Subset\images\2025-05-21\layers\2025-05-21_VV.tif,data\raw\SummerSchool_Subset\images\2025-05-21\layers\2025-05-21_VH.tif,data\raw\SummerSchool_Subset\masks\2025_05_21.tiff,0 2,44022,0.999182895274411,0,0.0,36,0.0008171047255889,0,0.0,36,0.0008171047255889,train
2025-05-21,2025-05-21_r2240_c0896,10,4,2240,896,224,224,663263.1731614799,6046398.177413358,665509.5534378499,6048643.557547144,42591,0.8488321109693877,7585,True,True,True,data\raw\SummerSchool_Subset\images\2025-05-21\layers\2025-05-21_B04.tif,data\raw\SummerSchool_Subset\images\2025-05-21\layers\2025-05-21_B03.tif,data\raw\SummerSchool_Subset\images\2025-05-21\layers\2025-05-21_B02.tif,data\raw\SummerSchool_Subset\images\2025-05-21\layers\2025-05-21_VV.tif,data\raw\SummerSchool_Subset\images\2025-05-21\layers\2025-05-21_VH.tif,data\raw\SummerSchool_Subset\masks\2025_05_21.tiff,0 2 255,42518,0.9982860228686812,0,0.0,73,0.0017139771313188,0,0.0,73,0.0017139771313188,train
2025-05-21,2025-05-21_r2240_c1120,10,5,2240,1120,224,224,665509.5534378499,6046398.177413358,667755.9337142198,6048643.557547144,42104,0.8391262755102041,8072,True,True,True,data\raw\SummerSchool_Subset\images\2025-05-21\layers\2025-05-21_B04.tif,data\raw\SummerSchool_Subset\images\2025-05-21\layers\2025-05-21_B03.tif,data\raw\SummerSchool_Subset\images\2025-05-21\layers\2025-05-21_B02.tif,data\raw\SummerSchool_Subset\images\2025-05-21\layers\2025-05-21_VV.tif,data\raw\SummerSchool_Subset\images\2025-05-21\layers\2025-05-21_VH.tif,data\raw\SummerSchool_Subset\masks\2025_05_21.tiff,0 2 255,41982,0.9971024130723922,0,0.0,122,0.0028975869276078,0,0.0,122,0.0028975869276078,train
2025-05-21,2025-05-21_r2240_c1344,10,6,2240,1344,224,224,667755.9337142198,6046398.177413358,670002.3139905898,6048643.557547144,43850,0.8739237882653061,6326,True,True,True,data\raw\SummerSchool_Subset\images\2025-05-21\layers\2025-05-21_B04.tif,data\raw\SummerSchool_Subset\images\2025-05-21\layers\2025-05-21_B03.tif,data\raw\SummerSchool_Subset\images\2025-05-21\layers\2025-05-21_B02.tif,data\raw\SummerSchool_Subset\images\2025-05-21\layers\2025-05-21_VV.tif,data\raw\SummerSchool_Subset\images\2025-05-21\layers\2025-05-21_VH.tif,data\raw\SummerSchool_Subset\masks\2025_05_21.tiff,0 2 255,43605,0.994412770809578,0,0.0,245,0.0055872291904218,0,0.0,245,0.0055872291904218,train
2025-05-21,2025-05-21_r2240_c1568,10,7,2240,1568,224,224,670002.3139905898,6046398.177413358,672248.6942669598,6048643.557547144,42574,0.8484933035714286,7602,True,True,True,data\raw\SummerSchool_Subset\images\2025-05-21\layers\2025-05-21_B04.tif,data\raw\SummerSchool_Subset\images\2025-05-21\layers\2025-05-21_B03.tif,data\raw\SummerSchool_Subset\images\2025-05-21\layers\2025-05-21_B02.tif,data\raw\SummerSchool_Subset\images\2025-05-21\layers\2025-05-21_VV.tif,data\raw\SummerSchool_Subset\images\2025-05-21\layers\2025-05-21_VH.tif,data\raw\SummerSchool_Subset\masks\2025_05_21.tiff,0 1 2 3 255,42043,0.987527599004087,44,0.0010334946211302,322,0.0075633015455442,165,0.0038756048292385,531,0.0124724009959129,train
2025-05-21,2025-05-21_r2464_c0000,11,0,2464,0,224,224,654277.652056,6044152.797279572,656524.0323323699,6046398.177413358,23426,0.4668765943877551,26750,True,True,True,data\raw\SummerSchool_Subset\images\2025-05-21\layers\2025-05-21_B04.tif,data\raw\SummerSchool_Subset\images\2025-05-21\layers\2025-05-21_B03.tif,data\raw\SummerSchool_Subset\images\2025-05-21\layers\2025-05-21_B02.tif,data\raw\SummerSchool_Subset\images\2025-05-21\layers\2025-05-21_VV.tif,data\raw\SummerSchool_Subset\images\2025-05-21\layers\2025-05-21_VH.tif,data\raw\SummerSchool_Subset\masks\2025_05_21.tiff,0 1 2 3 255,18945,0.8087168103816272,1456,0.0621531631520532,2640,0.1126952958251515,385,0.0164347306411679,4481,0.1912831896183727,train
2025-05-21,2025-05-21_r2464_c0224,11,1,2464,224,224,224,656524.0323323699,6044152.797279572,658770.4126087399,6046398.177413358,47028,0.9372608418367347,3148,True,True,True,data\raw\SummerSchool_Subset\images\2025-05-21\layers\2025-05-21_B04.tif,data\raw\SummerSchool_Subset\images\2025-05-21\layers\2025-05-21_B03.tif,data\raw\SummerSchool_Subset\images\2025-05-21\layers\2025-05-21_B02.tif,data\raw\SummerSchool_Subset\images\2025-05-21\layers\2025-05-21_VV.tif,data\raw\SummerSchool_Subset\images\2025-05-21\layers\2025-05-21_VH.tif,data\raw\SummerSchool_Subset\masks\2025_05_21.tiff,0 1 2 3 255,45847,0.9748873011822744,258,0.0054860933911712,818,0.0173938929999149,105,0.0022327124266394,1181,0.0251126988177256,train
2025-05-21,2025-05-21_r2464_c0448,11,2,2464,448,224,224,658770.4126087399,6044152.797279572,661016.7928851099,6046398.177413358,46273,0.9222138073979592,3903,True,True,True,data\raw\SummerSchool_Subset\images\2025-05-21\layers\2025-05-21_B04.tif,data\raw\SummerSchool_Subset\images\2025-05-21\layers\2025-05-21_B03.tif,data\raw\SummerSchool_Subset\images\2025-05-21\layers\2025-05-21_B02.tif,data\raw\SummerSchool_Subset\images\2025-05-21\layers\2025-05-21_VV.tif,data\raw\SummerSchool_Subset\images\2025-05-21\layers\2025-05-21_VH.tif,data\raw\SummerSchool_Subset\masks\2025_05_21.tiff,0 1 2 3 255,46035,0.9948566118470814,5,0.0001080543729604,213,0.0046031162881161,20,0.0004322174918418,238,0.0051433881529185,train
2025-05-21,2025-05-21_r2464_c0672,11,3,2464,672,224,224,661016.7928851099,6044152.797279572,663263.1731614799,6046398.177413358,44534,0.8875558035714286,5642,True,True,True,data\raw\SummerSchool_Subset\images\2025-05-21\layers\2025-05-21_B04.tif,data\raw\SummerSchool_Subset\images\2025-05-21\layers\2025-05-21_B03.tif,data\raw\SummerSchool_Subset\images\2025-05-21\layers\2025-05-21_B02.tif,data\raw\SummerSchool_Subset\images\2025-05-21\layers\2025-05-21_VV.tif,data\raw\SummerSchool_Subset\images\2025-05-21\layers\2025-05-21_VH.tif,data\raw\SummerSchool_Subset\masks\2025_05_21.tiff,0 1 2 3 255,43727,0.9818790137872188,72,0.0016167422643373,508,0.0114070148650469,227,0.0050972290833969,807,0.0181209862127812,train
2025-05-21,2025-05-21_r2464_c0896,11,4,2464,896,224,224,663263.1731614799,6044152.797279572,665509.5534378499,6046398.177413358,43262,0.8622050382653061,6914,True,True,True,data\raw\SummerSchool_Subset\images\2025-05-21\layers\2025-05-21_B04.tif,data\raw\SummerSchool_Subset\images\2025-05-21\layers\2025-05-21_B03.tif,data\raw\SummerSchool_Subset\images\2025-05-21\layers\2025-05-21_B02.tif,data\raw\SummerSchool_Subset\images\2025-05-21\layers\2025-05-21_VV.tif,data\raw\SummerSchool_Subset\images\2025-05-21\layers\2025-05-21_VH.tif,data\raw\SummerSchool_Subset\masks\2025_05_21.tiff,0 1 2 3 255,42906,0.9917710692986916,51,0.001178863667884,210,0.0048541445148166,95,0.0021959225186075,356,0.0082289307013083,train
2025-05-21,2025-05-21_r2464_c1120,11,5,2464,1120,224,224,665509.5534378499,6044152.797279572,667755.9337142198,6046398.177413358,42646,0.8499282525510204,7530,True,True,True,data\raw\SummerSchool_Subset\images\2025-05-21\layers\2025-05-21_B04.tif,data\raw\SummerSchool_Subset\images\2025-05-21\layers\2025-05-21_B03.tif,data\raw\SummerSchool_Subset\images\2025-05-21\layers\2025-05-21_B02.tif,data\raw\SummerSchool_Subset\images\2025-05-21\layers\2025-05-21_VV.tif,data\raw\SummerSchool_Subset\images\2025-05-21\layers\2025-05-21_VH.tif,data\raw\SummerSchool_Subset\masks\2025_05_21.tiff,0 2 255,42564,0.9980771936406696,0,0.0,82,0.0019228063593303,0,0.0,82,0.0019228063593303,train
2025-05-21,2025-05-21_r2464_c1344,11,6,2464,1344,224,224,667755.9337142198,6044152.797279572,670002.3139905898,6046398.177413358,44195,0.8807995854591837,5981,True,True,True,data\raw\SummerSchool_Subset\images\2025-05-21\layers\2025-05-21_B04.tif,data\raw\SummerSchool_Subset\images\2025-05-21\layers\2025-05-21_B03.tif,data\raw\SummerSchool_Subset\images\2025-05-21\layers\2025-05-21_B02.tif,data\raw\SummerSchool_Subset\images\2025-05-21\layers\2025-05-21_VV.tif,data\raw\SummerSchool_Subset\images\2025-05-21\layers\2025-05-21_VH.tif,data\raw\SummerSchool_Subset\masks\2025_05_21.tiff,0 2 255,44043,0.9965606969114154,0,0.0,152,0.0034393030885846,0,0.0,152,0.0034393030885846,train
2025-05-21,2025-05-21_r2464_c1568,11,7,2464,1568,224,224,670002.3139905898,6044152.797279572,672248.6942669598,6046398.177413358,32200,0.6417410714285714,17976,True,True,True,data\raw\SummerSchool_Subset\images\2025-05-21\layers\2025-05-21_B04.tif,data\raw\SummerSchool_Subset\images\2025-05-21\layers\2025-05-21_B03.tif,data\raw\SummerSchool_Subset\images\2025-05-21\layers\2025-05-21_B02.tif,data\raw\SummerSchool_Subset\images\2025-05-21\layers\2025-05-21_VV.tif,data\raw\SummerSchool_Subset\images\2025-05-21\layers\2025-05-21_VH.tif,data\raw\SummerSchool_Subset\masks\2025_05_21.tiff,0 1 2 3 255,30477,0.9464906832298136,265,0.0082298136645962,1009,0.031335403726708,449,0.0139440993788819,1723,0.0535093167701863,train
2025-05-21,2025-05-21_r2688_c0224,12,1,2688,224,224,224,656524.0323323699,6041907.417145787,658770.4126087399,6044152.797279572,16253,0.3239198022959184,33923,True,True,True,data\raw\SummerSchool_Subset\images\2025-05-21\layers\2025-05-21_B04.tif,data\raw\SummerSchool_Subset\images\2025-05-21\layers\2025-05-21_B03.tif,data\raw\SummerSchool_Subset\images\2025-05-21\layers\2025-05-21_B02.tif,data\raw\SummerSchool_Subset\images\2025-05-21\layers\2025-05-21_VV.tif,data\raw\SummerSchool_Subset\images\2025-05-21\layers\2025-05-21_VH.tif,data\raw\SummerSchool_Subset\masks\2025_05_21.tiff,0 1 2 3 255,12917,0.7947455854303821,756,0.0465144896326832,1449,0.0891527717959761,1131,0.0695871531409585,3336,0.2052544145696179,train
2025-05-21,2025-05-21_r2688_c0448,12,2,2688,448,224,224,658770.4126087399,6041907.417145787,661016.7928851099,6044152.797279572,28174,0.5615035076530612,22002,True,True,True,data\raw\SummerSchool_Subset\images\2025-05-21\layers\2025-05-21_B04.tif,data\raw\SummerSchool_Subset\images\2025-05-21\layers\2025-05-21_B03.tif,data\raw\SummerSchool_Subset\images\2025-05-21\layers\2025-05-21_B02.tif,data\raw\SummerSchool_Subset\images\2025-05-21\layers\2025-05-21_VV.tif,data\raw\SummerSchool_Subset\images\2025-05-21\layers\2025-05-21_VH.tif,data\raw\SummerSchool_Subset\masks\2025_05_21.tiff,0 1 2 3 255,24523,0.8704124369986512,1163,0.0412791935827358,2038,0.0723361964932207,450,0.0159721729253922,3651,0.1295875630013487,train
2025-05-21,2025-05-21_r2688_c0896,12,4,2688,896,224,224,663263.1731614799,6041907.417145787,665509.5534378499,6044152.797279572,13860,0.2762276785714285,36316,True,True,True,data\raw\SummerSchool_Subset\images\2025-05-21\layers\2025-05-21_B04.tif,data\raw\SummerSchool_Subset\images\2025-05-21\layers\2025-05-21_B03.tif,data\raw\SummerSchool_Subset\images\2025-05-21\layers\2025-05-21_B02.tif,data\raw\SummerSchool_Subset\images\2025-05-21\layers\2025-05-21_VV.tif,data\raw\SummerSchool_Subset\images\2025-05-21\layers\2025-05-21_VH.tif,data\raw\SummerSchool_Subset\masks\2025_05_21.tiff,0 1 2 3 255,11094,0.8004329004329004,1371,0.0989177489177489,900,0.0649350649350649,495,0.0357142857142857,2766,0.1995670995670995,train
2025-05-21,2025-05-21_r2688_c1120,12,5,2688,1120,224,224,665509.5534378499,6041907.417145787,667755.9337142198,6044152.797279572,20724,0.4130261479591837,29452,True,True,True,data\raw\SummerSchool_Subset\images\2025-05-21\layers\2025-05-21_B04.tif,data\raw\SummerSchool_Subset\images\2025-05-21\layers\2025-05-21_B03.tif,data\raw\SummerSchool_Subset\images\2025-05-21\layers\2025-05-21_B02.tif,data\raw\SummerSchool_Subset\images\2025-05-21\layers\2025-05-21_VV.tif,data\raw\SummerSchool_Subset\images\2025-05-21\layers\2025-05-21_VH.tif,data\raw\SummerSchool_Subset\masks\2025_05_21.tiff,0 1 2 3 255,18885,0.9112623045744064,931,0.0449237598919127,528,0.0254777070063694,380,0.0183362285273113,1839,0.0887376954255935,train
2025-05-21,2025-05-21_r2688_c1344,12,6,2688,1344,224,224,667755.9337142198,6041907.417145787,670002.3139905898,6044152.797279572,44690,0.8906648596938775,5486,True,True,True,data\raw\SummerSchool_Subset\images\2025-05-21\layers\2025-05-21_B04.tif,data\raw\SummerSchool_Subset\images\2025-05-21\layers\2025-05-21_B03.tif,data\raw\SummerSchool_Subset\images\2025-05-21\layers\2025-05-21_B02.tif,data\raw\SummerSchool_Subset\images\2025-05-21\layers\2025-05-21_VV.tif,data\raw\SummerSchool_Subset\images\2025-05-21\layers\2025-05-21_VH.tif,data\raw\SummerSchool_Subset\masks\2025_05_21.tiff,0 1 2 3 255,43913,0.9826135600805548,17,0.0003803982993958,555,0.0124188856567464,205,0.0045871559633027,777,0.017386439919445,train
2025-05-21,2025-05-21_r2688_c1568,12,7,2688,1568,224,224,670002.3139905898,6041907.417145787,672248.6942669598,6044152.797279572,34096,0.6795280612244898,16080,True,True,True,data\raw\SummerSchool_Subset\images\2025-05-21\layers\2025-05-21_B04.tif,data\raw\SummerSchool_Subset\images\2025-05-21\layers\2025-05-21_B03.tif,data\raw\SummerSchool_Subset\images\2025-05-21\layers\2025-05-21_B02.tif,data\raw\SummerSchool_Subset\images\2025-05-21\layers\2025-05-21_VV.tif,data\raw\SummerSchool_Subset\images\2025-05-21\layers\2025-05-21_VH.tif,data\raw\SummerSchool_Subset\masks\2025_05_21.tiff,0 1 2 3 255,31740,0.9309009854528392,130,0.0038127639605818,1436,0.0421163772876583,790,0.0231698732989206,2356,0.0690990145471609,train
2025-05-21,2025-05-21_r2912_c1344,13,6,2912,1344,224,224,667755.9337142198,6039662.037012001,670002.3139905898,6041907.417145787,11289,0.2249880420918367,38887,True,True,True,data\raw\SummerSchool_Subset\images\2025-05-21\layers\2025-05-21_B04.tif,data\raw\SummerSchool_Subset\images\2025-05-21\layers\2025-05-21_B03.tif,data\raw\SummerSchool_Subset\images\2025-05-21\layers\2025-05-21_B02.tif,data\raw\SummerSchool_Subset\images\2025-05-21\layers\2025-05-21_VV.tif,data\raw\SummerSchool_Subset\images\2025-05-21\layers\2025-05-21_VH.tif,data\raw\SummerSchool_Subset\masks\2025_05_21.tiff,0 1 2 3 255,8752,0.775267959961024,89,0.00788378067145,1962,0.1737975019930906,486,0.0430507573744352,2537,0.2247320400389759,train
2025-06-20,2025-06-20_r0000_c0672,0,3,0,672,224,224,661016.7928851099,6068851.978751215,663263.1731614799,6071097.358885,20941,0.4173509247448979,29235,True,True,True,data\raw\SummerSchool_Subset\images\2025-06-20\layers\2025-06-20_B04.tif,data\raw\SummerSchool_Subset\images\2025-06-20\layers\2025-06-20_B03.tif,data\raw\SummerSchool_Subset\images\2025-06-20\layers\2025-06-20_B02.tif,data\raw\SummerSchool_Subset\images\2025-06-20\layers\2025-06-20_VV.tif,data\raw\SummerSchool_Subset\images\2025-06-20\layers\2025-06-20_VH.tif,data\raw\SummerSchool_Subset\masks\2025_06_20.tiff,0 1 2 3 255,13544,0.6467694952485554,5558,0.2654123489804689,847,0.0404469700587364,992,0.0473711857122391,7397,0.3532305047514445,validation
2025-06-20,2025-06-20_r0224_c0448,1,2,224,448,224,224,658770.4126087399,6066606.598617429,661016.7928851099,6068851.978751215,17683,0.3524194834183674,32493,True,True,True,data\raw\SummerSchool_Subset\images\2025-06-20\layers\2025-06-20_B04.tif,data\raw\SummerSchool_Subset\images\2025-06-20\layers\2025-06-20_B03.tif,data\raw\SummerSchool_Subset\images\2025-06-20\layers\2025-06-20_B02.tif,data\raw\SummerSchool_Subset\images\2025-06-20\layers\2025-06-20_VV.tif,data\raw\SummerSchool_Subset\images\2025-06-20\layers\2025-06-20_VH.tif,data\raw\SummerSchool_Subset\masks\2025_06_20.tiff,0 1 2 3 255,13861,0.7838602047163943,1548,0.0875417067239721,1463,0.0827348300627721,811,0.0458632584968613,3822,0.2161397952836057,validation
2025-06-20,2025-06-20_r0224_c0672,1,3,224,672,224,224,661016.7928851099,6066606.598617429,663263.1731614799,6068851.978751215,35418,0.7058753188775511,14758,True,True,True,data\raw\SummerSchool_Subset\images\2025-06-20\layers\2025-06-20_B04.tif,data\raw\SummerSchool_Subset\images\2025-06-20\layers\2025-06-20_B03.tif,data\raw\SummerSchool_Subset\images\2025-06-20\layers\2025-06-20_B02.tif,data\raw\SummerSchool_Subset\images\2025-06-20\layers\2025-06-20_VV.tif,data\raw\SummerSchool_Subset\images\2025-06-20\layers\2025-06-20_VH.tif,data\raw\SummerSchool_Subset\masks\2025_06_20.tiff,0 1 2 3 255,29930,0.8450505392738156,3234,0.0913095036422158,1551,0.0437912925631035,703,0.019848664520865,5488,0.1549494607261844,validation
2025-06-20,2025-06-20_r0224_c2016,1,9,224,2016,224,224,674495.0745433298,6066606.598617429,676741.4548196997,6068851.978751215,13913,0.2772839604591837,36263,True,True,True,data\raw\SummerSchool_Subset\images\2025-06-20\layers\2025-06-20_B04.tif,data\raw\SummerSchool_Subset\images\2025-06-20\layers\2025-06-20_B03.tif,data\raw\SummerSchool_Subset\images\2025-06-20\layers\2025-06-20_B02.tif,data\raw\SummerSchool_Subset\images\2025-06-20\layers\2025-06-20_VV.tif,data\raw\SummerSchool_Subset\images\2025-06-20\layers\2025-06-20_VH.tif,data\raw\SummerSchool_Subset\masks\2025_06_20.tiff,0 1 2 3 255,10855,0.7802055631423849,2636,0.1894630920721627,33,0.0023718824121325,389,0.0279594623733199,3058,0.2197944368576151,validation
2025-06-20,2025-06-20_r0448_c0448,2,2,448,448,224,224,658770.4126087399,6064361.218483644,661016.7928851099,6066606.598617429,24887,0.4959941007653061,25289,True,True,True,data\raw\SummerSchool_Subset\images\2025-06-20\layers\2025-06-20_B04.tif,data\raw\SummerSchool_Subset\images\2025-06-20\layers\2025-06-20_B03.tif,data\raw\SummerSchool_Subset\images\2025-06-20\layers\2025-06-20_B02.tif,data\raw\SummerSchool_Subset\images\2025-06-20\layers\2025-06-20_VV.tif,data\raw\SummerSchool_Subset\images\2025-06-20\layers\2025-06-20_VH.tif,data\raw\SummerSchool_Subset\masks\2025_06_20.tiff,0 1 2 3 255,18091,0.7269257041829067,4803,0.192992325310403,1244,0.0499859364326756,749,0.0300960340740145,6796,0.2730742958170932,validation
2025-06-20,2025-06-20_r0448_c0672,2,3,448,672,224,224,661016.7928851099,6064361.218483644,663263.1731614799,6066606.598617429,27635,0.5507613201530612,22541,True,True,True,data\raw\SummerSchool_Subset\images\2025-06-20\layers\2025-06-20_B04.tif,data\raw\SummerSchool_Subset\images\2025-06-20\layers\2025-06-20_B03.tif,data\raw\SummerSchool_Subset\images\2025-06-20\layers\2025-06-20_B02.tif,data\raw\SummerSchool_Subset\images\2025-06-20\layers\2025-06-20_VV.tif,data\raw\SummerSchool_Subset\images\2025-06-20\layers\2025-06-20_VH.tif,data\raw\SummerSchool_Subset\masks\2025_06_20.tiff,0 1 2 3 255,22858,0.8271394970146553,3626,0.1312104215668536,736,0.0266328930703817,415,0.0150171883481092,4777,0.1728605029853446,validation
2025-06-20,2025-06-20_r0448_c0896,2,4,448,896,224,224,663263.1731614799,6064361.218483644,665509.5534378499,6066606.598617429,18820,0.3750797193877551,31356,True,True,True,data\raw\SummerSchool_Subset\images\2025-06-20\layers\2025-06-20_B04.tif,data\raw\SummerSchool_Subset\images\2025-06-20\layers\2025-06-20_B03.tif,data\raw\SummerSchool_Subset\images\2025-06-20\layers\2025-06-20_B02.tif,data\raw\SummerSchool_Subset\images\2025-06-20\layers\2025-06-20_VV.tif,data\raw\SummerSchool_Subset\images\2025-06-20\layers\2025-06-20_VH.tif,data\raw\SummerSchool_Subset\masks\2025_06_20.tiff,0 1 2 3 255,13949,0.7411795961742826,851,0.0452178533475026,2807,0.1491498405951115,1213,0.064452709883103,4871,0.2588204038257173,validation
2025-06-20,2025-06-20_r0448_c1120,2,5,448,1120,224,224,665509.5534378499,6064361.218483644,667755.9337142198,6066606.598617429,10373,0.2067323022959183,39803,True,True,True,data\raw\SummerSchool_Subset\images\2025-06-20\layers\2025-06-20_B04.tif,data\raw\SummerSchool_Subset\images\2025-06-20\layers\2025-06-20_B03.tif,data\raw\SummerSchool_Subset\images\2025-06-20\layers\2025-06-20_B02.tif,data\raw\SummerSchool_Subset\images\2025-06-20\layers\2025-06-20_VV.tif,data\raw\SummerSchool_Subset\images\2025-06-20\layers\2025-06-20_VH.tif,data\raw\SummerSchool_Subset\masks\2025_06_20.tiff,0 1 2 3 255,4530,0.4367106912175841,1983,0.1911693820495517,2401,0.2314663067579292,1459,0.1406536199749349,5843,0.5632893087824159,validation
2025-06-20,2025-06-20_r0448_c1568,2,7,448,1568,224,224,670002.3139905898,6064361.218483644,672248.6942669598,6066606.598617429,25318,0.5045838647959183,24858,True,True,True,data\raw\SummerSchool_Subset\images\2025-06-20\layers\2025-06-20_B04.tif,data\raw\SummerSchool_Subset\images\2025-06-20\layers\2025-06-20_B03.tif,data\raw\SummerSchool_Subset\images\2025-06-20\layers\2025-06-20_B02.tif,data\raw\SummerSchool_Subset\images\2025-06-20\layers\2025-06-20_VV.tif,data\raw\SummerSchool_Subset\images\2025-06-20\layers\2025-06-20_VH.tif,data\raw\SummerSchool_Subset\masks\2025_06_20.tiff,0 1 2 3 255,12465,0.4923374674144877,8280,0.327040050556916,2514,0.0992969428864839,2059,0.0813255391421123,12853,0.5076625325855123,validation
2025-06-20,2025-06-20_r0448_c1792,2,8,448,1792,224,224,672248.6942669598,6064361.218483644,674495.0745433298,6066606.598617429,37869,0.7547233737244898,12307,True,True,True,data\raw\SummerSchool_Subset\images\2025-06-20\layers\2025-06-20_B04.tif,data\raw\SummerSchool_Subset\images\2025-06-20\layers\2025-06-20_B03.tif,data\raw\SummerSchool_Subset\images\2025-06-20\layers\2025-06-20_B02.tif,data\raw\SummerSchool_Subset\images\2025-06-20\layers\2025-06-20_VV.tif,data\raw\SummerSchool_Subset\images\2025-06-20\layers\2025-06-20_VH.tif,data\raw\SummerSchool_Subset\masks\2025_06_20.tiff,0 1 2 3 255,30141,0.7959280678127229,5894,0.1556418178457313,1405,0.0371015870500937,429,0.0113285272914521,7728,0.2040719321872772,validation
2025-06-20,2025-06-20_r0448_c2016,2,9,448,2016,224,224,674495.0745433298,6064361.218483644,676741.4548196997,6066606.598617429,40762,0.8123804209183674,9414,True,True,True,data\raw\SummerSchool_Subset\images\2025-06-20\layers\2025-06-20_B04.tif,data\raw\SummerSchool_Subset\images\2025-06-20\layers\2025-06-20_B03.tif,data\raw\SummerSchool_Subset\images\2025-06-20\layers\2025-06-20_B02.tif,data\raw\SummerSchool_Subset\images\2025-06-20\layers\2025-06-20_VV.tif,data\raw\SummerSchool_Subset\images\2025-06-20\layers\2025-06-20_VH.tif,data\raw\SummerSchool_Subset\masks\2025_06_20.tiff,0 1 2 3 255,13103,0.3214513517491781,21943,0.5383200039252245,4520,0.1108875913841322,1196,0.029341052941465,27659,0.6785486482508218,validation
2025-06-20,2025-06-20_r0448_c2240,2,10,448,2240,224,224,676741.4548196997,6064361.218483644,678987.8350960697,6066606.598617429,17681,0.3523796237244898,32495,True,True,True,data\raw\SummerSchool_Subset\images\2025-06-20\layers\2025-06-20_B04.tif,data\raw\SummerSchool_Subset\images\2025-06-20\layers\2025-06-20_B03.tif,data\raw\SummerSchool_Subset\images\2025-06-20\layers\2025-06-20_B02.tif,data\raw\SummerSchool_Subset\images\2025-06-20\layers\2025-06-20_VV.tif,data\raw\SummerSchool_Subset\images\2025-06-20\layers\2025-06-20_VH.tif,data\raw\SummerSchool_Subset\masks\2025_06_20.tiff,0 1 2 3 255,10989,0.6215146202137888,4941,0.2794525196538657,884,0.0499971721056501,867,0.0490356880266953,6692,0.3784853797862111,validation
2025-06-20,2025-06-20_r0672_c0448,3,2,672,448,224,224,658770.4126087399,6062115.838349857,661016.7928851099,6064361.218483644,24641,0.4910913584183674,25535,True,True,True,data\raw\SummerSchool_Subset\images\2025-06-20\layers\2025-06-20_B04.tif,data\raw\SummerSchool_Subset\images\2025-06-20\layers\2025-06-20_B03.tif,data\raw\SummerSchool_Subset\images\2025-06-20\layers\2025-06-20_B02.tif,data\raw\SummerSchool_Subset\images\2025-06-20\layers\2025-06-20_VV.tif,data\raw\SummerSchool_Subset\images\2025-06-20\layers\2025-06-20_VH.tif,data\raw\SummerSchool_Subset\masks\2025_06_20.tiff,0 1 2 3 255,23715,0.962420356316708,549,0.0222799399375025,335,0.0135952274664177,42,0.0017044762793717,926,0.037579643683292,validation
2025-06-20,2025-06-20_r0672_c0672,3,3,672,672,224,224,661016.7928851099,6062115.838349857,663263.1731614799,6064361.218483644,39449,0.7862125318877551,10727,True,True,True,data\raw\SummerSchool_Subset\images\2025-06-20\layers\2025-06-20_B04.tif,data\raw\SummerSchool_Subset\images\2025-06-20\layers\2025-06-20_B03.tif,data\raw\SummerSchool_Subset\images\2025-06-20\layers\2025-06-20_B02.tif,data\raw\SummerSchool_Subset\images\2025-06-20\layers\2025-06-20_VV.tif,data\raw\SummerSchool_Subset\images\2025-06-20\layers\2025-06-20_VH.tif,data\raw\SummerSchool_Subset\masks\2025_06_20.tiff,0 1 2 3 255,31555,0.7998935334229005,7636,0.1935663768409845,254,0.0064386929960201,4,0.0001013967400948,7894,0.2001064665770995,validation
2025-06-20,2025-06-20_r0672_c0896,3,4,672,896,224,224,663263.1731614799,6062115.838349857,665509.5534378499,6064361.218483644,39003,0.7773238201530612,11173,True,True,True,data\raw\SummerSchool_Subset\images\2025-06-20\layers\2025-06-20_B04.tif,data\raw\SummerSchool_Subset\images\2025-06-20\layers\2025-06-20_B03.tif,data\raw\SummerSchool_Subset\images\2025-06-20\layers\2025-06-20_B02.tif,data\raw\SummerSchool_Subset\images\2025-06-20\layers\2025-06-20_VV.tif,data\raw\SummerSchool_Subset\images\2025-06-20\layers\2025-06-20_VH.tif,data\raw\SummerSchool_Subset\masks\2025_06_20.tiff,0 1 2 3 255,37051,0.9499525677511986,1806,0.0463041304515037,123,0.0031536035689562,23,0.0005896982283414,1952,0.0500474322488013,validation
2025-06-20,2025-06-20_r0672_c1120,3,5,672,1120,224,224,665509.5534378499,6062115.838349857,667755.9337142198,6064361.218483644,40758,0.8123007015306123,9418,True,True,True,data\raw\SummerSchool_Subset\images\2025-06-20\layers\2025-06-20_B04.tif,data\raw\SummerSchool_Subset\images\2025-06-20\layers\2025-06-20_B03.tif,data\raw\SummerSchool_Subset\images\2025-06-20\layers\2025-06-20_B02.tif,data\raw\SummerSchool_Subset\images\2025-06-20\layers\2025-06-20_VV.tif,data\raw\SummerSchool_Subset\images\2025-06-20\layers\2025-06-20_VH.tif,data\raw\SummerSchool_Subset\masks\2025_06_20.tiff,0 1 2 3 255,17252,0.4232788654987978,15679,0.3846852151724815,6741,0.1653908435153835,1086,0.0266450758133372,23506,0.5767211345012022,validation
2025-06-20,2025-06-20_r0672_c1344,3,6,672,1344,224,224,667755.9337142198,6062115.838349857,670002.3139905898,6064361.218483644,40572,0.80859375,9604,True,True,True,data\raw\SummerSchool_Subset\images\2025-06-20\layers\2025-06-20_B04.tif,data\raw\SummerSchool_Subset\images\2025-06-20\layers\2025-06-20_B03.tif,data\raw\SummerSchool_Subset\images\2025-06-20\layers\2025-06-20_B02.tif,data\raw\SummerSchool_Subset\images\2025-06-20\layers\2025-06-20_VV.tif,data\raw\SummerSchool_Subset\images\2025-06-20\layers\2025-06-20_VH.tif,data\raw\SummerSchool_Subset\masks\2025_06_20.tiff,0 1 2 3 255,919,0.0226510894212757,25615,0.6313467415951888,11943,0.2943655723158829,2095,0.0516365966676525,39653,0.9773489105787242,validation
2025-06-20,2025-06-20_r0672_c1568,3,7,672,1568,224,224,670002.3139905898,6062115.838349857,672248.6942669598,6064361.218483644,30784,0.6135204081632653,19392,True,True,True,data\raw\SummerSchool_Subset\images\2025-06-20\layers\2025-06-20_B04.tif,data\raw\SummerSchool_Subset\images\2025-06-20\layers\2025-06-20_B03.tif,data\raw\SummerSchool_Subset\images\2025-06-20\layers\2025-06-20_B02.tif,data\raw\SummerSchool_Subset\images\2025-06-20\layers\2025-06-20_VV.tif,data\raw\SummerSchool_Subset\images\2025-06-20\layers\2025-06-20_VH.tif,data\raw\SummerSchool_Subset\masks\2025_06_20.tiff,0 1 2 3 255,6840,0.2221933471933471,13350,0.4336668399168399,8590,0.2790410602910603,2004,0.0650987525987526,23944,0.7778066528066528,validation
2025-06-20,2025-06-20_r0672_c1792,3,8,672,1792,224,224,672248.6942669598,6062115.838349857,674495.0745433298,6064361.218483644,18439,0.3674864477040816,31737,True,True,True,data\raw\SummerSchool_Subset\images\2025-06-20\layers\2025-06-20_B04.tif,data\raw\SummerSchool_Subset\images\2025-06-20\layers\2025-06-20_B03.tif,data\raw\SummerSchool_Subset\images\2025-06-20\layers\2025-06-20_B02.tif,data\raw\SummerSchool_Subset\images\2025-06-20\layers\2025-06-20_VV.tif,data\raw\SummerSchool_Subset\images\2025-06-20\layers\2025-06-20_VH.tif,data\raw\SummerSchool_Subset\masks\2025_06_20.tiff,0 1 2 3 255,5127,0.2780519550951787,7968,0.4321275557242801,3663,0.1986550246759585,1681,0.0911654645045826,13312,0.7219480449048213,validation
2025-06-20,2025-06-20_r0896_c0448,4,2,896,448,224,224,658770.4126087399,6059870.458216072,661016.7928851099,6062115.838349857,15578,0.3104671556122449,34598,True,True,True,data\raw\SummerSchool_Subset\images\2025-06-20\layers\2025-06-20_B04.tif,data\raw\SummerSchool_Subset\images\2025-06-20\layers\2025-06-20_B03.tif,data\raw\SummerSchool_Subset\images\2025-06-20\layers\2025-06-20_B02.tif,data\raw\SummerSchool_Subset\images\2025-06-20\layers\2025-06-20_VV.tif,data\raw\SummerSchool_Subset\images\2025-06-20\layers\2025-06-20_VH.tif,data\raw\SummerSchool_Subset\masks\2025_06_20.tiff,0 1 2 3 255,14036,0.9010142508666068,673,0.0432019514700218,553,0.0354987803312363,316,0.020285017332135,1542,0.0989857491333932,validation
2025-06-20,2025-06-20_r0896_c0672,4,3,896,672,224,224,661016.7928851099,6059870.458216072,663263.1731614799,6062115.838349857,36325,0.7239516900510204,13851,True,True,True,data\raw\SummerSchool_Subset\images\2025-06-20\layers\2025-06-20_B04.tif,data\raw\SummerSchool_Subset\images\2025-06-20\layers\2025-06-20_B03.tif,data\raw\SummerSchool_Subset\images\2025-06-20\layers\2025-06-20_B02.tif,data\raw\SummerSchool_Subset\images\2025-06-20\layers\2025-06-20_VV.tif,data\raw\SummerSchool_Subset\images\2025-06-20\layers\2025-06-20_VH.tif,data\raw\SummerSchool_Subset\masks\2025_06_20.tiff,0 1 2 3 255,27785,0.7649002064693737,7891,0.2172333103922918,641,0.0176462491397109,8,0.0002202339986235,8540,0.2350997935306263,validation
2025-06-20,2025-06-20_r0896_c0896,4,4,896,896,224,224,663263.1731614799,6059870.458216072,665509.5534378499,6062115.838349857,42048,0.8380102040816326,8128,True,True,True,data\raw\SummerSchool_Subset\images\2025-06-20\layers\2025-06-20_B04.tif,data\raw\SummerSchool_Subset\images\2025-06-20\layers\2025-06-20_B03.tif,data\raw\SummerSchool_Subset\images\2025-06-20\layers\2025-06-20_B02.tif,data\raw\SummerSchool_Subset\images\2025-06-20\layers\2025-06-20_VV.tif,data\raw\SummerSchool_Subset\images\2025-06-20\layers\2025-06-20_VH.tif,data\raw\SummerSchool_Subset\masks\2025_06_20.tiff,0 1 2 3 255,21860,0.5198820395738204,19238,0.4575247336377473,825,0.0196204337899543,125,0.0029727929984779,20188,0.4801179604261796,validation
2025-06-20,2025-06-20_r0896_c1120,4,5,896,1120,224,224,665509.5534378499,6059870.458216072,667755.9337142198,6062115.838349857,39888,0.7949617346938775,10288,True,True,True,data\raw\SummerSchool_Subset\images\2025-06-20\layers\2025-06-20_B04.tif,data\raw\SummerSchool_Subset\images\2025-06-20\layers\2025-06-20_B03.tif,data\raw\SummerSchool_Subset\images\2025-06-20\layers\2025-06-20_B02.tif,data\raw\SummerSchool_Subset\images\2025-06-20\layers\2025-06-20_VV.tif,data\raw\SummerSchool_Subset\images\2025-06-20\layers\2025-06-20_VH.tif,data\raw\SummerSchool_Subset\masks\2025_06_20.tiff,0 1 2 3 255,7568,0.1897312474929803,16384,0.4107501002807862,14148,0.3546931407942238,1788,0.0448255114320096,32320,0.8102687525070197,validation
2025-06-20,2025-06-20_r0896_c1344,4,6,896,1344,224,224,667755.9337142198,6059870.458216072,670002.3139905898,6062115.838349857,41470,0.8264907525510204,8706,True,True,True,data\raw\SummerSchool_Subset\images\2025-06-20\layers\2025-06-20_B04.tif,data\raw\SummerSchool_Subset\images\2025-06-20\layers\2025-06-20_B03.tif,data\raw\SummerSchool_Subset\images\2025-06-20\layers\2025-06-20_B02.tif,data\raw\SummerSchool_Subset\images\2025-06-20\layers\2025-06-20_VV.tif,data\raw\SummerSchool_Subset\images\2025-06-20\layers\2025-06-20_VH.tif,data\raw\SummerSchool_Subset\masks\2025_06_20.tiff,0 1 2 3,8396,0.202459609356161,24502,0.5908367494574391,8280,0.1996624065589582,292,0.0070412346274415,33074,0.797540390643839,validation
2025-06-20,2025-06-20_r0896_c1568,4,7,896,1568,224,224,670002.3139905898,6059870.458216072,672248.6942669598,6062115.838349857,35220,0.7019292091836735,14956,True,True,True,data\raw\SummerSchool_Subset\images\2025-06-20\layers\2025-06-20_B04.tif,data\raw\SummerSchool_Subset\images\2025-06-20\layers\2025-06-20_B03.tif,data\raw\SummerSchool_Subset\images\2025-06-20\layers\2025-06-20_B02.tif,data\raw\SummerSchool_Subset\images\2025-06-20\layers\2025-06-20_VV.tif,data\raw\SummerSchool_Subset\images\2025-06-20\layers\2025-06-20_VH.tif,data\raw\SummerSchool_Subset\masks\2025_06_20.tiff,0 1 2 3 255,7828,0.2222600795002839,17646,0.5010221465076661,9354,0.265587734241908,392,0.0111300397501419,27392,0.7777399204997161,validation
2025-06-20,2025-06-20_r1120_c0672,5,3,1120,672,224,224,661016.7928851099,6057625.078082287,663263.1731614799,6059870.458216072,19653,0.3916812818877551,30523,True,True,True,data\raw\SummerSchool_Subset\images\2025-06-20\layers\2025-06-20_B04.tif,data\raw\SummerSchool_Subset\images\2025-06-20\layers\2025-06-20_B03.tif,data\raw\SummerSchool_Subset\images\2025-06-20\layers\2025-06-20_B02.tif,data\raw\SummerSchool_Subset\images\2025-06-20\layers\2025-06-20_VV.tif,data\raw\SummerSchool_Subset\images\2025-06-20\layers\2025-06-20_VH.tif,data\raw\SummerSchool_Subset\masks\2025_06_20.tiff,0 1 2 3 255,18189,0.9255075560983056,1058,0.0538340202513611,216,0.0109906884445122,190,0.0096677352058209,1464,0.0744924439016943,validation
2025-06-20,2025-06-20_r1120_c0896,5,4,1120,896,224,224,663263.1731614799,6057625.078082287,665509.5534378499,6059870.458216072,42163,0.8403021364795918,8013,True,True,True,data\raw\SummerSchool_Subset\images\2025-06-20\layers\2025-06-20_B04.tif,data\raw\SummerSchool_Subset\images\2025-06-20\layers\2025-06-20_B03.tif,data\raw\SummerSchool_Subset\images\2025-06-20\layers\2025-06-20_B02.tif,data\raw\SummerSchool_Subset\images\2025-06-20\layers\2025-06-20_VV.tif,data\raw\SummerSchool_Subset\images\2025-06-20\layers\2025-06-20_VH.tif,data\raw\SummerSchool_Subset\masks\2025_06_20.tiff,0 1 2 3 255,17292,0.410122619358205,21341,0.5061546853876622,2874,0.0681640300737613,656,0.0155586651803714,24871,0.589877380641795,validation
2025-06-20,2025-06-20_r1120_c1120,5,5,1120,1120,224,224,665509.5534378499,6057625.078082287,667755.9337142198,6059870.458216072,40836,0.8138552295918368,9340,True,True,True,data\raw\SummerSchool_Subset\images\2025-06-20\layers\2025-06-20_B04.tif,data\raw\SummerSchool_Subset\images\2025-06-20\layers\2025-06-20_B03.tif,data\raw\SummerSchool_Subset\images\2025-06-20\layers\2025-06-20_B02.tif,data\raw\SummerSchool_Subset\images\2025-06-20\layers\2025-06-20_VV.tif,data\raw\SummerSchool_Subset\images\2025-06-20\layers\2025-06-20_VH.tif,data\raw\SummerSchool_Subset\masks\2025_06_20.tiff,0 1 2 3 255,19023,0.4658389656185718,19667,0.4816093642864139,1953,0.0478254481339994,193,0.0047262219610147,21813,0.5341610343814281,validation
2025-06-20,2025-06-20_r1120_c1344,5,6,1120,1344,224,224,667755.9337142198,6057625.078082287,670002.3139905898,6059870.458216072,29322,0.5843829719387755,20854,True,True,True,data\raw\SummerSchool_Subset\images\2025-06-20\layers\2025-06-20_B04.tif,data\raw\SummerSchool_Subset\images\2025-06-20\layers\2025-06-20_B03.tif,data\raw\SummerSchool_Subset\images\2025-06-20\layers\2025-06-20_B02.tif,data\raw\SummerSchool_Subset\images\2025-06-20\layers\2025-06-20_VV.tif,data\raw\SummerSchool_Subset\images\2025-06-20\layers\2025-06-20_VH.tif,data\raw\SummerSchool_Subset\masks\2025_06_20.tiff,0 1 2 3 255,10467,0.3569674647022713,17156,0.5850896937453107,1372,0.0467908055385035,327,0.0111520360139144,18855,0.6430325352977286,validation
2025-06-20,2025-06-20_r1120_c1568,5,7,1120,1568,224,224,670002.3139905898,6057625.078082287,672248.6942669598,6059870.458216072,24728,0.4928252551020408,25448,True,True,True,data\raw\SummerSchool_Subset\images\2025-06-20\layers\2025-06-20_B04.tif,data\raw\SummerSchool_Subset\images\2025-06-20\layers\2025-06-20_B03.tif,data\raw\SummerSchool_Subset\images\2025-06-20\layers\2025-06-20_B02.tif,data\raw\SummerSchool_Subset\images\2025-06-20\layers\2025-06-20_VV.tif,data\raw\SummerSchool_Subset\images\2025-06-20\layers\2025-06-20_VH.tif,data\raw\SummerSchool_Subset\masks\2025_06_20.tiff,0 1 2 3 255,2410,0.0974603688126819,20593,0.8327806535101909,942,0.0380944678097703,783,0.0316645098673568,22318,0.902539631187318,validation
2025-06-20,2025-06-20_r1120_c1792,5,8,1120,1792,224,224,672248.6942669598,6057625.078082287,674495.0745433298,6059870.458216072,12034,0.2398357780612245,38142,True,True,True,data\raw\SummerSchool_Subset\images\2025-06-20\layers\2025-06-20_B04.tif,data\raw\SummerSchool_Subset\images\2025-06-20\layers\2025-06-20_B03.tif,data\raw\SummerSchool_Subset\images\2025-06-20\layers\2025-06-20_B02.tif,data\raw\SummerSchool_Subset\images\2025-06-20\layers\2025-06-20_VV.tif,data\raw\SummerSchool_Subset\images\2025-06-20\layers\2025-06-20_VH.tif,data\raw\SummerSchool_Subset\masks\2025_06_20.tiff,0 1 2 3 255,1415,0.1175835133787601,9423,0.7830314110021606,549,0.0456207412331726,647,0.0537643343859065,10619,0.8824164866212398,validation
2025-06-20,2025-06-20_r1344_c0672,6,3,1344,672,224,224,661016.7928851099,6055379.6979485005,663263.1731614799,6057625.078082287,19850,0.3956074617346938,30326,True,True,True,data\raw\SummerSchool_Subset\images\2025-06-20\layers\2025-06-20_B04.tif,data\raw\SummerSchool_Subset\images\2025-06-20\layers\2025-06-20_B03.tif,data\raw\SummerSchool_Subset\images\2025-06-20\layers\2025-06-20_B02.tif,data\raw\SummerSchool_Subset\images\2025-06-20\layers\2025-06-20_VV.tif,data\raw\SummerSchool_Subset\images\2025-06-20\layers\2025-06-20_VH.tif,data\raw\SummerSchool_Subset\masks\2025_06_20.tiff,0 1 2 3 255,18209,0.9173299748110832,1086,0.0547103274559193,167,0.0084130982367758,388,0.0195465994962216,1641,0.0826700251889168,validation
2025-06-20,2025-06-20_r1344_c0896,6,4,1344,896,224,224,663263.1731614799,6055379.6979485005,665509.5534378499,6057625.078082287,14872,0.2963966836734694,35304,True,True,True,data\raw\SummerSchool_Subset\images\2025-06-20\layers\2025-06-20_B04.tif,data\raw\SummerSchool_Subset\images\2025-06-20\layers\2025-06-20_B03.tif,data\raw\SummerSchool_Subset\images\2025-06-20\layers\2025-06-20_B02.tif,data\raw\SummerSchool_Subset\images\2025-06-20\layers\2025-06-20_VV.tif,data\raw\SummerSchool_Subset\images\2025-06-20\layers\2025-06-20_VH.tif,data\raw\SummerSchool_Subset\masks\2025_06_20.tiff,0 1 2 3 255,11596,0.7797202797202797,2988,0.2009144701452394,170,0.0114308768154922,118,0.0079343733189887,3276,0.2202797202797203,validation
2025-06-20,2025-06-20_r1344_c1120,6,5,1344,1120,224,224,665509.5534378499,6055379.6979485005,667755.9337142198,6057625.078082287,30109,0.6000677614795918,20067,True,True,True,data\raw\SummerSchool_Subset\images\2025-06-20\layers\2025-06-20_B04.tif,data\raw\SummerSchool_Subset\images\2025-06-20\layers\2025-06-20_B03.tif,data\raw\SummerSchool_Subset\images\2025-06-20\layers\2025-06-20_B02.tif,data\raw\SummerSchool_Subset\images\2025-06-20\layers\2025-06-20_VV.tif,data\raw\SummerSchool_Subset\images\2025-06-20\layers\2025-06-20_VH.tif,data\raw\SummerSchool_Subset\masks\2025_06_20.tiff,0 1 2 3 255,12092,0.4016074927762463,16588,0.5509316151316882,1008,0.0334783619515759,421,0.0139825301404895,18017,0.5983925072237537,validation
2025-06-20,2025-06-20_r1344_c1344,6,6,1344,1344,224,224,667755.9337142198,6055379.6979485005,670002.3139905898,6057625.078082287,11668,0.2325414540816326,38508,True,True,True,data\raw\SummerSchool_Subset\images\2025-06-20\layers\2025-06-20_B04.tif,data\raw\SummerSchool_Subset\images\2025-06-20\layers\2025-06-20_B03.tif,data\raw\SummerSchool_Subset\images\2025-06-20\layers\2025-06-20_B02.tif,data\raw\SummerSchool_Subset\images\2025-06-20\layers\2025-06-20_VV.tif,data\raw\SummerSchool_Subset\images\2025-06-20\layers\2025-06-20_VH.tif,data\raw\SummerSchool_Subset\masks\2025_06_20.tiff,0 1 2 3 255,3744,0.3208776139869729,6131,0.5254542338018512,841,0.0720774768597874,952,0.0815906753513884,7924,0.6791223860130271,validation
2025-06-20,2025-06-20_r1344_c1568,6,7,1344,1568,224,224,670002.3139905898,6055379.6979485005,672248.6942669598,6057625.078082287,22133,0.4411073022959184,28043,True,True,True,data\raw\SummerSchool_Subset\images\2025-06-20\layers\2025-06-20_B04.tif,data\raw\SummerSchool_Subset\images\2025-06-20\layers\2025-06-20_B03.tif,data\raw\SummerSchool_Subset\images\2025-06-20\layers\2025-06-20_B02.tif,data\raw\SummerSchool_Subset\images\2025-06-20\layers\2025-06-20_VV.tif,data\raw\SummerSchool_Subset\images\2025-06-20\layers\2025-06-20_VH.tif,data\raw\SummerSchool_Subset\masks\2025_06_20.tiff,0 1 2 3 255,4413,0.1993855329146523,13406,0.6057018931007997,2834,0.1280440970496543,1480,0.0668684769348936,17720,0.8006144670853477,validation
2025-06-20,2025-06-20_r1344_c1792,6,8,1344,1792,224,224,672248.6942669598,6055379.6979485005,674495.0745433298,6057625.078082287,13425,0.2675581951530612,36751,True,True,True,data\raw\SummerSchool_Subset\images\2025-06-20\layers\2025-06-20_B04.tif,data\raw\SummerSchool_Subset\images\2025-06-20\layers\2025-06-20_B03.tif,data\raw\SummerSchool_Subset\images\2025-06-20\layers\2025-06-20_B02.tif,data\raw\SummerSchool_Subset\images\2025-06-20\layers\2025-06-20_VV.tif,data\raw\SummerSchool_Subset\images\2025-06-20\layers\2025-06-20_VH.tif,data\raw\SummerSchool_Subset\masks\2025_06_20.tiff,0 1 2 3 255,5762,0.4291992551210428,6680,0.4975791433891992,347,0.0258472998137802,636,0.0473743016759776,7663,0.5708007448789572,validation
2025-06-20,2025-06-20_r1568_c0672,7,3,1568,672,224,224,661016.7928851099,6053134.317814715,663263.1731614799,6055379.6979485005,24237,0.483039700255102,25939,True,True,True,data\raw\SummerSchool_Subset\images\2025-06-20\layers\2025-06-20_B04.tif,data\raw\SummerSchool_Subset\images\2025-06-20\layers\2025-06-20_B03.tif,data\raw\SummerSchool_Subset\images\2025-06-20\layers\2025-06-20_B02.tif,data\raw\SummerSchool_Subset\images\2025-06-20\layers\2025-06-20_VV.tif,data\raw\SummerSchool_Subset\images\2025-06-20\layers\2025-06-20_VH.tif,data\raw\SummerSchool_Subset\masks\2025_06_20.tiff,0 1 2 3 255,21854,0.9016792507323512,2033,0.0838800181540619,214,0.0088294755951644,136,0.0056112555184222,2383,0.0983207492676486,validation
2025-06-20,2025-06-20_r1568_c0896,7,4,1568,896,224,224,663263.1731614799,6053134.317814715,665509.5534378499,6055379.6979485005,23863,0.4755859375,26313,True,True,True,data\raw\SummerSchool_Subset\images\2025-06-20\layers\2025-06-20_B04.tif,data\raw\SummerSchool_Subset\images\2025-06-20\layers\2025-06-20_B03.tif,data\raw\SummerSchool_Subset\images\2025-06-20\layers\2025-06-20_B02.tif,data\raw\SummerSchool_Subset\images\2025-06-20\layers\2025-06-20_VV.tif,data\raw\SummerSchool_Subset\images\2025-06-20\layers\2025-06-20_VH.tif,data\raw\SummerSchool_Subset\masks\2025_06_20.tiff,0 1 2 3 255,16874,0.7071198089091899,5802,0.2431379122490885,971,0.0406906088924276,216,0.0090516699492938,6989,0.29288019109081,validation
2025-06-20,2025-06-20_r1568_c1120,7,5,1568,1120,224,224,665509.5534378499,6053134.317814715,667755.9337142198,6055379.6979485005,19272,0.3840880102040816,30904,True,True,True,data\raw\SummerSchool_Subset\images\2025-06-20\layers\2025-06-20_B04.tif,data\raw\SummerSchool_Subset\images\2025-06-20\layers\2025-06-20_B03.tif,data\raw\SummerSchool_Subset\images\2025-06-20\layers\2025-06-20_B02.tif,data\raw\SummerSchool_Subset\images\2025-06-20\layers\2025-06-20_VV.tif,data\raw\SummerSchool_Subset\images\2025-06-20\layers\2025-06-20_VH.tif,data\raw\SummerSchool_Subset\masks\2025_06_20.tiff,0 1 2 3 255,5131,0.2662411789124118,12841,0.6663034454130344,648,0.0336239103362391,652,0.0338314653383146,14141,0.7337588210875882,validation
2025-06-20,2025-06-20_r1568_c1344,7,6,1568,1344,224,224,667755.9337142198,6053134.317814715,670002.3139905898,6055379.6979485005,36302,0.7234933035714286,13874,True,True,True,data\raw\SummerSchool_Subset\images\2025-06-20\layers\2025-06-20_B04.tif,data\raw\SummerSchool_Subset\images\2025-06-20\layers\2025-06-20_B03.tif,data\raw\SummerSchool_Subset\images\2025-06-20\layers\2025-06-20_B02.tif,data\raw\SummerSchool_Subset\images\2025-06-20\layers\2025-06-20_VV.tif,data\raw\SummerSchool_Subset\images\2025-06-20\layers\2025-06-20_VH.tif,data\raw\SummerSchool_Subset\masks\2025_06_20.tiff,0 1 2 3 255,4929,0.135777643105063,30122,0.8297614456503773,927,0.0255357831524433,324,0.0089251280921161,31373,0.8642223568949369,validation
2025-06-20,2025-06-20_r1568_c1568,7,7,1568,1568,224,224,670002.3139905898,6053134.317814715,672248.6942669598,6055379.6979485005,22598,0.450374681122449,27578,True,True,True,data\raw\SummerSchool_Subset\images\2025-06-20\layers\2025-06-20_B04.tif,data\raw\SummerSchool_Subset\images\2025-06-20\layers\2025-06-20_B03.tif,data\raw\SummerSchool_Subset\images\2025-06-20\layers\2025-06-20_B02.tif,data\raw\SummerSchool_Subset\images\2025-06-20\layers\2025-06-20_VV.tif,data\raw\SummerSchool_Subset\images\2025-06-20\layers\2025-06-20_VH.tif,data\raw\SummerSchool_Subset\masks\2025_06_20.tiff,0 1 2 3 255,12853,0.5687671475351801,8775,0.3883086998849456,513,0.0227011239932737,457,0.0202230285866005,9745,0.4312328524648199,validation
2025-06-20,2025-06-20_r1792_c0448,8,2,1792,448,224,224,658770.4126087399,6050888.937680929,661016.7928851099,6053134.317814715,24907,0.4963926977040816,25269,True,True,True,data\raw\SummerSchool_Subset\images\2025-06-20\layers\2025-06-20_B04.tif,data\raw\SummerSchool_Subset\images\2025-06-20\layers\2025-06-20_B03.tif,data\raw\SummerSchool_Subset\images\2025-06-20\layers\2025-06-20_B02.tif,data\raw\SummerSchool_Subset\images\2025-06-20\layers\2025-06-20_VV.tif,data\raw\SummerSchool_Subset\images\2025-06-20\layers\2025-06-20_VH.tif,data\raw\SummerSchool_Subset\masks\2025_06_20.tiff,0 1 2 3 255,21809,0.8756172963423937,1956,0.07853213955916,823,0.0330429196611394,319,0.0128076444373067,3098,0.1243827036576063,validation
2025-06-20,2025-06-20_r1792_c0672,8,3,1792,672,224,224,661016.7928851099,6050888.937680929,663263.1731614799,6053134.317814715,38237,0.7620575573979592,11939,True,True,True,data\raw\SummerSchool_Subset\images\2025-06-20\layers\2025-06-20_B04.tif,data\raw\SummerSchool_Subset\images\2025-06-20\layers\2025-06-20_B03.tif,data\raw\SummerSchool_Subset\images\2025-06-20\layers\2025-06-20_B02.tif,data\raw\SummerSchool_Subset\images\2025-06-20\layers\2025-06-20_VV.tif,data\raw\SummerSchool_Subset\images\2025-06-20\layers\2025-06-20_VH.tif,data\raw\SummerSchool_Subset\masks\2025_06_20.tiff,0 1 2 3 255,29582,0.7736485602950022,8172,0.2137196955828124,392,0.0102518503020634,91,0.0023798938201218,8655,0.2263514397049977,validation
2025-06-20,2025-06-20_r1792_c0896,8,4,1792,896,224,224,663263.1731614799,6050888.937680929,665509.5534378499,6053134.317814715,13167,0.2624162946428571,37009,True,True,True,data\raw\SummerSchool_Subset\images\2025-06-20\layers\2025-06-20_B04.tif,data\raw\SummerSchool_Subset\images\2025-06-20\layers\2025-06-20_B03.tif,data\raw\SummerSchool_Subset\images\2025-06-20\layers\2025-06-20_B02.tif,data\raw\SummerSchool_Subset\images\2025-06-20\layers\2025-06-20_VV.tif,data\raw\SummerSchool_Subset\images\2025-06-20\layers\2025-06-20_VH.tif,data\raw\SummerSchool_Subset\masks\2025_06_20.tiff,0 1 2 3 255,5641,0.4284195336826916,6187,0.4698868383078909,514,0.0390369864054074,825,0.06265664160401,7526,0.5715804663173084,validation
2025-06-20,2025-06-20_r1792_c1120,8,5,1792,1120,224,224,665509.5534378499,6050888.937680929,667755.9337142198,6053134.317814715,18775,0.3741828762755102,31401,True,True,True,data\raw\SummerSchool_Subset\images\2025-06-20\layers\2025-06-20_B04.tif,data\raw\SummerSchool_Subset\images\2025-06-20\layers\2025-06-20_B03.tif,data\raw\SummerSchool_Subset\images\2025-06-20\layers\2025-06-20_B02.tif,data\raw\SummerSchool_Subset\images\2025-06-20\layers\2025-06-20_VV.tif,data\raw\SummerSchool_Subset\images\2025-06-20\layers\2025-06-20_VH.tif,data\raw\SummerSchool_Subset\masks\2025_06_20.tiff,0 1 2 3 255,5505,0.2932090545938748,12039,0.6412250332889481,818,0.0435685752330226,413,0.0219973368841544,13270,0.7067909454061252,validation
2025-06-20,2025-06-20_r1792_c1344,8,6,1792,1344,224,224,667755.9337142198,6050888.937680929,670002.3139905898,6053134.317814715,39733,0.7918726084183674,10443,True,True,True,data\raw\SummerSchool_Subset\images\2025-06-20\layers\2025-06-20_B04.tif,data\raw\SummerSchool_Subset\images\2025-06-20\layers\2025-06-20_B03.tif,data\raw\SummerSchool_Subset\images\2025-06-20\layers\2025-06-20_B02.tif,data\raw\SummerSchool_Subset\images\2025-06-20\layers\2025-06-20_VV.tif,data\raw\SummerSchool_Subset\images\2025-06-20\layers\2025-06-20_VH.tif,data\raw\SummerSchool_Subset\masks\2025_06_20.tiff,0 1 2 3 255,7260,0.1827196536883698,31383,0.7898472302619989,1065,0.026803916140236,25,0.0006291999093952,32473,0.8172803463116302,validation
2025-06-20,2025-06-20_r1792_c1568,8,7,1792,1568,224,224,670002.3139905898,6050888.937680929,672248.6942669598,6053134.317814715,28821,0.5743981186224489,21355,True,True,True,data\raw\SummerSchool_Subset\images\2025-06-20\layers\2025-06-20_B04.tif,data\raw\SummerSchool_Subset\images\2025-06-20\layers\2025-06-20_B03.tif,data\raw\SummerSchool_Subset\images\2025-06-20\layers\2025-06-20_B02.tif,data\raw\SummerSchool_Subset\images\2025-06-20\layers\2025-06-20_VV.tif,data\raw\SummerSchool_Subset\images\2025-06-20\layers\2025-06-20_VH.tif,data\raw\SummerSchool_Subset\masks\2025_06_20.tiff,0 1 2 3 255,9360,0.3247631935047361,18158,0.6300267166302349,992,0.0344193470039207,311,0.0107907428611082,19461,0.6752368064952639,validation
2025-06-20,2025-06-20_r2016_c0224,9,1,2016,224,224,224,656524.0323323699,6048643.557547144,658770.4126087399,6050888.937680929,19520,0.3890306122448979,30656,True,True,True,data\raw\SummerSchool_Subset\images\2025-06-20\layers\2025-06-20_B04.tif,data\raw\SummerSchool_Subset\images\2025-06-20\layers\2025-06-20_B03.tif,data\raw\SummerSchool_Subset\images\2025-06-20\layers\2025-06-20_B02.tif,data\raw\SummerSchool_Subset\images\2025-06-20\layers\2025-06-20_VV.tif,data\raw\SummerSchool_Subset\images\2025-06-20\layers\2025-06-20_VH.tif,data\raw\SummerSchool_Subset\masks\2025_06_20.tiff,0 1 2 3 255,17440,0.8934426229508197,482,0.0246926229508196,1155,0.0591700819672131,443,0.0226946721311475,2080,0.1065573770491803,validation
2025-06-20,2025-06-20_r2016_c0448,9,2,2016,448,224,224,658770.4126087399,6048643.557547144,661016.7928851099,6050888.937680929,29438,0.5866948341836735,20738,True,True,True,data\raw\SummerSchool_Subset\images\2025-06-20\layers\2025-06-20_B04.tif,data\raw\SummerSchool_Subset\images\2025-06-20\layers\2025-06-20_B03.tif,data\raw\SummerSchool_Subset\images\2025-06-20\layers\2025-06-20_B02.tif,data\raw\SummerSchool_Subset\images\2025-06-20\layers\2025-06-20_VV.tif,data\raw\SummerSchool_Subset\images\2025-06-20\layers\2025-06-20_VH.tif,data\raw\SummerSchool_Subset\masks\2025_06_20.tiff,0 1 2 3 255,28648,0.9731639377675114,649,0.0220463346694748,82,0.0027855153203342,59,0.0020042122426795,790,0.0268360622324886,validation
2025-06-20,2025-06-20_r2016_c0672,9,3,2016,672,224,224,661016.7928851099,6048643.557547144,663263.1731614799,6050888.937680929,38989,0.7770448022959183,11187,True,True,True,data\raw\SummerSchool_Subset\images\2025-06-20\layers\2025-06-20_B04.tif,data\raw\SummerSchool_Subset\images\2025-06-20\layers\2025-06-20_B03.tif,data\raw\SummerSchool_Subset\images\2025-06-20\layers\2025-06-20_B02.tif,data\raw\SummerSchool_Subset\images\2025-06-20\layers\2025-06-20_VV.tif,data\raw\SummerSchool_Subset\images\2025-06-20\layers\2025-06-20_VH.tif,data\raw\SummerSchool_Subset\masks\2025_06_20.tiff,0 1 2 3 255,21144,0.5423068044833158,17035,0.4369181051065685,773,0.0198261047987894,37,0.0009489856113262,17845,0.4576931955166842,validation
2025-06-20,2025-06-20_r2016_c0896,9,4,2016,896,224,224,663263.1731614799,6048643.557547144,665509.5534378499,6050888.937680929,37450,0.7463727678571429,12726,True,True,True,data\raw\SummerSchool_Subset\images\2025-06-20\layers\2025-06-20_B04.tif,data\raw\SummerSchool_Subset\images\2025-06-20\layers\2025-06-20_B03.tif,data\raw\SummerSchool_Subset\images\2025-06-20\layers\2025-06-20_B02.tif,data\raw\SummerSchool_Subset\images\2025-06-20\layers\2025-06-20_VV.tif,data\raw\SummerSchool_Subset\images\2025-06-20\layers\2025-06-20_VH.tif,data\raw\SummerSchool_Subset\masks\2025_06_20.tiff,0 1 2 3 255,5098,0.136128170894526,31501,0.8411481975967957,745,0.0198931909212283,106,0.0028304405874499,32352,0.863871829105474,validation
2025-06-20,2025-06-20_r2016_c1120,9,5,2016,1120,224,224,665509.5534378499,6048643.557547144,667755.9337142198,6050888.937680929,36180,0.721061862244898,13996,True,True,True,data\raw\SummerSchool_Subset\images\2025-06-20\layers\2025-06-20_B04.tif,data\raw\SummerSchool_Subset\images\2025-06-20\layers\2025-06-20_B03.tif,data\raw\SummerSchool_Subset\images\2025-06-20\layers\2025-06-20_B02.tif,data\raw\SummerSchool_Subset\images\2025-06-20\layers\2025-06-20_VV.tif,data\raw\SummerSchool_Subset\images\2025-06-20\layers\2025-06-20_VH.tif,data\raw\SummerSchool_Subset\masks\2025_06_20.tiff,0 1 2 3 255,6046,0.1671088999447208,29968,0.8283029297954672,125,0.0034549474847982,41,0.0011332227750138,30134,0.8328911000552791,validation
2025-06-20,2025-06-20_r2016_c1344,9,6,2016,1344,224,224,667755.9337142198,6048643.557547144,670002.3139905898,6050888.937680929,16289,0.3246372767857143,33887,True,True,True,data\raw\SummerSchool_Subset\images\2025-06-20\layers\2025-06-20_B04.tif,data\raw\SummerSchool_Subset\images\2025-06-20\layers\2025-06-20_B03.tif,data\raw\SummerSchool_Subset\images\2025-06-20\layers\2025-06-20_B02.tif,data\raw\SummerSchool_Subset\images\2025-06-20\layers\2025-06-20_VV.tif,data\raw\SummerSchool_Subset\images\2025-06-20\layers\2025-06-20_VH.tif,data\raw\SummerSchool_Subset\masks\2025_06_20.tiff,0 1 2 3 255,4775,0.2931426115783657,10822,0.6643747314138375,613,0.0376327583031493,79,0.0048498987046473,11514,0.7068573884216343,validation
2025-06-20,2025-06-20_r2240_c0000,10,0,2240,0,224,224,654277.652056,6046398.177413358,656524.0323323699,6048643.557547144,22223,0.4429009885204081,27953,True,True,True,data\raw\SummerSchool_Subset\images\2025-06-20\layers\2025-06-20_B04.tif,data\raw\SummerSchool_Subset\images\2025-06-20\layers\2025-06-20_B03.tif,data\raw\SummerSchool_Subset\images\2025-06-20\layers\2025-06-20_B02.tif,data\raw\SummerSchool_Subset\images\2025-06-20\layers\2025-06-20_VV.tif,data\raw\SummerSchool_Subset\images\2025-06-20\layers\2025-06-20_VH.tif,data\raw\SummerSchool_Subset\masks\2025_06_20.tiff,0 1 2 3 255,19124,0.8605498807541736,1478,0.0665076722314719,1259,0.0566530171443999,362,0.0162894298699545,3099,0.1394501192458264,validation
2025-06-20,2025-06-20_r2240_c0224,10,1,2240,224,224,224,656524.0323323699,6046398.177413358,658770.4126087399,6048643.557547144,41552,0.828125,8624,True,True,True,data\raw\SummerSchool_Subset\images\2025-06-20\layers\2025-06-20_B04.tif,data\raw\SummerSchool_Subset\images\2025-06-20\layers\2025-06-20_B03.tif,data\raw\SummerSchool_Subset\images\2025-06-20\layers\2025-06-20_B02.tif,data\raw\SummerSchool_Subset\images\2025-06-20\layers\2025-06-20_VV.tif,data\raw\SummerSchool_Subset\images\2025-06-20\layers\2025-06-20_VH.tif,data\raw\SummerSchool_Subset\masks\2025_06_20.tiff,0 1 2 3 255,40652,0.978340392760878,843,0.0202878321139776,55,0.001323642664613,2,4.813246053138236e-05,900,0.021659607239122,validation
2025-06-20,2025-06-20_r2240_c0448,10,2,2240,448,224,224,658770.4126087399,6046398.177413358,661016.7928851099,6048643.557547144,31623,0.630241549744898,18553,True,True,True,data\raw\SummerSchool_Subset\images\2025-06-20\layers\2025-06-20_B04.tif,data\raw\SummerSchool_Subset\images\2025-06-20\layers\2025-06-20_B03.tif,data\raw\SummerSchool_Subset\images\2025-06-20\layers\2025-06-20_B02.tif,data\raw\SummerSchool_Subset\images\2025-06-20\layers\2025-06-20_VV.tif,data\raw\SummerSchool_Subset\images\2025-06-20\layers\2025-06-20_VH.tif,data\raw\SummerSchool_Subset\masks\2025_06_20.tiff,0 1 2 255,30292,0.9579103816842172,1305,0.0412674319324542,26,0.0008221863833285,0,0.0,1331,0.0420896183157828,validation
2025-06-20,2025-06-20_r2240_c0672,10,3,2240,672,224,224,661016.7928851099,6046398.177413358,663263.1731614799,6048643.557547144,14752,0.2940051020408163,35424,True,True,True,data\raw\SummerSchool_Subset\images\2025-06-20\layers\2025-06-20_B04.tif,data\raw\SummerSchool_Subset\images\2025-06-20\layers\2025-06-20_B03.tif,data\raw\SummerSchool_Subset\images\2025-06-20\layers\2025-06-20_B02.tif,data\raw\SummerSchool_Subset\images\2025-06-20\layers\2025-06-20_VV.tif,data\raw\SummerSchool_Subset\images\2025-06-20\layers\2025-06-20_VH.tif,data\raw\SummerSchool_Subset\masks\2025_06_20.tiff,0 1 2 255,13284,0.9004880694143167,1433,0.0971393709327548,35,0.0023725596529284,0,0.0,1468,0.0995119305856832,validation
2025-06-20,2025-06-20_r2240_c0896,10,4,2240,896,224,224,663263.1731614799,6046398.177413358,665509.5534378499,6048643.557547144,28127,0.5605668048469388,22049,True,True,True,data\raw\SummerSchool_Subset\images\2025-06-20\layers\2025-06-20_B04.tif,data\raw\SummerSchool_Subset\images\2025-06-20\layers\2025-06-20_B03.tif,data\raw\SummerSchool_Subset\images\2025-06-20\layers\2025-06-20_B02.tif,data\raw\SummerSchool_Subset\images\2025-06-20\layers\2025-06-20_VV.tif,data\raw\SummerSchool_Subset\images\2025-06-20\layers\2025-06-20_VH.tif,data\raw\SummerSchool_Subset\masks\2025_06_20.tiff,0 1 2 3 255,19740,0.7018167596970882,8232,0.2926725210651687,135,0.0047996586909375,20,0.0007110605468055,8387,0.2981832403029117,validation
2025-06-20,2025-06-20_r2240_c1120,10,5,2240,1120,224,224,665509.5534378499,6046398.177413358,667755.9337142198,6048643.557547144,24797,0.4942004145408163,25379,True,True,True,data\raw\SummerSchool_Subset\images\2025-06-20\layers\2025-06-20_B04.tif,data\raw\SummerSchool_Subset\images\2025-06-20\layers\2025-06-20_B03.tif,data\raw\SummerSchool_Subset\images\2025-06-20\layers\2025-06-20_B02.tif,data\raw\SummerSchool_Subset\images\2025-06-20\layers\2025-06-20_VV.tif,data\raw\SummerSchool_Subset\images\2025-06-20\layers\2025-06-20_VH.tif,data\raw\SummerSchool_Subset\masks\2025_06_20.tiff,0 1 2 3 255,19358,0.7806589506795177,5339,0.2153083034238012,99,0.0039924184377142,1,4.03274589668105e-05,5439,0.2193410493204823,validation
2025-06-20,2025-06-20_r2240_c1344,10,6,2240,1344,224,224,667755.9337142198,6046398.177413358,670002.3139905898,6048643.557547144,12868,0.2564572704081632,37308,True,True,True,data\raw\SummerSchool_Subset\images\2025-06-20\layers\2025-06-20_B04.tif,data\raw\SummerSchool_Subset\images\2025-06-20\layers\2025-06-20_B03.tif,data\raw\SummerSchool_Subset\images\2025-06-20\layers\2025-06-20_B02.tif,data\raw\SummerSchool_Subset\images\2025-06-20\layers\2025-06-20_VV.tif,data\raw\SummerSchool_Subset\images\2025-06-20\layers\2025-06-20_VH.tif,data\raw\SummerSchool_Subset\masks\2025_06_20.tiff,0 1 2 3 255,10306,0.8009014609884986,1633,0.1269039477774323,768,0.0596829344109418,161,0.0125116568231271,2562,0.1990985390115014,validation
2025-06-20,2025-06-20_r2464_c0000,11,0,2464,0,224,224,654277.652056,6044152.797279572,656524.0323323699,6046398.177413358,21974,0.4379384566326531,28202,True,True,True,data\raw\SummerSchool_Subset\images\2025-06-20\layers\2025-06-20_B04.tif,data\raw\SummerSchool_Subset\images\2025-06-20\layers\2025-06-20_B03.tif,data\raw\SummerSchool_Subset\images\2025-06-20\layers\2025-06-20_B02.tif,data\raw\SummerSchool_Subset\images\2025-06-20\layers\2025-06-20_VV.tif,data\raw\SummerSchool_Subset\images\2025-06-20\layers\2025-06-20_VH.tif,data\raw\SummerSchool_Subset\masks\2025_06_20.tiff,0 1 2 3 255,17812,0.8105943387639938,210,0.0095567488850459,3142,0.1429871666514972,810,0.036861745699463,4162,0.1894056612360062,validation
2025-06-20,2025-06-20_r2464_c0224,11,1,2464,224,224,224,656524.0323323699,6044152.797279572,658770.4126087399,6046398.177413358,44776,0.8923788265306123,5400,True,True,True,data\raw\SummerSchool_Subset\images\2025-06-20\layers\2025-06-20_B04.tif,data\raw\SummerSchool_Subset\images\2025-06-20\layers\2025-06-20_B03.tif,data\raw\SummerSchool_Subset\images\2025-06-20\layers\2025-06-20_B02.tif,data\raw\SummerSchool_Subset\images\2025-06-20\layers\2025-06-20_VV.tif,data\raw\SummerSchool_Subset\images\2025-06-20\layers\2025-06-20_VH.tif,data\raw\SummerSchool_Subset\masks\2025_06_20.tiff,0 1 2 3 255,43472,0.9708772556726818,182,0.0040646775058066,594,0.0132660353760943,528,0.0117920314454171,1304,0.0291227443273182,validation
2025-06-20,2025-06-20_r2464_c0448,11,2,2464,448,224,224,658770.4126087399,6044152.797279572,661016.7928851099,6046398.177413358,25718,0.5125558035714286,24458,True,True,True,data\raw\SummerSchool_Subset\images\2025-06-20\layers\2025-06-20_B04.tif,data\raw\SummerSchool_Subset\images\2025-06-20\layers\2025-06-20_B03.tif,data\raw\SummerSchool_Subset\images\2025-06-20\layers\2025-06-20_B02.tif,data\raw\SummerSchool_Subset\images\2025-06-20\layers\2025-06-20_VV.tif,data\raw\SummerSchool_Subset\images\2025-06-20\layers\2025-06-20_VH.tif,data\raw\SummerSchool_Subset\masks\2025_06_20.tiff,0 2 3 255,25529,0.9926510615133368,0,0.0,157,0.0061046737693444,32,0.0012442647173186,189,0.007348938486663,validation
2025-06-20,2025-06-20_r2688_c0224,12,1,2688,224,224,224,656524.0323323699,6041907.417145787,658770.4126087399,6044152.797279572,14182,0.2826450892857143,35994,True,True,True,data\raw\SummerSchool_Subset\images\2025-06-20\layers\2025-06-20_B04.tif,data\raw\SummerSchool_Subset\images\2025-06-20\layers\2025-06-20_B03.tif,data\raw\SummerSchool_Subset\images\2025-06-20\layers\2025-06-20_B02.tif,data\raw\SummerSchool_Subset\images\2025-06-20\layers\2025-06-20_VV.tif,data\raw\SummerSchool_Subset\images\2025-06-20\layers\2025-06-20_VH.tif,data\raw\SummerSchool_Subset\masks\2025_06_20.tiff,0 1 2 3 255,10383,0.7321252291637287,16,0.0011281906642222,1669,0.1176843886616838,2114,0.1490621915103652,3799,0.2678747708362713,validation
2025-06-20,2025-06-20_r2688_c0448,12,2,2688,448,224,224,658770.4126087399,6041907.417145787,661016.7928851099,6044152.797279572,14551,0.2899992028061224,35625,True,True,True,data\raw\SummerSchool_Subset\images\2025-06-20\layers\2025-06-20_B04.tif,data\raw\SummerSchool_Subset\images\2025-06-20\layers\2025-06-20_B03.tif,data\raw\SummerSchool_Subset\images\2025-06-20\layers\2025-06-20_B02.tif,data\raw\SummerSchool_Subset\images\2025-06-20\layers\2025-06-20_VV.tif,data\raw\SummerSchool_Subset\images\2025-06-20\layers\2025-06-20_VH.tif,data\raw\SummerSchool_Subset\masks\2025_06_20.tiff,0 1 2 3 255,11278,0.7750670057040753,202,0.0138822074084255,2004,0.1377224932994296,1067,0.0733282935880695,3273,0.2249329942959246,validation
2025-06-20,2025-06-20_r2688_c1344,12,6,2688,1344,224,224,667755.9337142198,6041907.417145787,670002.3139905898,6044152.797279572,10537,0.2100007971938775,39639,True,True,True,data\raw\SummerSchool_Subset\images\2025-06-20\layers\2025-06-20_B04.tif,data\raw\SummerSchool_Subset\images\2025-06-20\layers\2025-06-20_B03.tif,data\raw\SummerSchool_Subset\images\2025-06-20\layers\2025-06-20_B02.tif,data\raw\SummerSchool_Subset\images\2025-06-20\layers\2025-06-20_VV.tif,data\raw\SummerSchool_Subset\images\2025-06-20\layers\2025-06-20_VH.tif,data\raw\SummerSchool_Subset\masks\2025_06_20.tiff,0 1 2 3 255,8924,0.8469203758185442,652,0.0618771946474328,306,0.0290405238682737,655,0.0621619056657492,1613,0.1530796241814558,validation
2025-08-12,2025-08-12_r0224_c2016,1,9,224,2016,224,224,674495.0745433298,6066606.598617429,676741.4548196997,6068851.978751215,13979,0.2785993303571428,36197,True,True,True,data\raw\SummerSchool_Subset\images\2025-08-12\layers\2025-08-12_B04.tif,data\raw\SummerSchool_Subset\images\2025-08-12\layers\2025-08-12_B03.tif,data\raw\SummerSchool_Subset\images\2025-08-12\layers\2025-08-12_B02.tif,data\raw\SummerSchool_Subset\images\2025-08-12\layers\2025-08-12_VV.tif,data\raw\SummerSchool_Subset\images\2025-08-12\layers\2025-08-12_VH.tif,data\raw\SummerSchool_Subset\masks\2025_08_12.tiff,0 1 2 3 255,364,0.0260390585878818,1953,0.1397095643465198,10155,0.726446813076758,1507,0.1078045639888404,13615,0.9739609414121182,train
2025-08-12,2025-08-12_r0448_c1792,2,8,448,1792,224,224,672248.6942669598,6064361.218483644,674495.0745433298,6066606.598617429,21880,0.4360650510204081,28296,True,True,True,data\raw\SummerSchool_Subset\images\2025-08-12\layers\2025-08-12_B04.tif,data\raw\SummerSchool_Subset\images\2025-08-12\layers\2025-08-12_B03.tif,data\raw\SummerSchool_Subset\images\2025-08-12\layers\2025-08-12_B02.tif,data\raw\SummerSchool_Subset\images\2025-08-12\layers\2025-08-12_VV.tif,data\raw\SummerSchool_Subset\images\2025-08-12\layers\2025-08-12_VH.tif,data\raw\SummerSchool_Subset\masks\2025_08_12.tiff,0 1 2 3 255,1,4.570383912248629e-05,1261,0.0576325411334552,18976,0.8672760511882999,1642,0.0750457038391224,21879,0.9999542961608776,train
2025-08-12,2025-08-12_r0448_c2016,2,9,448,2016,224,224,674495.0745433298,6064361.218483644,676741.4548196997,6066606.598617429,10773,0.2147042410714285,39403,True,True,True,data\raw\SummerSchool_Subset\images\2025-08-12\layers\2025-08-12_B04.tif,data\raw\SummerSchool_Subset\images\2025-08-12\layers\2025-08-12_B03.tif,data\raw\SummerSchool_Subset\images\2025-08-12\layers\2025-08-12_B02.tif,data\raw\SummerSchool_Subset\images\2025-08-12\layers\2025-08-12_VV.tif,data\raw\SummerSchool_Subset\images\2025-08-12\layers\2025-08-12_VH.tif,data\raw\SummerSchool_Subset\masks\2025_08_12.tiff,0 1 2 3 255,21,0.0019493177387914,129,0.011974380395433,10248,0.9512670565302144,375,0.0348092453355611,10752,0.9980506822612084,train
2025-08-12,2025-08-12_r0448_c2240,2,10,448,2240,224,224,676741.4548196997,6064361.218483644,678987.8350960697,6066606.598617429,21486,0.4282126913265306,28690,True,True,True,data\raw\SummerSchool_Subset\images\2025-08-12\layers\2025-08-12_B04.tif,data\raw\SummerSchool_Subset\images\2025-08-12\layers\2025-08-12_B03.tif,data\raw\SummerSchool_Subset\images\2025-08-12\layers\2025-08-12_B02.tif,data\raw\SummerSchool_Subset\images\2025-08-12\layers\2025-08-12_VV.tif,data\raw\SummerSchool_Subset\images\2025-08-12\layers\2025-08-12_VH.tif,data\raw\SummerSchool_Subset\masks\2025_08_12.tiff,0 1 2 3 255,1083,0.0504049148282602,275,0.0127990319277669,19289,0.8977473703807131,839,0.0390486828632598,20403,0.9495950851717396,train
2025-08-12,2025-08-12_r0672_c0448,3,2,672,448,224,224,658770.4126087399,6062115.838349857,661016.7928851099,6064361.218483644,13124,0.2615593112244898,37052,True,True,True,data\raw\SummerSchool_Subset\images\2025-08-12\layers\2025-08-12_B04.tif,data\raw\SummerSchool_Subset\images\2025-08-12\layers\2025-08-12_B03.tif,data\raw\SummerSchool_Subset\images\2025-08-12\layers\2025-08-12_B02.tif,data\raw\SummerSchool_Subset\images\2025-08-12\layers\2025-08-12_VV.tif,data\raw\SummerSchool_Subset\images\2025-08-12\layers\2025-08-12_VH.tif,data\raw\SummerSchool_Subset\masks\2025_08_12.tiff,0 1 2 3 255,6741,0.5136391344102408,4653,0.3545412983846388,891,0.067890886924718,839,0.0639286802804023,6383,0.4863608655897592,train
2025-08-12,2025-08-12_r0672_c1120,3,5,672,1120,224,224,665509.5534378499,6062115.838349857,667755.9337142198,6064361.218483644,14856,0.296077806122449,35320,True,True,True,data\raw\SummerSchool_Subset\images\2025-08-12\layers\2025-08-12_B04.tif,data\raw\SummerSchool_Subset\images\2025-08-12\layers\2025-08-12_B03.tif,data\raw\SummerSchool_Subset\images\2025-08-12\layers\2025-08-12_B02.tif,data\raw\SummerSchool_Subset\images\2025-08-12\layers\2025-08-12_VV.tif,data\raw\SummerSchool_Subset\images\2025-08-12\layers\2025-08-12_VH.tif,data\raw\SummerSchool_Subset\masks\2025_08_12.tiff,0 1 2 3 255,5,0.0003365643511039,212,0.0142703284868066,10879,0.7322967151319332,3760,0.2530963920301561,14851,0.999663435648896,train
2025-08-12,2025-08-12_r0672_c1344,3,6,672,1344,224,224,667755.9337142198,6062115.838349857,670002.3139905898,6064361.218483644,22868,0.4557557397959184,27308,True,True,True,data\raw\SummerSchool_Subset\images\2025-08-12\layers\2025-08-12_B04.tif,data\raw\SummerSchool_Subset\images\2025-08-12\layers\2025-08-12_B03.tif,data\raw\SummerSchool_Subset\images\2025-08-12\layers\2025-08-12_B02.tif,data\raw\SummerSchool_Subset\images\2025-08-12\layers\2025-08-12_VV.tif,data\raw\SummerSchool_Subset\images\2025-08-12\layers\2025-08-12_VH.tif,data\raw\SummerSchool_Subset\masks\2025_08_12.tiff,0 1 2 3 255,46,0.0020115445163547,376,0.0164421899597691,21421,0.9367238061920587,1025,0.0448224593318173,22822,0.9979884554836452,train
2025-08-12,2025-08-12_r0672_c1568,3,7,672,1568,224,224,670002.3139905898,6062115.838349857,672248.6942669598,6064361.218483644,20997,0.4184669961734694,29179,True,True,True,data\raw\SummerSchool_Subset\images\2025-08-12\layers\2025-08-12_B04.tif,data\raw\SummerSchool_Subset\images\2025-08-12\layers\2025-08-12_B03.tif,data\raw\SummerSchool_Subset\images\2025-08-12\layers\2025-08-12_B02.tif,data\raw\SummerSchool_Subset\images\2025-08-12\layers\2025-08-12_VV.tif,data\raw\SummerSchool_Subset\images\2025-08-12\layers\2025-08-12_VH.tif,data\raw\SummerSchool_Subset\masks\2025_08_12.tiff,0 1 2 3 255,18,0.0008572653236176,356,0.0169548030671048,20329,0.9681859313235224,294,0.0140020002857551,20979,0.9991427346763824,train
2025-08-12,2025-08-12_r0672_c1792,3,8,672,1792,224,224,672248.6942669598,6062115.838349857,674495.0745433298,6064361.218483644,19289,0.3844268176020408,30887,True,True,True,data\raw\SummerSchool_Subset\images\2025-08-12\layers\2025-08-12_B04.tif,data\raw\SummerSchool_Subset\images\2025-08-12\layers\2025-08-12_B03.tif,data\raw\SummerSchool_Subset\images\2025-08-12\layers\2025-08-12_B02.tif,data\raw\SummerSchool_Subset\images\2025-08-12\layers\2025-08-12_VV.tif,data\raw\SummerSchool_Subset\images\2025-08-12\layers\2025-08-12_VH.tif,data\raw\SummerSchool_Subset\masks\2025_08_12.tiff,1 2 3 255,0,0.0,28,0.0014516045414484,19102,0.9903053553838976,159,0.0082430400746539,19289,1.0,train
2025-08-12,2025-08-12_r0672_c2016,3,9,672,2016,224,224,674495.0745433298,6062115.838349857,676741.4548196997,6064361.218483644,23333,0.465023118622449,26843,True,True,True,data\raw\SummerSchool_Subset\images\2025-08-12\layers\2025-08-12_B04.tif,data\raw\SummerSchool_Subset\images\2025-08-12\layers\2025-08-12_B03.tif,data\raw\SummerSchool_Subset\images\2025-08-12\layers\2025-08-12_B02.tif,data\raw\SummerSchool_Subset\images\2025-08-12\layers\2025-08-12_VV.tif,data\raw\SummerSchool_Subset\images\2025-08-12\layers\2025-08-12_VH.tif,data\raw\SummerSchool_Subset\masks\2025_08_12.tiff,0 1 2 3 255,683,0.0292718467406677,150,0.006428663266618,22287,0.9551707881541164,213,0.0091287018385976,22650,0.9707281532593324,train
2025-08-12,2025-08-12_r0896_c0448,4,2,896,448,224,224,658770.4126087399,6059870.458216072,661016.7928851099,6062115.838349857,19077,0.3802016900510204,31099,True,True,True,data\raw\SummerSchool_Subset\images\2025-08-12\layers\2025-08-12_B04.tif,data\raw\SummerSchool_Subset\images\2025-08-12\layers\2025-08-12_B03.tif,data\raw\SummerSchool_Subset\images\2025-08-12\layers\2025-08-12_B02.tif,data\raw\SummerSchool_Subset\images\2025-08-12\layers\2025-08-12_VV.tif,data\raw\SummerSchool_Subset\images\2025-08-12\layers\2025-08-12_VH.tif,data\raw\SummerSchool_Subset\masks\2025_08_12.tiff,0 1 2 3 255,2431,0.1274309377784767,1206,0.063217487026262,10408,0.5455784452482046,5032,0.2637731299470566,16646,0.8725690622215233,train
2025-08-12,2025-08-12_r0896_c0672,4,3,896,672,224,224,661016.7928851099,6059870.458216072,663263.1731614799,6062115.838349857,15707,0.3130381058673469,34469,True,True,True,data\raw\SummerSchool_Subset\images\2025-08-12\layers\2025-08-12_B04.tif,data\raw\SummerSchool_Subset\images\2025-08-12\layers\2025-08-12_B03.tif,data\raw\SummerSchool_Subset\images\2025-08-12\layers\2025-08-12_B02.tif,data\raw\SummerSchool_Subset\images\2025-08-12\layers\2025-08-12_VV.tif,data\raw\SummerSchool_Subset\images\2025-08-12\layers\2025-08-12_VH.tif,data\raw\SummerSchool_Subset\masks\2025_08_12.tiff,0 1 2 3 255,899,0.0572356274272617,1082,0.0688864837333672,10062,0.6406060991914433,3664,0.2332717896479276,14808,0.9427643725727384,train
2025-08-12,2025-08-12_r0896_c1120,4,5,896,1120,224,224,665509.5534378499,6059870.458216072,667755.9337142198,6062115.838349857,11979,0.2387396364795918,38197,True,True,True,data\raw\SummerSchool_Subset\images\2025-08-12\layers\2025-08-12_B04.tif,data\raw\SummerSchool_Subset\images\2025-08-12\layers\2025-08-12_B03.tif,data\raw\SummerSchool_Subset\images\2025-08-12\layers\2025-08-12_B02.tif,data\raw\SummerSchool_Subset\images\2025-08-12\layers\2025-08-12_VV.tif,data\raw\SummerSchool_Subset\images\2025-08-12\layers\2025-08-12_VH.tif,data\raw\SummerSchool_Subset\masks\2025_08_12.tiff,0 1 2 3 255,1,8.347942232239753e-05,1088,0.0908256114867685,8906,0.7434677352032724,1984,0.1656231738876367,11978,0.9999165205776775,train
2025-08-12,2025-08-12_r0896_c1344,4,6,896,1344,224,224,667755.9337142198,6059870.458216072,670002.3139905898,6062115.838349857,33821,0.6740473533163265,16355,True,True,True,data\raw\SummerSchool_Subset\images\2025-08-12\layers\2025-08-12_B04.tif,data\raw\SummerSchool_Subset\images\2025-08-12\layers\2025-08-12_B03.tif,data\raw\SummerSchool_Subset\images\2025-08-12\layers\2025-08-12_B02.tif,data\raw\SummerSchool_Subset\images\2025-08-12\layers\2025-08-12_VV.tif,data\raw\SummerSchool_Subset\images\2025-08-12\layers\2025-08-12_VH.tif,data\raw\SummerSchool_Subset\masks\2025_08_12.tiff,0 1 2 3 255,509,0.0150498211170574,1725,0.0510038141982791,31030,0.9174773069986104,557,0.016469057686053,33312,0.9849501788829426,train
2025-08-12,2025-08-12_r0896_c1568,4,7,896,1568,224,224,670002.3139905898,6059870.458216072,672248.6942669598,6062115.838349857,30318,0.6042330994897959,19858,True,True,True,data\raw\SummerSchool_Subset\images\2025-08-12\layers\2025-08-12_B04.tif,data\raw\SummerSchool_Subset\images\2025-08-12\layers\2025-08-12_B03.tif,data\raw\SummerSchool_Subset\images\2025-08-12\layers\2025-08-12_B02.tif,data\raw\SummerSchool_Subset\images\2025-08-12\layers\2025-08-12_VV.tif,data\raw\SummerSchool_Subset\images\2025-08-12\layers\2025-08-12_VH.tif,data\raw\SummerSchool_Subset\masks\2025_08_12.tiff,0 1 2 3 255,205,0.0067616597400883,2262,0.0746091430833168,26666,0.8795435055082789,1185,0.0390856916683158,30113,0.9932383402599116,train
2025-08-12,2025-08-12_r0896_c1792,4,8,896,1792,224,224,672248.6942669598,6059870.458216072,674495.0745433298,6062115.838349857,18151,0.3617466517857143,32025,True,True,True,data\raw\SummerSchool_Subset\images\2025-08-12\layers\2025-08-12_B04.tif,data\raw\SummerSchool_Subset\images\2025-08-12\layers\2025-08-12_B03.tif,data\raw\SummerSchool_Subset\images\2025-08-12\layers\2025-08-12_B02.tif,data\raw\SummerSchool_Subset\images\2025-08-12\layers\2025-08-12_VV.tif,data\raw\SummerSchool_Subset\images\2025-08-12\layers\2025-08-12_VH.tif,data\raw\SummerSchool_Subset\masks\2025_08_12.tiff,0 1 2 3 255,49,0.0026995757809487,239,0.0131673186050355,17016,0.9374690099719024,847,0.0466640956421133,18102,0.9973004242190512,train
2025-08-12,2025-08-12_r0896_c2016,4,9,896,2016,224,224,674495.0745433298,6059870.458216072,676741.4548196997,6062115.838349857,18845,0.3755779655612244,31331,True,True,True,data\raw\SummerSchool_Subset\images\2025-08-12\layers\2025-08-12_B04.tif,data\raw\SummerSchool_Subset\images\2025-08-12\layers\2025-08-12_B03.tif,data\raw\SummerSchool_Subset\images\2025-08-12\layers\2025-08-12_B02.tif,data\raw\SummerSchool_Subset\images\2025-08-12\layers\2025-08-12_VV.tif,data\raw\SummerSchool_Subset\images\2025-08-12\layers\2025-08-12_VH.tif,data\raw\SummerSchool_Subset\masks\2025_08_12.tiff,0 1 2 3 255,909,0.0482356062616078,348,0.0184664367206155,17036,0.9040063677368002,552,0.0292915892809763,17936,0.9517643937383922,train
2025-08-12,2025-08-12_r1120_c0672,5,3,1120,672,224,224,661016.7928851099,6057625.078082287,663263.1731614799,6059870.458216072,33288,0.6634247448979592,16888,True,True,True,data\raw\SummerSchool_Subset\images\2025-08-12\layers\2025-08-12_B04.tif,data\raw\SummerSchool_Subset\images\2025-08-12\layers\2025-08-12_B03.tif,data\raw\SummerSchool_Subset\images\2025-08-12\layers\2025-08-12_B02.tif,data\raw\SummerSchool_Subset\images\2025-08-12\layers\2025-08-12_VV.tif,data\raw\SummerSchool_Subset\images\2025-08-12\layers\2025-08-12_VH.tif,data\raw\SummerSchool_Subset\masks\2025_08_12.tiff,0 1 2 3 255,5829,0.1751081470800288,883,0.0265260754626291,23550,0.7074621485219899,3026,0.090903628935352,27459,0.8248918529199711,train
2025-08-12,2025-08-12_r1120_c1120,5,5,1120,1120,224,224,665509.5534378499,6057625.078082287,667755.9337142198,6059870.458216072,19718,0.3929767219387755,30458,True,True,True,data\raw\SummerSchool_Subset\images\2025-08-12\layers\2025-08-12_B04.tif,data\raw\SummerSchool_Subset\images\2025-08-12\layers\2025-08-12_B03.tif,data\raw\SummerSchool_Subset\images\2025-08-12\layers\2025-08-12_B02.tif,data\raw\SummerSchool_Subset\images\2025-08-12\layers\2025-08-12_VV.tif,data\raw\SummerSchool_Subset\images\2025-08-12\layers\2025-08-12_VH.tif,data\raw\SummerSchool_Subset\masks\2025_08_12.tiff,0 1 2 3 255,1,5.071508266558474e-05,693,0.0351455522872502,13140,0.6663961862257836,5884,0.2984075464043006,19717,0.9999492849173344,train
2025-08-12,2025-08-12_r1120_c1344,5,6,1120,1344,224,224,667755.9337142198,6057625.078082287,670002.3139905898,6059870.458216072,35154,0.7006138392857143,15022,True,True,True,data\raw\SummerSchool_Subset\images\2025-08-12\layers\2025-08-12_B04.tif,data\raw\SummerSchool_Subset\images\2025-08-12\layers\2025-08-12_B03.tif,data\raw\SummerSchool_Subset\images\2025-08-12\layers\2025-08-12_B02.tif,data\raw\SummerSchool_Subset\images\2025-08-12\layers\2025-08-12_VV.tif,data\raw\SummerSchool_Subset\images\2025-08-12\layers\2025-08-12_VH.tif,data\raw\SummerSchool_Subset\masks\2025_08_12.tiff,0 1 2 3 255,274,0.0077942766114809,500,0.0142231325027023,32542,0.9256983558058828,1838,0.052284235079934,34880,0.9922057233885192,train
2025-08-12,2025-08-12_r1120_c1568,5,7,1120,1568,224,224,670002.3139905898,6057625.078082287,672248.6942669598,6059870.458216072,41329,0.8236806441326531,8847,True,True,True,data\raw\SummerSchool_Subset\images\2025-08-12\layers\2025-08-12_B04.tif,data\raw\SummerSchool_Subset\images\2025-08-12\layers\2025-08-12_B03.tif,data\raw\SummerSchool_Subset\images\2025-08-12\layers\2025-08-12_B02.tif,data\raw\SummerSchool_Subset\images\2025-08-12\layers\2025-08-12_VV.tif,data\raw\SummerSchool_Subset\images\2025-08-12\layers\2025-08-12_VH.tif,data\raw\SummerSchool_Subset\masks\2025_08_12.tiff,0 1 2 3 255,2812,0.0680393912264995,682,0.0165017300200827,37237,0.9009896198795035,598,0.0144692588739142,38517,0.9319606087735004,train
2025-08-12,2025-08-12_r1120_c1792,5,8,1120,1792,224,224,672248.6942669598,6057625.078082287,674495.0745433298,6059870.458216072,35123,0.6999960140306123,15053,True,True,True,data\raw\SummerSchool_Subset\images\2025-08-12\layers\2025-08-12_B04.tif,data\raw\SummerSchool_Subset\images\2025-08-12\layers\2025-08-12_B03.tif,data\raw\SummerSchool_Subset\images\2025-08-12\layers\2025-08-12_B02.tif,data\raw\SummerSchool_Subset\images\2025-08-12\layers\2025-08-12_VV.tif,data\raw\SummerSchool_Subset\images\2025-08-12\layers\2025-08-12_VH.tif,data\raw\SummerSchool_Subset\masks\2025_08_12.tiff,0 1 2 3 255,3285,0.0935284571363494,224,0.0063775873359337,26726,0.7609258890185918,4888,0.139168066509125,31838,0.9064715428636506,train
2025-08-12,2025-08-12_r1344_c0672,6,3,1344,672,224,224,661016.7928851099,6055379.6979485005,663263.1731614799,6057625.078082287,37665,0.7506576849489796,12511,True,True,True,data\raw\SummerSchool_Subset\images\2025-08-12\layers\2025-08-12_B04.tif,data\raw\SummerSchool_Subset\images\2025-08-12\layers\2025-08-12_B03.tif,data\raw\SummerSchool_Subset\images\2025-08-12\layers\2025-08-12_B02.tif,data\raw\SummerSchool_Subset\images\2025-08-12\layers\2025-08-12_VV.tif,data\raw\SummerSchool_Subset\images\2025-08-12\layers\2025-08-12_VH.tif,data\raw\SummerSchool_Subset\masks\2025_08_12.tiff,0 1 2 3 255,9083,0.2411522633744856,863,0.02291251825302,26442,0.7020310633213859,1277,0.0339041550511084,28582,0.7588477366255144,train
2025-08-12,2025-08-12_r1344_c0896,6,4,1344,896,224,224,663263.1731614799,6055379.6979485005,665509.5534378499,6057625.078082287,15982,0.3185188137755102,34194,True,True,True,data\raw\SummerSchool_Subset\images\2025-08-12\layers\2025-08-12_B04.tif,data\raw\SummerSchool_Subset\images\2025-08-12\layers\2025-08-12_B03.tif,data\raw\SummerSchool_Subset\images\2025-08-12\layers\2025-08-12_B02.tif,data\raw\SummerSchool_Subset\images\2025-08-12\layers\2025-08-12_VV.tif,data\raw\SummerSchool_Subset\images\2025-08-12\layers\2025-08-12_VH.tif,data\raw\SummerSchool_Subset\masks\2025_08_12.tiff,0 1 2 3 255,67,0.0041922162432736,228,0.0142660493054686,14212,0.889250406707546,1475,0.0922913277437116,15915,0.9958077837567264,train
2025-08-12,2025-08-12_r1344_c1120,6,5,1344,1120,224,224,665509.5534378499,6055379.6979485005,667755.9337142198,6057625.078082287,25024,0.4987244897959184,25152,True,True,True,data\raw\SummerSchool_Subset\images\2025-08-12\layers\2025-08-12_B04.tif,data\raw\SummerSchool_Subset\images\2025-08-12\layers\2025-08-12_B03.tif,data\raw\SummerSchool_Subset\images\2025-08-12\layers\2025-08-12_B02.tif,data\raw\SummerSchool_Subset\images\2025-08-12\layers\2025-08-12_VV.tif,data\raw\SummerSchool_Subset\images\2025-08-12\layers\2025-08-12_VH.tif,data\raw\SummerSchool_Subset\masks\2025_08_12.tiff,0 1 2 3 255,1,3.9961636828644505e-05,256,0.0102301790281329,22492,0.8988171355498721,2275,0.0909127237851662,25023,0.9999600383631714,train
2025-08-12,2025-08-12_r1344_c1344,6,6,1344,1344,224,224,667755.9337142198,6055379.6979485005,670002.3139905898,6057625.078082287,29991,0.5977160395408163,20185,True,True,True,data\raw\SummerSchool_Subset\images\2025-08-12\layers\2025-08-12_B04.tif,data\raw\SummerSchool_Subset\images\2025-08-12\layers\2025-08-12_B03.tif,data\raw\SummerSchool_Subset\images\2025-08-12\layers\2025-08-12_B02.tif,data\raw\SummerSchool_Subset\images\2025-08-12\layers\2025-08-12_VV.tif,data\raw\SummerSchool_Subset\images\2025-08-12\layers\2025-08-12_VH.tif,data\raw\SummerSchool_Subset\masks\2025_08_12.tiff,0 1 2 3 255,3505,0.1168683938514887,511,0.0170384448667933,25234,0.8413857490580507,741,0.0247074122236671,26486,0.8831316061485113,train
2025-08-12,2025-08-12_r1344_c1568,6,7,1344,1568,224,224,670002.3139905898,6055379.6979485005,672248.6942669598,6057625.078082287,44609,0.8890505420918368,5567,True,True,True,data\raw\SummerSchool_Subset\images\2025-08-12\layers\2025-08-12_B04.tif,data\raw\SummerSchool_Subset\images\2025-08-12\layers\2025-08-12_B03.tif,data\raw\SummerSchool_Subset\images\2025-08-12\layers\2025-08-12_B02.tif,data\raw\SummerSchool_Subset\images\2025-08-12\layers\2025-08-12_VV.tif,data\raw\SummerSchool_Subset\images\2025-08-12\layers\2025-08-12_VH.tif,data\raw\SummerSchool_Subset\masks\2025_08_12.tiff,0 1 2 3 255,20050,0.4494608711246609,1070,0.0239861911273509,23426,0.5251406666816113,63,0.0014122710663767,24559,0.5505391288753391,train
2025-08-12,2025-08-12_r1344_c1792,6,8,1344,1792,224,224,672248.6942669598,6055379.6979485005,674495.0745433298,6057625.078082287,23217,0.462711256377551,26959,True,True,True,data\raw\SummerSchool_Subset\images\2025-08-12\layers\2025-08-12_B04.tif,data\raw\SummerSchool_Subset\images\2025-08-12\layers\2025-08-12_B03.tif,data\raw\SummerSchool_Subset\images\2025-08-12\layers\2025-08-12_B02.tif,data\raw\SummerSchool_Subset\images\2025-08-12\layers\2025-08-12_VV.tif,data\raw\SummerSchool_Subset\images\2025-08-12\layers\2025-08-12_VH.tif,data\raw\SummerSchool_Subset\masks\2025_08_12.tiff,0 1 2 3 255,1283,0.0552612309945298,70,0.0030150320885558,17746,0.7643537063358746,4118,0.1773700305810397,21934,0.9447387690054702,train
2025-08-12,2025-08-12_r1568_c0672,7,3,1568,672,224,224,661016.7928851099,6053134.317814715,663263.1731614799,6055379.6979485005,44148,0.8798628826530612,6028,True,True,True,data\raw\SummerSchool_Subset\images\2025-08-12\layers\2025-08-12_B04.tif,data\raw\SummerSchool_Subset\images\2025-08-12\layers\2025-08-12_B03.tif,data\raw\SummerSchool_Subset\images\2025-08-12\layers\2025-08-12_B02.tif,data\raw\SummerSchool_Subset\images\2025-08-12\layers\2025-08-12_VV.tif,data\raw\SummerSchool_Subset\images\2025-08-12\layers\2025-08-12_VH.tif,data\raw\SummerSchool_Subset\masks\2025_08_12.tiff,0 1 2 3 255,4442,0.1006161094500317,1484,0.033614206759083,37964,0.8599257044486727,258,0.0058439793422125,39706,0.8993838905499683,train
2025-08-12,2025-08-12_r1568_c0896,7,4,1568,896,224,224,663263.1731614799,6053134.317814715,665509.5534378499,6055379.6979485005,32600,0.6497130102040817,17576,True,True,True,data\raw\SummerSchool_Subset\images\2025-08-12\layers\2025-08-12_B04.tif,data\raw\SummerSchool_Subset\images\2025-08-12\layers\2025-08-12_B03.tif,data\raw\SummerSchool_Subset\images\2025-08-12\layers\2025-08-12_B02.tif,data\raw\SummerSchool_Subset\images\2025-08-12\layers\2025-08-12_VV.tif,data\raw\SummerSchool_Subset\images\2025-08-12\layers\2025-08-12_VH.tif,data\raw\SummerSchool_Subset\masks\2025_08_12.tiff,0 1 2 3 255,181,0.0055521472392638,825,0.0253067484662576,31147,0.9554294478527608,447,0.0137116564417177,32419,0.9944478527607362,train
2025-08-12,2025-08-12_r1568_c1120,7,5,1568,1120,224,224,665509.5534378499,6053134.317814715,667755.9337142198,6055379.6979485005,24884,0.4959343112244898,25292,True,True,True,data\raw\SummerSchool_Subset\images\2025-08-12\layers\2025-08-12_B04.tif,data\raw\SummerSchool_Subset\images\2025-08-12\layers\2025-08-12_B03.tif,data\raw\SummerSchool_Subset\images\2025-08-12\layers\2025-08-12_B02.tif,data\raw\SummerSchool_Subset\images\2025-08-12\layers\2025-08-12_VV.tif,data\raw\SummerSchool_Subset\images\2025-08-12\layers\2025-08-12_VH.tif,data\raw\SummerSchool_Subset\masks\2025_08_12.tiff,0 1 2 3 255,3,0.0001205593955955,214,0.0085999035524835,23843,0.9581658897283396,824,0.0331136473235814,24881,0.9998794406044044,train
2025-08-12,2025-08-12_r1568_c1344,7,6,1568,1344,224,224,667755.9337142198,6053134.317814715,670002.3139905898,6055379.6979485005,39244,0.7821269132653061,10932,True,True,True,data\raw\SummerSchool_Subset\images\2025-08-12\layers\2025-08-12_B04.tif,data\raw\SummerSchool_Subset\images\2025-08-12\layers\2025-08-12_B03.tif,data\raw\SummerSchool_Subset\images\2025-08-12\layers\2025-08-12_B02.tif,data\raw\SummerSchool_Subset\images\2025-08-12\layers\2025-08-12_VV.tif,data\raw\SummerSchool_Subset\images\2025-08-12\layers\2025-08-12_VH.tif,data\raw\SummerSchool_Subset\masks\2025_08_12.tiff,0 1 2 3 255,6193,0.1578075629395576,1139,0.0290235450005096,31699,0.8077413107736214,213,0.0054275812863112,33051,0.8421924370604423,train
2025-08-12,2025-08-12_r1568_c1568,7,7,1568,1568,224,224,670002.3139905898,6053134.317814715,672248.6942669598,6055379.6979485005,43402,0.8649952168367347,6774,True,True,True,data\raw\SummerSchool_Subset\images\2025-08-12\layers\2025-08-12_B04.tif,data\raw\SummerSchool_Subset\images\2025-08-12\layers\2025-08-12_B03.tif,data\raw\SummerSchool_Subset\images\2025-08-12\layers\2025-08-12_B02.tif,data\raw\SummerSchool_Subset\images\2025-08-12\layers\2025-08-12_VV.tif,data\raw\SummerSchool_Subset\images\2025-08-12\layers\2025-08-12_VH.tif,data\raw\SummerSchool_Subset\masks\2025_08_12.tiff,0 1 2 3 255,8507,0.1960047924058799,5371,0.1237500576010322,29062,0.669600479240588,462,0.0106446707524998,34895,0.8039952075941201,train
2025-08-12,2025-08-12_r1568_c1792,7,8,1568,1792,224,224,672248.6942669598,6053134.317814715,674495.0745433298,6055379.6979485005,29164,0.5812340561224489,21012,True,True,True,data\raw\SummerSchool_Subset\images\2025-08-12\layers\2025-08-12_B04.tif,data\raw\SummerSchool_Subset\images\2025-08-12\layers\2025-08-12_B03.tif,data\raw\SummerSchool_Subset\images\2025-08-12\layers\2025-08-12_B02.tif,data\raw\SummerSchool_Subset\images\2025-08-12\layers\2025-08-12_VV.tif,data\raw\SummerSchool_Subset\images\2025-08-12\layers\2025-08-12_VH.tif,data\raw\SummerSchool_Subset\masks\2025_08_12.tiff,0 1 2 3 255,10744,0.3683993965162529,4526,0.1551913317789055,12579,0.4313194349197641,1315,0.0450898367850774,18420,0.6316006034837471,train
2025-08-12,2025-08-12_r1568_c2016,7,9,1568,2016,224,224,674495.0745433298,6053134.317814715,676741.4548196997,6055379.6979485005,24050,0.479312818877551,26126,True,True,True,data\raw\SummerSchool_Subset\images\2025-08-12\layers\2025-08-12_B04.tif,data\raw\SummerSchool_Subset\images\2025-08-12\layers\2025-08-12_B03.tif,data\raw\SummerSchool_Subset\images\2025-08-12\layers\2025-08-12_B02.tif,data\raw\SummerSchool_Subset\images\2025-08-12\layers\2025-08-12_VV.tif,data\raw\SummerSchool_Subset\images\2025-08-12\layers\2025-08-12_VH.tif,data\raw\SummerSchool_Subset\masks\2025_08_12.tiff,0 1 2 3 255,8292,0.3447817047817048,4186,0.174054054054054,10289,0.4278170478170478,1283,0.0533471933471933,15758,0.6552182952182952,train
2025-08-12,2025-08-12_r1792_c0448,8,2,1792,448,224,224,658770.4126087399,6050888.937680929,661016.7928851099,6053134.317814715,28018,0.5583944515306123,22158,True,True,True,data\raw\SummerSchool_Subset\images\2025-08-12\layers\2025-08-12_B04.tif,data\raw\SummerSchool_Subset\images\2025-08-12\layers\2025-08-12_B03.tif,data\raw\SummerSchool_Subset\images\2025-08-12\layers\2025-08-12_B02.tif,data\raw\SummerSchool_Subset\images\2025-08-12\layers\2025-08-12_VV.tif,data\raw\SummerSchool_Subset\images\2025-08-12\layers\2025-08-12_VH.tif,data\raw\SummerSchool_Subset\masks\2025_08_12.tiff,0 1 2 3 255,3635,0.1297380255550003,384,0.0137054750517524,23440,0.8366050396173889,559,0.0199514597758583,24383,0.8702619744449996,train
2025-08-12,2025-08-12_r1792_c0672,8,3,1792,672,224,224,661016.7928851099,6050888.937680929,663263.1731614799,6053134.317814715,39718,0.7915736607142857,10458,True,True,True,data\raw\SummerSchool_Subset\images\2025-08-12\layers\2025-08-12_B04.tif,data\raw\SummerSchool_Subset\images\2025-08-12\layers\2025-08-12_B03.tif,data\raw\SummerSchool_Subset\images\2025-08-12\layers\2025-08-12_B02.tif,data\raw\SummerSchool_Subset\images\2025-08-12\layers\2025-08-12_VV.tif,data\raw\SummerSchool_Subset\images\2025-08-12\layers\2025-08-12_VH.tif,data\raw\SummerSchool_Subset\masks\2025_08_12.tiff,0 1 2 3 255,459,0.011556473135606,498,0.0125383956896117,38043,0.9578276851805226,718,0.0180774459942595,39259,0.988443526864394,train
2025-08-12,2025-08-12_r1792_c0896,8,4,1792,896,224,224,663263.1731614799,6050888.937680929,665509.5534378499,6053134.317814715,37476,0.7468909438775511,12700,True,True,True,data\raw\SummerSchool_Subset\images\2025-08-12\layers\2025-08-12_B04.tif,data\raw\SummerSchool_Subset\images\2025-08-12\layers\2025-08-12_B03.tif,data\raw\SummerSchool_Subset\images\2025-08-12\layers\2025-08-12_B02.tif,data\raw\SummerSchool_Subset\images\2025-08-12\layers\2025-08-12_VV.tif,data\raw\SummerSchool_Subset\images\2025-08-12\layers\2025-08-12_VH.tif,data\raw\SummerSchool_Subset\masks\2025_08_12.tiff,0 1 2 3 255,632,0.0168641263742128,904,0.0241221048137474,35418,0.9450848543067564,522,0.0139289145052833,36844,0.9831358736257872,train
2025-08-12,2025-08-12_r1792_c1120,8,5,1792,1120,224,224,665509.5534378499,6050888.937680929,667755.9337142198,6053134.317814715,37258,0.742546237244898,12918,True,True,True,data\raw\SummerSchool_Subset\images\2025-08-12\layers\2025-08-12_B04.tif,data\raw\SummerSchool_Subset\images\2025-08-12\layers\2025-08-12_B03.tif,data\raw\SummerSchool_Subset\images\2025-08-12\layers\2025-08-12_B02.tif,data\raw\SummerSchool_Subset\images\2025-08-12\layers\2025-08-12_VV.tif,data\raw\SummerSchool_Subset\images\2025-08-12\layers\2025-08-12_VH.tif,data\raw\SummerSchool_Subset\masks\2025_08_12.tiff,0 1 2 3 255,722,0.0193783885340061,1036,0.0278061087551666,34835,0.9349669869558216,665,0.0178485157550056,36536,0.980621611465994,train
2025-08-12,2025-08-12_r1792_c1344,8,6,1792,1344,224,224,667755.9337142198,6050888.937680929,670002.3139905898,6053134.317814715,32558,0.6488759566326531,17618,True,True,True,data\raw\SummerSchool_Subset\images\2025-08-12\layers\2025-08-12_B04.tif,data\raw\SummerSchool_Subset\images\2025-08-12\layers\2025-08-12_B03.tif,data\raw\SummerSchool_Subset\images\2025-08-12\layers\2025-08-12_B02.tif,data\raw\SummerSchool_Subset\images\2025-08-12\layers\2025-08-12_VV.tif,data\raw\SummerSchool_Subset\images\2025-08-12\layers\2025-08-12_VH.tif,data\raw\SummerSchool_Subset\masks\2025_08_12.tiff,0 1 2 3 255,3548,0.1089747527489403,4678,0.1436820443516186,23771,0.7301124147674919,561,0.0172307881319491,29010,0.8910252472510597,train
2025-08-12,2025-08-12_r1792_c1568,8,7,1792,1568,224,224,670002.3139905898,6050888.937680929,672248.6942669598,6053134.317814715,38505,0.7673987563775511,11671,True,True,True,data\raw\SummerSchool_Subset\images\2025-08-12\layers\2025-08-12_B04.tif,data\raw\SummerSchool_Subset\images\2025-08-12\layers\2025-08-12_B03.tif,data\raw\SummerSchool_Subset\images\2025-08-12\layers\2025-08-12_B02.tif,data\raw\SummerSchool_Subset\images\2025-08-12\layers\2025-08-12_VV.tif,data\raw\SummerSchool_Subset\images\2025-08-12\layers\2025-08-12_VH.tif,data\raw\SummerSchool_Subset\masks\2025_08_12.tiff,0 1 2 3 255,563,0.0146214777301649,3018,0.0783794312426957,33315,0.8652123100895988,1609,0.0417867809375405,37942,0.9853785222698352,train
2025-08-12,2025-08-12_r1792_c1792,8,8,1792,1792,224,224,672248.6942669598,6050888.937680929,674495.0745433298,6053134.317814715,34530,0.6881776147959183,15646,True,True,True,data\raw\SummerSchool_Subset\images\2025-08-12\layers\2025-08-12_B04.tif,data\raw\SummerSchool_Subset\images\2025-08-12\layers\2025-08-12_B03.tif,data\raw\SummerSchool_Subset\images\2025-08-12\layers\2025-08-12_B02.tif,data\raw\SummerSchool_Subset\images\2025-08-12\layers\2025-08-12_VV.tif,data\raw\SummerSchool_Subset\images\2025-08-12\layers\2025-08-12_VH.tif,data\raw\SummerSchool_Subset\masks\2025_08_12.tiff,0 1 2 3 255,2658,0.0769765421372719,3532,0.1022878656240949,24299,0.703706921517521,4041,0.117028670721112,31872,0.923023457862728,train
2025-08-12,2025-08-12_r1792_c2016,8,9,1792,2016,224,224,674495.0745433298,6050888.937680929,676741.4548196997,6053134.317814715,35888,0.7152423469387755,14288,True,True,True,data\raw\SummerSchool_Subset\images\2025-08-12\layers\2025-08-12_B04.tif,data\raw\SummerSchool_Subset\images\2025-08-12\layers\2025-08-12_B03.tif,data\raw\SummerSchool_Subset\images\2025-08-12\layers\2025-08-12_B02.tif,data\raw\SummerSchool_Subset\images\2025-08-12\layers\2025-08-12_VV.tif,data\raw\SummerSchool_Subset\images\2025-08-12\layers\2025-08-12_VH.tif,data\raw\SummerSchool_Subset\masks\2025_08_12.tiff,0 1 2 3 255,13557,0.3777585822559072,4555,0.1269226482389656,16656,0.4641105662059741,1120,0.0312082032991529,22331,0.6222414177440927,train
2025-08-12,2025-08-12_r2016_c0224,9,1,2016,224,224,224,656524.0323323699,6048643.557547144,658770.4126087399,6050888.937680929,29216,0.5822704081632653,20960,True,True,True,data\raw\SummerSchool_Subset\images\2025-08-12\layers\2025-08-12_B04.tif,data\raw\SummerSchool_Subset\images\2025-08-12\layers\2025-08-12_B03.tif,data\raw\SummerSchool_Subset\images\2025-08-12\layers\2025-08-12_B02.tif,data\raw\SummerSchool_Subset\images\2025-08-12\layers\2025-08-12_VV.tif,data\raw\SummerSchool_Subset\images\2025-08-12\layers\2025-08-12_VH.tif,data\raw\SummerSchool_Subset\masks\2025_08_12.tiff,0 1 2 3 255,1162,0.0397727272727272,712,0.0243702081051478,26407,0.903854052573932,935,0.0320030120481927,28054,0.9602272727272728,train
2025-08-12,2025-08-12_r2016_c0448,9,2,2016,448,224,224,658770.4126087399,6048643.557547144,661016.7928851099,6050888.937680929,35680,0.7110969387755102,14496,True,True,True,data\raw\SummerSchool_Subset\images\2025-08-12\layers\2025-08-12_B04.tif,data\raw\SummerSchool_Subset\images\2025-08-12\layers\2025-08-12_B03.tif,data\raw\SummerSchool_Subset\images\2025-08-12\layers\2025-08-12_B02.tif,data\raw\SummerSchool_Subset\images\2025-08-12\layers\2025-08-12_VV.tif,data\raw\SummerSchool_Subset\images\2025-08-12\layers\2025-08-12_VH.tif,data\raw\SummerSchool_Subset\masks\2025_08_12.tiff,0 1 2 3 255,2158,0.060482062780269,416,0.0116591928251121,32078,0.8990470852017938,1028,0.0288116591928251,33522,0.939517937219731,train
2025-08-12,2025-08-12_r2016_c0672,9,3,2016,672,224,224,661016.7928851099,6048643.557547144,663263.1731614799,6050888.937680929,26149,0.5211455676020408,24027,True,True,True,data\raw\SummerSchool_Subset\images\2025-08-12\layers\2025-08-12_B04.tif,data\raw\SummerSchool_Subset\images\2025-08-12\layers\2025-08-12_B03.tif,data\raw\SummerSchool_Subset\images\2025-08-12\layers\2025-08-12_B02.tif,data\raw\SummerSchool_Subset\images\2025-08-12\layers\2025-08-12_VV.tif,data\raw\SummerSchool_Subset\images\2025-08-12\layers\2025-08-12_VH.tif,data\raw\SummerSchool_Subset\masks\2025_08_12.tiff,0 1 2 3 255,84,0.0032123599372824,837,0.0320088722322077,21165,0.8093999770545719,4063,0.1553787907759379,26065,0.9967876400627176,train
2025-08-12,2025-08-12_r2016_c0896,9,4,2016,896,224,224,663263.1731614799,6048643.557547144,665509.5534378499,6050888.937680929,34634,0.6902503188775511,15542,True,True,True,data\raw\SummerSchool_Subset\images\2025-08-12\layers\2025-08-12_B04.tif,data\raw\SummerSchool_Subset\images\2025-08-12\layers\2025-08-12_B03.tif,data\raw\SummerSchool_Subset\images\2025-08-12\layers\2025-08-12_B02.tif,data\raw\SummerSchool_Subset\images\2025-08-12\layers\2025-08-12_VV.tif,data\raw\SummerSchool_Subset\images\2025-08-12\layers\2025-08-12_VH.tif,data\raw\SummerSchool_Subset\masks\2025_08_12.tiff,0 1 2 3 255,226,0.0065253796847028,919,0.0265346191603626,31043,0.8963157590806722,2446,0.0706242420742622,34408,0.9934746203152972,train
2025-08-12,2025-08-12_r2016_c1120,9,5,2016,1120,224,224,665509.5534378499,6048643.557547144,667755.9337142198,6050888.937680929,41464,0.8263711734693877,8712,True,True,True,data\raw\SummerSchool_Subset\images\2025-08-12\layers\2025-08-12_B04.tif,data\raw\SummerSchool_Subset\images\2025-08-12\layers\2025-08-12_B03.tif,data\raw\SummerSchool_Subset\images\2025-08-12\layers\2025-08-12_B02.tif,data\raw\SummerSchool_Subset\images\2025-08-12\layers\2025-08-12_VV.tif,data\raw\SummerSchool_Subset\images\2025-08-12\layers\2025-08-12_VH.tif,data\raw\SummerSchool_Subset\masks\2025_08_12.tiff,0 1 2 3 255,1781,0.0429529230175574,2033,0.0490304842755161,36452,0.8791240594250435,1198,0.028892533281883,39683,0.9570470769824426,train
2025-08-12,2025-08-12_r2016_c1344,9,6,2016,1344,224,224,667755.9337142198,6048643.557547144,670002.3139905898,6050888.937680929,40708,0.8113042091836735,9468,True,True,True,data\raw\SummerSchool_Subset\images\2025-08-12\layers\2025-08-12_B04.tif,data\raw\SummerSchool_Subset\images\2025-08-12\layers\2025-08-12_B03.tif,data\raw\SummerSchool_Subset\images\2025-08-12\layers\2025-08-12_B02.tif,data\raw\SummerSchool_Subset\images\2025-08-12\layers\2025-08-12_VV.tif,data\raw\SummerSchool_Subset\images\2025-08-12\layers\2025-08-12_VH.tif,data\raw\SummerSchool_Subset\masks\2025_08_12.tiff,0 1 2 3 255,2328,0.0571877763584553,16439,0.4038272575415151,20170,0.4954800039304313,1771,0.0435049621695981,38380,0.9428122236415448,train
2025-08-12,2025-08-12_r2016_c1568,9,7,2016,1568,224,224,670002.3139905898,6048643.557547144,672248.6942669598,6050888.937680929,34646,0.6904894770408163,15530,True,True,True,data\raw\SummerSchool_Subset\images\2025-08-12\layers\2025-08-12_B04.tif,data\raw\SummerSchool_Subset\images\2025-08-12\layers\2025-08-12_B03.tif,data\raw\SummerSchool_Subset\images\2025-08-12\layers\2025-08-12_B02.tif,data\raw\SummerSchool_Subset\images\2025-08-12\layers\2025-08-12_VV.tif,data\raw\SummerSchool_Subset\images\2025-08-12\layers\2025-08-12_VH.tif,data\raw\SummerSchool_Subset\masks\2025_08_12.tiff,0 1 2 3 255,280,0.0080817410379264,1103,0.0318362870172602,28990,0.8367488310338855,4273,0.1233331409109276,34366,0.9919182589620736,train
2025-08-12,2025-08-12_r2016_c1792,9,8,2016,1792,224,224,672248.6942669598,6048643.557547144,674495.0745433298,6050888.937680929,28893,0.5758330676020408,21283,True,True,True,data\raw\SummerSchool_Subset\images\2025-08-12\layers\2025-08-12_B04.tif,data\raw\SummerSchool_Subset\images\2025-08-12\layers\2025-08-12_B03.tif,data\raw\SummerSchool_Subset\images\2025-08-12\layers\2025-08-12_B02.tif,data\raw\SummerSchool_Subset\images\2025-08-12\layers\2025-08-12_VV.tif,data\raw\SummerSchool_Subset\images\2025-08-12\layers\2025-08-12_VH.tif,data\raw\SummerSchool_Subset\masks\2025_08_12.tiff,0 1 2 3 255,918,0.0317724016197694,783,0.0270999896168622,25602,0.8860969785069048,1590,0.0550306302564635,27975,0.9682275983802304,train
2025-08-12,2025-08-12_r2240_c0000,10,0,2240,0,224,224,654277.652056,6046398.177413358,656524.0323323699,6048643.557547144,17543,0.3496293048469387,32633,True,True,True,data\raw\SummerSchool_Subset\images\2025-08-12\layers\2025-08-12_B04.tif,data\raw\SummerSchool_Subset\images\2025-08-12\layers\2025-08-12_B03.tif,data\raw\SummerSchool_Subset\images\2025-08-12\layers\2025-08-12_B02.tif,data\raw\SummerSchool_Subset\images\2025-08-12\layers\2025-08-12_VV.tif,data\raw\SummerSchool_Subset\images\2025-08-12\layers\2025-08-12_VH.tif,data\raw\SummerSchool_Subset\masks\2025_08_12.tiff,0 1 2 3 255,137,0.0078093826597503,77,0.0043892150715385,16481,0.9394630336886508,848,0.0483383685800604,17406,0.9921906173402496,train
2025-08-12,2025-08-12_r2240_c0224,10,1,2240,224,224,224,656524.0323323699,6046398.177413358,658770.4126087399,6048643.557547144,46157,0.9199019451530612,4019,True,True,True,data\raw\SummerSchool_Subset\images\2025-08-12\layers\2025-08-12_B04.tif,data\raw\SummerSchool_Subset\images\2025-08-12\layers\2025-08-12_B03.tif,data\raw\SummerSchool_Subset\images\2025-08-12\layers\2025-08-12_B02.tif,data\raw\SummerSchool_Subset\images\2025-08-12\layers\2025-08-12_VV.tif,data\raw\SummerSchool_Subset\images\2025-08-12\layers\2025-08-12_VH.tif,data\raw\SummerSchool_Subset\masks\2025_08_12.tiff,0 1 2 3 255,4491,0.0972983512793292,1370,0.0296813051108174,39652,0.859067963689148,644,0.0139523799207054,41666,0.9027016487206708,train
2025-08-12,2025-08-12_r2240_c0448,10,2,2240,448,224,224,658770.4126087399,6046398.177413358,661016.7928851099,6048643.557547144,41852,0.8341039540816326,8324,True,True,True,data\raw\SummerSchool_Subset\images\2025-08-12\layers\2025-08-12_B04.tif,data\raw\SummerSchool_Subset\images\2025-08-12\layers\2025-08-12_B03.tif,data\raw\SummerSchool_Subset\images\2025-08-12\layers\2025-08-12_B02.tif,data\raw\SummerSchool_Subset\images\2025-08-12\layers\2025-08-12_VV.tif,data\raw\SummerSchool_Subset\images\2025-08-12\layers\2025-08-12_VH.tif,data\raw\SummerSchool_Subset\masks\2025_08_12.tiff,0 1 2 3 255,1122,0.0268087546592755,582,0.0139061454649718,38437,0.918402943706394,1711,0.0408821561693586,40730,0.9731912453407244,train
2025-08-12,2025-08-12_r2240_c0672,10,3,2240,672,224,224,661016.7928851099,6046398.177413358,663263.1731614799,6048643.557547144,31869,0.6351442920918368,18307,True,True,True,data\raw\SummerSchool_Subset\images\2025-08-12\layers\2025-08-12_B04.tif,data\raw\SummerSchool_Subset\images\2025-08-12\layers\2025-08-12_B03.tif,data\raw\SummerSchool_Subset\images\2025-08-12\layers\2025-08-12_B02.tif,data\raw\SummerSchool_Subset\images\2025-08-12\layers\2025-08-12_VV.tif,data\raw\SummerSchool_Subset\images\2025-08-12\layers\2025-08-12_VH.tif,data\raw\SummerSchool_Subset\masks\2025_08_12.tiff,0 1 2 3 255,624,0.0195801562647086,1398,0.0438670808622799,24121,0.7568797263798676,5726,0.1796730364931438,31245,0.9804198437352912,train
2025-08-12,2025-08-12_r2240_c0896,10,4,2240,896,224,224,663263.1731614799,6046398.177413358,665509.5534378499,6048643.557547144,35509,0.7076889349489796,14667,True,True,True,data\raw\SummerSchool_Subset\images\2025-08-12\layers\2025-08-12_B04.tif,data\raw\SummerSchool_Subset\images\2025-08-12\layers\2025-08-12_B03.tif,data\raw\SummerSchool_Subset\images\2025-08-12\layers\2025-08-12_B02.tif,data\raw\SummerSchool_Subset\images\2025-08-12\layers\2025-08-12_VV.tif,data\raw\SummerSchool_Subset\images\2025-08-12\layers\2025-08-12_VH.tif,data\raw\SummerSchool_Subset\masks\2025_08_12.tiff,0 1 2 3 255,1101,0.0310062237742544,2899,0.0816412740432003,27062,0.76211664648399,4447,0.1252358556985553,34408,0.9689937762257456,train
2025-08-12,2025-08-12_r2240_c1120,10,5,2240,1120,224,224,665509.5534378499,6046398.177413358,667755.9337142198,6048643.557547144,39528,0.7877869897959183,10648,True,True,True,data\raw\SummerSchool_Subset\images\2025-08-12\layers\2025-08-12_B04.tif,data\raw\SummerSchool_Subset\images\2025-08-12\layers\2025-08-12_B03.tif,data\raw\SummerSchool_Subset\images\2025-08-12\layers\2025-08-12_B02.tif,data\raw\SummerSchool_Subset\images\2025-08-12\layers\2025-08-12_VV.tif,data\raw\SummerSchool_Subset\images\2025-08-12\layers\2025-08-12_VH.tif,data\raw\SummerSchool_Subset\masks\2025_08_12.tiff,0 1 2 3 255,1191,0.030130540376442,2595,0.0656496660595021,34191,0.8649817850637522,1551,0.0392380085003035,38337,0.969869459623558,train
2025-08-12,2025-08-12_r2240_c1344,10,6,2240,1344,224,224,667755.9337142198,6046398.177413358,670002.3139905898,6048643.557547144,38865,0.7745735012755102,11311,True,True,True,data\raw\SummerSchool_Subset\images\2025-08-12\layers\2025-08-12_B04.tif,data\raw\SummerSchool_Subset\images\2025-08-12\layers\2025-08-12_B03.tif,data\raw\SummerSchool_Subset\images\2025-08-12\layers\2025-08-12_B02.tif,data\raw\SummerSchool_Subset\images\2025-08-12\layers\2025-08-12_VV.tif,data\raw\SummerSchool_Subset\images\2025-08-12\layers\2025-08-12_VH.tif,data\raw\SummerSchool_Subset\masks\2025_08_12.tiff,0 1 2 3 255,2130,0.0548050945580856,5093,0.1310433552039109,30088,0.7741669882928084,1554,0.0399845619451949,36735,0.9451949054419144,train
2025-08-12,2025-08-12_r2240_c1568,10,7,2240,1568,224,224,670002.3139905898,6046398.177413358,672248.6942669598,6048643.557547144,42206,0.8411591198979592,7970,True,True,True,data\raw\SummerSchool_Subset\images\2025-08-12\layers\2025-08-12_B04.tif,data\raw\SummerSchool_Subset\images\2025-08-12\layers\2025-08-12_B03.tif,data\raw\SummerSchool_Subset\images\2025-08-12\layers\2025-08-12_B02.tif,data\raw\SummerSchool_Subset\images\2025-08-12\layers\2025-08-12_VV.tif,data\raw\SummerSchool_Subset\images\2025-08-12\layers\2025-08-12_VH.tif,data\raw\SummerSchool_Subset\masks\2025_08_12.tiff,0 1 2 3 255,6795,0.160996066909918,9669,0.2290906506183954,24695,0.5851063829787234,1047,0.024806899492963,35411,0.839003933090082,train
2025-08-12,2025-08-12_r2464_c0000,11,0,2464,0,224,224,654277.652056,6044152.797279572,656524.0323323699,6046398.177413358,19070,0.380062181122449,31106,True,True,True,data\raw\SummerSchool_Subset\images\2025-08-12\layers\2025-08-12_B04.tif,data\raw\SummerSchool_Subset\images\2025-08-12\layers\2025-08-12_B03.tif,data\raw\SummerSchool_Subset\images\2025-08-12\layers\2025-08-12_B02.tif,data\raw\SummerSchool_Subset\images\2025-08-12\layers\2025-08-12_VV.tif,data\raw\SummerSchool_Subset\images\2025-08-12\layers\2025-08-12_VH.tif,data\raw\SummerSchool_Subset\masks\2025_08_12.tiff,0 1 2 3 255,2011,0.1054535920293655,102,0.00534871525957,16448,0.8625065547981122,509,0.0266911379129522,17059,0.8945464079706344,train
2025-08-12,2025-08-12_r2464_c0224,11,1,2464,224,224,224,656524.0323323699,6044152.797279572,658770.4126087399,6046398.177413358,47224,0.9411670918367347,2952,True,True,True,data\raw\SummerSchool_Subset\images\2025-08-12\layers\2025-08-12_B04.tif,data\raw\SummerSchool_Subset\images\2025-08-12\layers\2025-08-12_B03.tif,data\raw\SummerSchool_Subset\images\2025-08-12\layers\2025-08-12_B02.tif,data\raw\SummerSchool_Subset\images\2025-08-12\layers\2025-08-12_VV.tif,data\raw\SummerSchool_Subset\images\2025-08-12\layers\2025-08-12_VH.tif,data\raw\SummerSchool_Subset\masks\2025_08_12.tiff,0 1 2 3 255,17600,0.3726918516008809,160,0.0033881077418261,28991,0.6139039471455192,473,0.0100160935117736,29624,0.6273081483991191,train
2025-08-12,2025-08-12_r2464_c0448,11,2,2464,448,224,224,658770.4126087399,6044152.797279572,661016.7928851099,6046398.177413358,47307,0.9428212691326532,2869,True,True,True,data\raw\SummerSchool_Subset\images\2025-08-12\layers\2025-08-12_B04.tif,data\raw\SummerSchool_Subset\images\2025-08-12\layers\2025-08-12_B03.tif,data\raw\SummerSchool_Subset\images\2025-08-12\layers\2025-08-12_B02.tif,data\raw\SummerSchool_Subset\images\2025-08-12\layers\2025-08-12_VV.tif,data\raw\SummerSchool_Subset\images\2025-08-12\layers\2025-08-12_VH.tif,data\raw\SummerSchool_Subset\masks\2025_08_12.tiff,0 1 2 3 255,26667,0.563700932208764,115,0.0024309298835267,20449,0.4322616103325089,76,0.0016065275752002,20640,0.4362990677912359,train
2025-08-12,2025-08-12_r2464_c0672,11,3,2464,672,224,224,661016.7928851099,6044152.797279572,663263.1731614799,6046398.177413358,45203,0.9008888711734694,4973,True,True,True,data\raw\SummerSchool_Subset\images\2025-08-12\layers\2025-08-12_B04.tif,data\raw\SummerSchool_Subset\images\2025-08-12\layers\2025-08-12_B03.tif,data\raw\SummerSchool_Subset\images\2025-08-12\layers\2025-08-12_B02.tif,data\raw\SummerSchool_Subset\images\2025-08-12\layers\2025-08-12_VV.tif,data\raw\SummerSchool_Subset\images\2025-08-12\layers\2025-08-12_VH.tif,data\raw\SummerSchool_Subset\masks\2025_08_12.tiff,0 1 2 3 255,6954,0.1538393469459991,40,0.0008848970201092,37852,0.8373780501294162,357,0.0078977059044753,38249,0.8461606530540008,train
2025-08-12,2025-08-12_r2464_c0896,11,4,2464,896,224,224,663263.1731614799,6044152.797279572,665509.5534378499,6046398.177413358,44593,0.8887316645408163,5583,True,True,True,data\raw\SummerSchool_Subset\images\2025-08-12\layers\2025-08-12_B04.tif,data\raw\SummerSchool_Subset\images\2025-08-12\layers\2025-08-12_B03.tif,data\raw\SummerSchool_Subset\images\2025-08-12\layers\2025-08-12_B02.tif,data\raw\SummerSchool_Subset\images\2025-08-12\layers\2025-08-12_VV.tif,data\raw\SummerSchool_Subset\images\2025-08-12\layers\2025-08-12_VH.tif,data\raw\SummerSchool_Subset\masks\2025_08_12.tiff,0 1 2 3 255,11040,0.2475724889556657,4690,0.105173457717579,28383,0.6364900320678133,480,0.0107640212589419,33553,0.7524275110443344,train
2025-08-12,2025-08-12_r2464_c1120,11,5,2464,1120,224,224,665509.5534378499,6044152.797279572,667755.9337142198,6046398.177413358,43214,0.8612484056122449,6962,True,True,True,data\raw\SummerSchool_Subset\images\2025-08-12\layers\2025-08-12_B04.tif,data\raw\SummerSchool_Subset\images\2025-08-12\layers\2025-08-12_B03.tif,data\raw\SummerSchool_Subset\images\2025-08-12\layers\2025-08-12_B02.tif,data\raw\SummerSchool_Subset\images\2025-08-12\layers\2025-08-12_VV.tif,data\raw\SummerSchool_Subset\images\2025-08-12\layers\2025-08-12_VH.tif,data\raw\SummerSchool_Subset\masks\2025_08_12.tiff,0 1 2 3 255,8492,0.1965103901513398,23147,0.535636599250243,11372,0.263155458879067,203,0.0046975517193502,34722,0.8034896098486601,train
2025-08-12,2025-08-12_r2464_c1344,11,6,2464,1344,224,224,667755.9337142198,6044152.797279572,670002.3139905898,6046398.177413358,40925,0.8156289859693877,9251,True,True,True,data\raw\SummerSchool_Subset\images\2025-08-12\layers\2025-08-12_B04.tif,data\raw\SummerSchool_Subset\images\2025-08-12\layers\2025-08-12_B03.tif,data\raw\SummerSchool_Subset\images\2025-08-12\layers\2025-08-12_B02.tif,data\raw\SummerSchool_Subset\images\2025-08-12\layers\2025-08-12_VV.tif,data\raw\SummerSchool_Subset\images\2025-08-12\layers\2025-08-12_VH.tif,data\raw\SummerSchool_Subset\masks\2025_08_12.tiff,0 1 2 3 255,10967,0.2679780085522297,24713,0.603860720830788,5024,0.1227611484422724,221,0.0054001221747098,29958,0.7320219914477704,train
2025-08-12,2025-08-12_r2464_c1568,11,7,2464,1568,224,224,670002.3139905898,6044152.797279572,672248.6942669598,6046398.177413358,30725,0.6123445471938775,19451,True,True,True,data\raw\SummerSchool_Subset\images\2025-08-12\layers\2025-08-12_B04.tif,data\raw\SummerSchool_Subset\images\2025-08-12\layers\2025-08-12_B03.tif,data\raw\SummerSchool_Subset\images\2025-08-12\layers\2025-08-12_B02.tif,data\raw\SummerSchool_Subset\images\2025-08-12\layers\2025-08-12_VV.tif,data\raw\SummerSchool_Subset\images\2025-08-12\layers\2025-08-12_VH.tif,data\raw\SummerSchool_Subset\masks\2025_08_12.tiff,0 1 2 3 255,12278,0.3996094385679414,11176,0.3637428803905614,6705,0.2182262001627339,566,0.0184214808787632,18447,0.6003905614320586,train
2025-08-12,2025-08-12_r2688_c0224,12,1,2688,224,224,224,656524.0323323699,6041907.417145787,658770.4126087399,6044152.797279572,16078,0.3204320790816326,34098,True,True,True,data\raw\SummerSchool_Subset\images\2025-08-12\layers\2025-08-12_B04.tif,data\raw\SummerSchool_Subset\images\2025-08-12\layers\2025-08-12_B03.tif,data\raw\SummerSchool_Subset\images\2025-08-12\layers\2025-08-12_B02.tif,data\raw\SummerSchool_Subset\images\2025-08-12\layers\2025-08-12_VV.tif,data\raw\SummerSchool_Subset\images\2025-08-12\layers\2025-08-12_VH.tif,data\raw\SummerSchool_Subset\masks\2025_08_12.tiff,0 1 2 3 255,8021,0.4988804577683791,36,0.0022390844632416,6551,0.4074511755193432,1470,0.0914292822490359,8057,0.5011195422316208,train
2025-08-12,2025-08-12_r2688_c0448,12,2,2688,448,224,224,658770.4126087399,6041907.417145787,661016.7928851099,6044152.797279572,29648,0.5908801020408163,20528,True,True,True,data\raw\SummerSchool_Subset\images\2025-08-12\layers\2025-08-12_B04.tif,data\raw\SummerSchool_Subset\images\2025-08-12\layers\2025-08-12_B03.tif,data\raw\SummerSchool_Subset\images\2025-08-12\layers\2025-08-12_B02.tif,data\raw\SummerSchool_Subset\images\2025-08-12\layers\2025-08-12_VV.tif,data\raw\SummerSchool_Subset\images\2025-08-12\layers\2025-08-12_VH.tif,data\raw\SummerSchool_Subset\masks\2025_08_12.tiff,0 1 2 3 255,19973,0.6736710739341608,21,0.0007083108472746,9198,0.3102401511063141,456,0.0153804641122504,9675,0.3263289260658392,train
2025-08-12,2025-08-12_r2688_c0896,12,4,2688,896,224,224,663263.1731614799,6041907.417145787,665509.5534378499,6044152.797279572,12373,0.2465919961734693,37803,True,True,True,data\raw\SummerSchool_Subset\images\2025-08-12\layers\2025-08-12_B04.tif,data\raw\SummerSchool_Subset\images\2025-08-12\layers\2025-08-12_B03.tif,data\raw\SummerSchool_Subset\images\2025-08-12\layers\2025-08-12_B02.tif,data\raw\SummerSchool_Subset\images\2025-08-12\layers\2025-08-12_VV.tif,data\raw\SummerSchool_Subset\images\2025-08-12\layers\2025-08-12_VH.tif,data\raw\SummerSchool_Subset\masks\2025_08_12.tiff,0 1 2 3 255,5365,0.4336054311807969,5012,0.4050755677685282,1622,0.131091893639376,374,0.0302271074112987,7008,0.5663945688192031,train
2025-08-12,2025-08-12_r2688_c1120,12,5,2688,1120,224,224,665509.5534378499,6041907.417145787,667755.9337142198,6044152.797279572,14441,0.2878069196428571,35735,True,True,True,data\raw\SummerSchool_Subset\images\2025-08-12\layers\2025-08-12_B04.tif,data\raw\SummerSchool_Subset\images\2025-08-12\layers\2025-08-12_B03.tif,data\raw\SummerSchool_Subset\images\2025-08-12\layers\2025-08-12_B02.tif,data\raw\SummerSchool_Subset\images\2025-08-12\layers\2025-08-12_VV.tif,data\raw\SummerSchool_Subset\images\2025-08-12\layers\2025-08-12_VH.tif,data\raw\SummerSchool_Subset\masks\2025_08_12.tiff,0 1 2 3 255,7075,0.4899245204625718,7266,0.5031507513330101,11,0.0007617201024859,89,0.0061630081019319,7366,0.5100754795374282,train
2025-08-12,2025-08-12_r2688_c1344,12,6,2688,1344,224,224,667755.9337142198,6041907.417145787,670002.3139905898,6044152.797279572,10554,0.2103396045918367,39622,True,True,True,data\raw\SummerSchool_Subset\images\2025-08-12\layers\2025-08-12_B04.tif,data\raw\SummerSchool_Subset\images\2025-08-12\layers\2025-08-12_B03.tif,data\raw\SummerSchool_Subset\images\2025-08-12\layers\2025-08-12_B02.tif,data\raw\SummerSchool_Subset\images\2025-08-12\layers\2025-08-12_VV.tif,data\raw\SummerSchool_Subset\images\2025-08-12\layers\2025-08-12_VH.tif,data\raw\SummerSchool_Subset\masks\2025_08_12.tiff,0 1 3 255,9354,0.8862990335417851,1188,0.1125639567936327,0,0.0,12,0.0011370096645821,1200,0.1137009664582149,train
2025-09-08,2025-09-08_r0000_c0672,0,3,0,672,224,224,661016.7928851099,6068851.978751215,663263.1731614799,6071097.358885,17057,0.3399433992346938,33119,True,True,True,data\raw\SummerSchool_Subset\images\2025-09-08\layers\2025-09-08_B04.tif,data\raw\SummerSchool_Subset\images\2025-09-08\layers\2025-09-08_B03.tif,data\raw\SummerSchool_Subset\images\2025-09-08\layers\2025-09-08_B02.tif,data\raw\SummerSchool_Subset\images\2025-09-08\layers\2025-09-08_VV.tif,data\raw\SummerSchool_Subset\images\2025-09-08\layers\2025-09-08_VH.tif,data\raw\SummerSchool_Subset\masks\2025_09_08.tiff,0 1 2 3 255,1148,0.0673037462625315,14008,0.8212464090989037,1418,0.0831330245646948,483,0.0283168200738699,15909,0.9326962537374685,test
2025-09-08,2025-09-08_r0224_c0448,1,2,224,448,224,224,658770.4126087399,6066606.598617429,661016.7928851099,6068851.978751215,16050,0.3198740433673469,34126,True,True,True,data\raw\SummerSchool_Subset\images\2025-09-08\layers\2025-09-08_B04.tif,data\raw\SummerSchool_Subset\images\2025-09-08\layers\2025-09-08_B03.tif,data\raw\SummerSchool_Subset\images\2025-09-08\layers\2025-09-08_B02.tif,data\raw\SummerSchool_Subset\images\2025-09-08\layers\2025-09-08_VV.tif,data\raw\SummerSchool_Subset\images\2025-09-08\layers\2025-09-08_VH.tif,data\raw\SummerSchool_Subset\masks\2025_09_08.tiff,0 1 2 3 255,4435,0.2763239875389408,10977,0.6839252336448598,507,0.0315887850467289,131,0.0081619937694704,11615,0.7236760124610592,test
2025-09-08,2025-09-08_r0224_c0672,1,3,224,672,224,224,661016.7928851099,6066606.598617429,663263.1731614799,6068851.978751215,46283,0.9224131058673468,3893,True,True,True,data\raw\SummerSchool_Subset\images\2025-09-08\layers\2025-09-08_B04.tif,data\raw\SummerSchool_Subset\images\2025-09-08\layers\2025-09-08_B03.tif,data\raw\SummerSchool_Subset\images\2025-09-08\layers\2025-09-08_B02.tif,data\raw\SummerSchool_Subset\images\2025-09-08\layers\2025-09-08_VV.tif,data\raw\SummerSchool_Subset\images\2025-09-08\layers\2025-09-08_VH.tif,data\raw\SummerSchool_Subset\masks\2025_09_08.tiff,0 1 2 3 255,1769,0.0382213771795259,42570,0.9197761597130696,1550,0.0334896182183523,394,0.0085128448890521,44514,0.961778622820474,test
2025-09-08,2025-09-08_r0448_c0448,2,2,448,448,224,224,658770.4126087399,6064361.218483644,661016.7928851099,6066606.598617429,30017,0.5982342155612245,20159,True,True,True,data\raw\SummerSchool_Subset\images\2025-09-08\layers\2025-09-08_B04.tif,data\raw\SummerSchool_Subset\images\2025-09-08\layers\2025-09-08_B03.tif,data\raw\SummerSchool_Subset\images\2025-09-08\layers\2025-09-08_B02.tif,data\raw\SummerSchool_Subset\images\2025-09-08\layers\2025-09-08_VV.tif,data\raw\SummerSchool_Subset\images\2025-09-08\layers\2025-09-08_VH.tif,data\raw\SummerSchool_Subset\masks\2025_09_08.tiff,0 1 2 3 255,3145,0.1047739614218609,26357,0.8780690941799647,243,0.0080954125995269,272,0.0090615317986474,26872,0.8952260385781391,test
2025-09-08,2025-09-08_r0448_c0672,2,3,448,672,224,224,661016.7928851099,6064361.218483644,663263.1731614799,6066606.598617429,46450,0.9257413903061223,3726,True,True,True,data\raw\SummerSchool_Subset\images\2025-09-08\layers\2025-09-08_B04.tif,data\raw\SummerSchool_Subset\images\2025-09-08\layers\2025-09-08_B03.tif,data\raw\SummerSchool_Subset\images\2025-09-08\layers\2025-09-08_B02.tif,data\raw\SummerSchool_Subset\images\2025-09-08\layers\2025-09-08_VV.tif,data\raw\SummerSchool_Subset\images\2025-09-08\layers\2025-09-08_VH.tif,data\raw\SummerSchool_Subset\masks\2025_09_08.tiff,0 1 2 3 255,3866,0.0832292787944025,41828,0.9004951560818084,536,0.0115392895586652,220,0.0047362755651237,42584,0.9167707212055974,test
2025-09-08,2025-09-08_r0448_c0896,2,4,448,896,224,224,663263.1731614799,6064361.218483644,665509.5534378499,6066606.598617429,14270,0.2843989158163265,35906,True,True,True,data\raw\SummerSchool_Subset\images\2025-09-08\layers\2025-09-08_B04.tif,data\raw\SummerSchool_Subset\images\2025-09-08\layers\2025-09-08_B03.tif,data\raw\SummerSchool_Subset\images\2025-09-08\layers\2025-09-08_B02.tif,data\raw\SummerSchool_Subset\images\2025-09-08\layers\2025-09-08_VV.tif,data\raw\SummerSchool_Subset\images\2025-09-08\layers\2025-09-08_VH.tif,data\raw\SummerSchool_Subset\masks\2025_09_08.tiff,0 1 2 3 255,4720,0.3307638402242466,8017,0.5618079887876665,946,0.0662929222144358,587,0.041135248773651,9550,0.6692361597757533,test
2025-09-08,2025-09-08_r0448_c1568,2,7,448,1568,224,224,670002.3139905898,6064361.218483644,672248.6942669598,6066606.598617429,11717,0.2335180165816326,38459,True,True,True,data\raw\SummerSchool_Subset\images\2025-09-08\layers\2025-09-08_B04.tif,data\raw\SummerSchool_Subset\images\2025-09-08\layers\2025-09-08_B03.tif,data\raw\SummerSchool_Subset\images\2025-09-08\layers\2025-09-08_B02.tif,data\raw\SummerSchool_Subset\images\2025-09-08\layers\2025-09-08_VV.tif,data\raw\SummerSchool_Subset\images\2025-09-08\layers\2025-09-08_VH.tif,data\raw\SummerSchool_Subset\masks\2025_09_08.tiff,0 1 2 3 255,3256,0.277886831100111,1849,0.1578048988648971,6095,0.520184347529231,517,0.0441239225057608,8461,0.7221131688998891,test
2025-09-08,2025-09-08_r0448_c1792,2,8,448,1792,224,224,672248.6942669598,6064361.218483644,674495.0745433298,6066606.598617429,33762,0.6728714923469388,16414,True,True,True,data\raw\SummerSchool_Subset\images\2025-09-08\layers\2025-09-08_B04.tif,data\raw\SummerSchool_Subset\images\2025-09-08\layers\2025-09-08_B03.tif,data\raw\SummerSchool_Subset\images\2025-09-08\layers\2025-09-08_B02.tif,data\raw\SummerSchool_Subset\images\2025-09-08\layers\2025-09-08_VV.tif,data\raw\SummerSchool_Subset\images\2025-09-08\layers\2025-09-08_VH.tif,data\raw\SummerSchool_Subset\masks\2025_09_08.tiff,0 1 2 3 255,5862,0.1736271547894082,23378,0.6924352822700077,4467,0.1323085125288786,55,0.0016290504117054,27900,0.8263728452105918,test
2025-09-08,2025-09-08_r0672_c0448,3,2,672,448,224,224,658770.4126087399,6062115.838349857,661016.7928851099,6064361.218483644,29739,0.5926937181122449,20437,True,True,True,data\raw\SummerSchool_Subset\images\2025-09-08\layers\2025-09-08_B04.tif,data\raw\SummerSchool_Subset\images\2025-09-08\layers\2025-09-08_B03.tif,data\raw\SummerSchool_Subset\images\2025-09-08\layers\2025-09-08_B02.tif,data\raw\SummerSchool_Subset\images\2025-09-08\layers\2025-09-08_VV.tif,data\raw\SummerSchool_Subset\images\2025-09-08\layers\2025-09-08_VH.tif,data\raw\SummerSchool_Subset\masks\2025_09_08.tiff,0 1 2 3 255,10407,0.3499445173005144,19180,0.6449443491711221,142,0.0047748747436026,10,0.0003362587847607,19332,0.6500554826994855,test
2025-09-08,2025-09-08_r0672_c0672,3,3,672,672,224,224,661016.7928851099,6062115.838349857,663263.1731614799,6064361.218483644,47091,0.9385164221938777,3085,True,True,True,data\raw\SummerSchool_Subset\images\2025-09-08\layers\2025-09-08_B04.tif,data\raw\SummerSchool_Subset\images\2025-09-08\layers\2025-09-08_B03.tif,data\raw\SummerSchool_Subset\images\2025-09-08\layers\2025-09-08_B02.tif,data\raw\SummerSchool_Subset\images\2025-09-08\layers\2025-09-08_VV.tif,data\raw\SummerSchool_Subset\images\2025-09-08\layers\2025-09-08_VH.tif,data\raw\SummerSchool_Subset\masks\2025_09_08.tiff,0 1 2 255,17891,0.3799239769807394,29195,0.6199698456180587,5,0.0001061774012019,0,0.0,29200,0.6200760230192606,test
2025-09-08,2025-09-08_r0672_c0896,3,4,672,896,224,224,663263.1731614799,6062115.838349857,665509.5534378499,6064361.218483644,22292,0.4442761479591837,27884,True,True,True,data\raw\SummerSchool_Subset\images\2025-09-08\layers\2025-09-08_B04.tif,data\raw\SummerSchool_Subset\images\2025-09-08\layers\2025-09-08_B03.tif,data\raw\SummerSchool_Subset\images\2025-09-08\layers\2025-09-08_B02.tif,data\raw\SummerSchool_Subset\images\2025-09-08\layers\2025-09-08_VV.tif,data\raw\SummerSchool_Subset\images\2025-09-08\layers\2025-09-08_VH.tif,data\raw\SummerSchool_Subset\masks\2025_09_08.tiff,0 1 2 3 255,9536,0.427776780907949,12382,0.5554458998743944,372,0.0166876009330701,2,8.971828458639871e-05,12756,0.572223219092051,test
2025-09-08,2025-09-08_r0672_c1792,3,8,672,1792,224,224,672248.6942669598,6062115.838349857,674495.0745433298,6064361.218483644,25614,0.5104830994897959,24562,True,True,True,data\raw\SummerSchool_Subset\images\2025-09-08\layers\2025-09-08_B04.tif,data\raw\SummerSchool_Subset\images\2025-09-08\layers\2025-09-08_B03.tif,data\raw\SummerSchool_Subset\images\2025-09-08\layers\2025-09-08_B02.tif,data\raw\SummerSchool_Subset\images\2025-09-08\layers\2025-09-08_VV.tif,data\raw\SummerSchool_Subset\images\2025-09-08\layers\2025-09-08_VH.tif,data\raw\SummerSchool_Subset\masks\2025_09_08.tiff,0 1 2 3 255,5646,0.2204263293511361,19359,0.7557976106816585,608,0.0237370188178339,1,3.9041149371437495e-05,19968,0.7795736706488638,test
2025-09-08,2025-09-08_r0896_c0448,4,2,896,448,224,224,658770.4126087399,6059870.458216072,661016.7928851099,6062115.838349857,21226,0.423030931122449,28950,True,True,True,data\raw\SummerSchool_Subset\images\2025-09-08\layers\2025-09-08_B04.tif,data\raw\SummerSchool_Subset\images\2025-09-08\layers\2025-09-08_B03.tif,data\raw\SummerSchool_Subset\images\2025-09-08\layers\2025-09-08_B02.tif,data\raw\SummerSchool_Subset\images\2025-09-08\layers\2025-09-08_VV.tif,data\raw\SummerSchool_Subset\images\2025-09-08\layers\2025-09-08_VH.tif,data\raw\SummerSchool_Subset\masks\2025_09_08.tiff,0 1 2 3 255,11349,0.5346744558560256,9311,0.438660133798172,432,0.0203523980024498,134,0.0063130123433524,9877,0.4653255441439743,test
2025-09-08,2025-09-08_r0896_c0672,4,3,896,672,224,224,661016.7928851099,6059870.458216072,663263.1731614799,6062115.838349857,46524,0.9272161989795918,3652,True,True,True,data\raw\SummerSchool_Subset\images\2025-09-08\layers\2025-09-08_B04.tif,data\raw\SummerSchool_Subset\images\2025-09-08\layers\2025-09-08_B03.tif,data\raw\SummerSchool_Subset\images\2025-09-08\layers\2025-09-08_B02.tif,data\raw\SummerSchool_Subset\images\2025-09-08\layers\2025-09-08_VV.tif,data\raw\SummerSchool_Subset\images\2025-09-08\layers\2025-09-08_VH.tif,data\raw\SummerSchool_Subset\masks\2025_09_08.tiff,0 1 2 255,22250,0.4782477860889003,23797,0.5114994411486544,477,0.0102527727624451,0,0.0,24274,0.5217522139110996,test
2025-09-08,2025-09-08_r0896_c0896,4,4,896,896,224,224,663263.1731614799,6059870.458216072,665509.5534378499,6062115.838349857,33609,0.6698222257653061,16567,True,True,True,data\raw\SummerSchool_Subset\images\2025-09-08\layers\2025-09-08_B04.tif,data\raw\SummerSchool_Subset\images\2025-09-08\layers\2025-09-08_B03.tif,data\raw\SummerSchool_Subset\images\2025-09-08\layers\2025-09-08_B02.tif,data\raw\SummerSchool_Subset\images\2025-09-08\layers\2025-09-08_VV.tif,data\raw\SummerSchool_Subset\images\2025-09-08\layers\2025-09-08_VH.tif,data\raw\SummerSchool_Subset\masks\2025_09_08.tiff,0 1 2 3 255,5070,0.1508524502365437,28214,0.8394775209021393,306,0.0091047040971168,19,0.0005653247642,28539,0.8491475497634562,test
2025-09-08,2025-09-08_r0896_c1792,4,8,896,1792,224,224,672248.6942669598,6059870.458216072,674495.0745433298,6062115.838349857,20639,0.4113321109693877,29537,True,True,True,data\raw\SummerSchool_Subset\images\2025-09-08\layers\2025-09-08_B04.tif,data\raw\SummerSchool_Subset\images\2025-09-08\layers\2025-09-08_B03.tif,data\raw\SummerSchool_Subset\images\2025-09-08\layers\2025-09-08_B02.tif,data\raw\SummerSchool_Subset\images\2025-09-08\layers\2025-09-08_VV.tif,data\raw\SummerSchool_Subset\images\2025-09-08\layers\2025-09-08_VH.tif,data\raw\SummerSchool_Subset\masks\2025_09_08.tiff,0 1 2 3 255,2087,0.101119240273269,18311,0.8872038373952227,233,0.011289306652454,8,0.0003876156790542,18552,0.898880759726731,test
2025-09-08,2025-09-08_r1120_c0672,5,3,1120,672,224,224,661016.7928851099,6057625.078082287,663263.1731614799,6059870.458216072,44456,0.8860012755102041,5720,True,True,True,data\raw\SummerSchool_Subset\images\2025-09-08\layers\2025-09-08_B04.tif,data\raw\SummerSchool_Subset\images\2025-09-08\layers\2025-09-08_B03.tif,data\raw\SummerSchool_Subset\images\2025-09-08\layers\2025-09-08_B02.tif,data\raw\SummerSchool_Subset\images\2025-09-08\layers\2025-09-08_VV.tif,data\raw\SummerSchool_Subset\images\2025-09-08\layers\2025-09-08_VH.tif,data\raw\SummerSchool_Subset\masks\2025_09_08.tiff,0 1 2 3 255,7866,0.1769389958610761,36040,0.8106892208025913,412,0.0092675904264891,138,0.0031041929098434,36590,0.8230610041389239,test
2025-09-08,2025-09-08_r1120_c0896,5,4,1120,896,224,224,663263.1731614799,6057625.078082287,665509.5534378499,6059870.458216072,42364,0.8443080357142857,7812,True,True,True,data\raw\SummerSchool_Subset\images\2025-09-08\layers\2025-09-08_B04.tif,data\raw\SummerSchool_Subset\images\2025-09-08\layers\2025-09-08_B03.tif,data\raw\SummerSchool_Subset\images\2025-09-08\layers\2025-09-08_B02.tif,data\raw\SummerSchool_Subset\images\2025-09-08\layers\2025-09-08_VV.tif,data\raw\SummerSchool_Subset\images\2025-09-08\layers\2025-09-08_VH.tif,data\raw\SummerSchool_Subset\masks\2025_09_08.tiff,0 1 2 3 255,4416,0.1042394485884241,37511,0.8854451893116797,252,0.0059484467944481,185,0.004366915305448,37948,0.8957605514115758,test
2025-09-08,2025-09-08_r1120_c1792,5,8,1120,1792,224,224,672248.6942669598,6057625.078082287,674495.0745433298,6059870.458216072,13587,0.2707868303571428,36589,True,True,True,data\raw\SummerSchool_Subset\images\2025-09-08\layers\2025-09-08_B04.tif,data\raw\SummerSchool_Subset\images\2025-09-08\layers\2025-09-08_B03.tif,data\raw\SummerSchool_Subset\images\2025-09-08\layers\2025-09-08_B02.tif,data\raw\SummerSchool_Subset\images\2025-09-08\layers\2025-09-08_VV.tif,data\raw\SummerSchool_Subset\images\2025-09-08\layers\2025-09-08_VH.tif,data\raw\SummerSchool_Subset\masks\2025_09_08.tiff,0 1 2 3 255,1601,0.1178332229336866,10807,0.7953926547435048,799,0.0588062118201221,380,0.0279679105026863,11986,0.8821667770663134,test
2025-09-08,2025-09-08_r1344_c0672,6,3,1344,672,224,224,661016.7928851099,6055379.6979485005,663263.1731614799,6057625.078082287,44596,0.8887914540816326,5580,True,True,True,data\raw\SummerSchool_Subset\images\2025-09-08\layers\2025-09-08_B04.tif,data\raw\SummerSchool_Subset\images\2025-09-08\layers\2025-09-08_B03.tif,data\raw\SummerSchool_Subset\images\2025-09-08\layers\2025-09-08_B02.tif,data\raw\SummerSchool_Subset\images\2025-09-08\layers\2025-09-08_VV.tif,data\raw\SummerSchool_Subset\images\2025-09-08\layers\2025-09-08_VH.tif,data\raw\SummerSchool_Subset\masks\2025_09_08.tiff,0 1 2 3 255,15193,0.340680778545161,28565,0.6405282985021078,634,0.0142165216611355,204,0.0045744012915956,29403,0.659319221454839,test
2025-09-08,2025-09-08_r1344_c0896,6,4,1344,896,224,224,663263.1731614799,6055379.6979485005,665509.5534378499,6057625.078082287,42526,0.8475366709183674,7650,True,True,True,data\raw\SummerSchool_Subset\images\2025-09-08\layers\2025-09-08_B04.tif,data\raw\SummerSchool_Subset\images\2025-09-08\layers\2025-09-08_B03.tif,data\raw\SummerSchool_Subset\images\2025-09-08\layers\2025-09-08_B02.tif,data\raw\SummerSchool_Subset\images\2025-09-08\layers\2025-09-08_VV.tif,data\raw\SummerSchool_Subset\images\2025-09-08\layers\2025-09-08_VH.tif,data\raw\SummerSchool_Subset\masks\2025_09_08.tiff,0 1 2 255,18919,0.4448807788176644,23508,0.5527912335982693,99,0.0023279875840662,0,0.0,23607,0.5551192211823355,test
2025-09-08,2025-09-08_r1344_c1120,6,5,1344,1120,224,224,665509.5534378499,6055379.6979485005,667755.9337142198,6057625.078082287,26174,0.5216438137755102,24002,True,True,True,data\raw\SummerSchool_Subset\images\2025-09-08\layers\2025-09-08_B04.tif,data\raw\SummerSchool_Subset\images\2025-09-08\layers\2025-09-08_B03.tif,data\raw\SummerSchool_Subset\images\2025-09-08\layers\2025-09-08_B02.tif,data\raw\SummerSchool_Subset\images\2025-09-08\layers\2025-09-08_VV.tif,data\raw\SummerSchool_Subset\images\2025-09-08\layers\2025-09-08_VH.tif,data\raw\SummerSchool_Subset\masks\2025_09_08.tiff,0 1 2 255,5236,0.200045847023764,20911,0.798922594941545,27,0.0010315580346909,0,0.0,20938,0.799954152976236,test
2025-09-08,2025-09-08_r1568_c0672,7,3,1568,672,224,224,661016.7928851099,6053134.317814715,663263.1731614799,6055379.6979485005,44534,0.8875558035714286,5642,True,True,True,data\raw\SummerSchool_Subset\images\2025-09-08\layers\2025-09-08_B04.tif,data\raw\SummerSchool_Subset\images\2025-09-08\layers\2025-09-08_B03.tif,data\raw\SummerSchool_Subset\images\2025-09-08\layers\2025-09-08_B02.tif,data\raw\SummerSchool_Subset\images\2025-09-08\layers\2025-09-08_VV.tif,data\raw\SummerSchool_Subset\images\2025-09-08\layers\2025-09-08_VH.tif,data\raw\SummerSchool_Subset\masks\2025_09_08.tiff,0 1 2 3 255,8776,0.1970629182197871,35547,0.7981991287555575,189,0.0042439484438855,22,0.0004940045807697,35758,0.8029370817802128,test
2025-09-08,2025-09-08_r1568_c0896,7,4,1568,896,224,224,663263.1731614799,6053134.317814715,665509.5534378499,6055379.6979485005,34122,0.680046237244898,16054,True,True,True,data\raw\SummerSchool_Subset\images\2025-09-08\layers\2025-09-08_B04.tif,data\raw\SummerSchool_Subset\images\2025-09-08\layers\2025-09-08_B03.tif,data\raw\SummerSchool_Subset\images\2025-09-08\layers\2025-09-08_B02.tif,data\raw\SummerSchool_Subset\images\2025-09-08\layers\2025-09-08_VV.tif,data\raw\SummerSchool_Subset\images\2025-09-08\layers\2025-09-08_VH.tif,data\raw\SummerSchool_Subset\masks\2025_09_08.tiff,0 1 2 255,23719,0.6951233808100346,10019,0.2936228825977375,384,0.0112537365922278,0,0.0,10403,0.3048766191899654,test
2025-09-08,2025-09-08_r1568_c1120,7,5,1568,1120,224,224,665509.5534378499,6053134.317814715,667755.9337142198,6055379.6979485005,29984,0.5975765306122449,20192,True,True,True,data\raw\SummerSchool_Subset\images\2025-09-08\layers\2025-09-08_B04.tif,data\raw\SummerSchool_Subset\images\2025-09-08\layers\2025-09-08_B03.tif,data\raw\SummerSchool_Subset\images\2025-09-08\layers\2025-09-08_B02.tif,data\raw\SummerSchool_Subset\images\2025-09-08\layers\2025-09-08_VV.tif,data\raw\SummerSchool_Subset\images\2025-09-08\layers\2025-09-08_VH.tif,data\raw\SummerSchool_Subset\masks\2025_09_08.tiff,0 1 2 255,9651,0.3218716648879402,20219,0.6743263073639274,114,0.0038020277481323,0,0.0,20333,0.6781283351120597,test
2025-09-08,2025-09-08_r1568_c1344,7,6,1568,1344,224,224,667755.9337142198,6053134.317814715,670002.3139905898,6055379.6979485005,24509,0.488460618622449,25667,True,True,True,data\raw\SummerSchool_Subset\images\2025-09-08\layers\2025-09-08_B04.tif,data\raw\SummerSchool_Subset\images\2025-09-08\layers\2025-09-08_B03.tif,data\raw\SummerSchool_Subset\images\2025-09-08\layers\2025-09-08_B02.tif,data\raw\SummerSchool_Subset\images\2025-09-08\layers\2025-09-08_VV.tif,data\raw\SummerSchool_Subset\images\2025-09-08\layers\2025-09-08_VH.tif,data\raw\SummerSchool_Subset\masks\2025_09_08.tiff,0 1 2 255,10658,0.4348606634297605,13807,0.5633440776857481,44,0.0017952588844914,0,0.0,13851,0.5651393365702395,test
2025-09-08,2025-09-08_r1568_c1568,7,7,1568,1568,224,224,670002.3139905898,6053134.317814715,672248.6942669598,6055379.6979485005,16171,0.3222855548469387,34005,True,True,True,data\raw\SummerSchool_Subset\images\2025-09-08\layers\2025-09-08_B04.tif,data\raw\SummerSchool_Subset\images\2025-09-08\layers\2025-09-08_B03.tif,data\raw\SummerSchool_Subset\images\2025-09-08\layers\2025-09-08_B02.tif,data\raw\SummerSchool_Subset\images\2025-09-08\layers\2025-09-08_VV.tif,data\raw\SummerSchool_Subset\images\2025-09-08\layers\2025-09-08_VH.tif,data\raw\SummerSchool_Subset\masks\2025_09_08.tiff,0 1 2 3 255,1982,0.1225650856471461,11801,0.7297631562673923,2373,0.1467441716653268,15,0.0009275864201348,14189,0.8774349143528539,test
2025-09-08,2025-09-08_r1568_c1792,7,8,1568,1792,224,224,672248.6942669598,6053134.317814715,674495.0745433298,6055379.6979485005,30090,0.5996890943877551,20086,True,True,True,data\raw\SummerSchool_Subset\images\2025-09-08\layers\2025-09-08_B04.tif,data\raw\SummerSchool_Subset\images\2025-09-08\layers\2025-09-08_B03.tif,data\raw\SummerSchool_Subset\images\2025-09-08\layers\2025-09-08_B02.tif,data\raw\SummerSchool_Subset\images\2025-09-08\layers\2025-09-08_VV.tif,data\raw\SummerSchool_Subset\images\2025-09-08\layers\2025-09-08_VH.tif,data\raw\SummerSchool_Subset\masks\2025_09_08.tiff,0 1 2 3 255,7607,0.2528082419408441,18961,0.6301429046194749,3195,0.1061814556331007,327,0.0108673978065802,22483,0.7471917580591558,test
2025-09-08,2025-09-08_r1792_c0448,8,2,1792,448,224,224,658770.4126087399,6050888.937680929,661016.7928851099,6053134.317814715,23940,0.4771205357142857,26236,True,True,True,data\raw\SummerSchool_Subset\images\2025-09-08\layers\2025-09-08_B04.tif,data\raw\SummerSchool_Subset\images\2025-09-08\layers\2025-09-08_B03.tif,data\raw\SummerSchool_Subset\images\2025-09-08\layers\2025-09-08_B02.tif,data\raw\SummerSchool_Subset\images\2025-09-08\layers\2025-09-08_VV.tif,data\raw\SummerSchool_Subset\images\2025-09-08\layers\2025-09-08_VH.tif,data\raw\SummerSchool_Subset\masks\2025_09_08.tiff,0 1 2 3 255,7340,0.3065998329156224,14411,0.6019632414369257,2073,0.0865914786967418,116,0.0048454469507101,16600,0.6934001670843776,test
2025-09-08,2025-09-08_r1792_c0672,8,3,1792,672,224,224,661016.7928851099,6050888.937680929,663263.1731614799,6053134.317814715,45472,0.90625,4704,True,True,True,data\raw\SummerSchool_Subset\images\2025-09-08\layers\2025-09-08_B04.tif,data\raw\SummerSchool_Subset\images\2025-09-08\layers\2025-09-08_B03.tif,data\raw\SummerSchool_Subset\images\2025-09-08\layers\2025-09-08_B02.tif,data\raw\SummerSchool_Subset\images\2025-09-08\layers\2025-09-08_VV.tif,data\raw\SummerSchool_Subset\images\2025-09-08\layers\2025-09-08_VH.tif,data\raw\SummerSchool_Subset\masks\2025_09_08.tiff,0 1 2 255,22022,0.4842980295566502,23309,0.5126011611541168,141,0.0031008092892329,0,0.0,23450,0.5157019704433498,test
2025-09-08,2025-09-08_r1792_c0896,8,4,1792,896,224,224,663263.1731614799,6050888.937680929,665509.5534378499,6053134.317814715,22334,0.4451132015306122,27842,True,True,True,data\raw\SummerSchool_Subset\images\2025-09-08\layers\2025-09-08_B04.tif,data\raw\SummerSchool_Subset\images\2025-09-08\layers\2025-09-08_B03.tif,data\raw\SummerSchool_Subset\images\2025-09-08\layers\2025-09-08_B02.tif,data\raw\SummerSchool_Subset\images\2025-09-08\layers\2025-09-08_VV.tif,data\raw\SummerSchool_Subset\images\2025-09-08\layers\2025-09-08_VH.tif,data\raw\SummerSchool_Subset\masks\2025_09_08.tiff,0 1 2 255,14353,0.642652458135578,6986,0.3127966329363302,995,0.0445509089280917,0,0.0,7981,0.3573475418644219,test
2025-09-08,2025-09-08_r1792_c1120,8,5,1792,1120,224,224,665509.5534378499,6050888.937680929,667755.9337142198,6053134.317814715,20590,0.4103555484693877,29586,True,True,True,data\raw\SummerSchool_Subset\images\2025-09-08\layers\2025-09-08_B04.tif,data\raw\SummerSchool_Subset\images\2025-09-08\layers\2025-09-08_B03.tif,data\raw\SummerSchool_Subset\images\2025-09-08\layers\2025-09-08_B02.tif,data\raw\SummerSchool_Subset\images\2025-09-08\layers\2025-09-08_VV.tif,data\raw\SummerSchool_Subset\images\2025-09-08\layers\2025-09-08_VH.tif,data\raw\SummerSchool_Subset\masks\2025_09_08.tiff,0 1 2 255,7080,0.3438562408936377,13404,0.6509956289460903,106,0.0051481301602719,0,0.0,13510,0.6561437591063624,test
2025-09-08,2025-09-08_r1792_c1344,8,6,1792,1344,224,224,667755.9337142198,6050888.937680929,670002.3139905898,6053134.317814715,22172,0.4418845663265306,28004,True,True,True,data\raw\SummerSchool_Subset\images\2025-09-08\layers\2025-09-08_B04.tif,data\raw\SummerSchool_Subset\images\2025-09-08\layers\2025-09-08_B03.tif,data\raw\SummerSchool_Subset\images\2025-09-08\layers\2025-09-08_B02.tif,data\raw\SummerSchool_Subset\images\2025-09-08\layers\2025-09-08_VV.tif,data\raw\SummerSchool_Subset\images\2025-09-08\layers\2025-09-08_VH.tif,data\raw\SummerSchool_Subset\masks\2025_09_08.tiff,0 1 2 255,13367,0.6028775031571352,8566,0.3863431354861988,239,0.010779361356666,0,0.0,8805,0.3971224968428649,test
2025-09-08,2025-09-08_r1792_c1568,8,7,1792,1568,224,224,670002.3139905898,6050888.937680929,672248.6942669598,6053134.317814715,30821,0.6142578125,19355,True,True,True,data\raw\SummerSchool_Subset\images\2025-09-08\layers\2025-09-08_B04.tif,data\raw\SummerSchool_Subset\images\2025-09-08\layers\2025-09-08_B03.tif,data\raw\SummerSchool_Subset\images\2025-09-08\layers\2025-09-08_B02.tif,data\raw\SummerSchool_Subset\images\2025-09-08\layers\2025-09-08_VV.tif,data\raw\SummerSchool_Subset\images\2025-09-08\layers\2025-09-08_VH.tif,data\raw\SummerSchool_Subset\masks\2025_09_08.tiff,0 1 2 255,11991,0.3890529184646831,15058,0.4885629927646734,3772,0.1223840887706434,0,0.0,18830,0.6109470815353168,test
2025-09-08,2025-09-08_r1792_c1792,8,8,1792,1792,224,224,672248.6942669598,6050888.937680929,674495.0745433298,6053134.317814715,29184,0.5816326530612245,20992,True,True,True,data\raw\SummerSchool_Subset\images\2025-09-08\layers\2025-09-08_B04.tif,data\raw\SummerSchool_Subset\images\2025-09-08\layers\2025-09-08_B03.tif,data\raw\SummerSchool_Subset\images\2025-09-08\layers\2025-09-08_B02.tif,data\raw\SummerSchool_Subset\images\2025-09-08\layers\2025-09-08_VV.tif,data\raw\SummerSchool_Subset\images\2025-09-08\layers\2025-09-08_VH.tif,data\raw\SummerSchool_Subset\masks\2025_09_08.tiff,0 1 2 3 255,13571,0.4650150767543859,11803,0.4044339364035088,3670,0.1257538377192982,140,0.004797149122807,15613,0.5349849232456141,test
2025-09-08,2025-09-08_r2016_c0672,9,3,2016,672,224,224,661016.7928851099,6048643.557547144,663263.1731614799,6050888.937680929,33347,0.6646006058673469,16829,True,True,True,data\raw\SummerSchool_Subset\images\2025-09-08\layers\2025-09-08_B04.tif,data\raw\SummerSchool_Subset\images\2025-09-08\layers\2025-09-08_B03.tif,data\raw\SummerSchool_Subset\images\2025-09-08\layers\2025-09-08_B02.tif,data\raw\SummerSchool_Subset\images\2025-09-08\layers\2025-09-08_VV.tif,data\raw\SummerSchool_Subset\images\2025-09-08\layers\2025-09-08_VH.tif,data\raw\SummerSchool_Subset\masks\2025_09_08.tiff,0 1 2 255,16502,0.4948571085854799,16487,0.4944072930098659,358,0.010735598404654,0,0.0,16845,0.5051428914145201,test
2025-09-08,2025-09-08_r2016_c0896,9,4,2016,896,224,224,663263.1731614799,6048643.557547144,665509.5534378499,6050888.937680929,25029,0.4988241390306122,25147,True,True,True,data\raw\SummerSchool_Subset\images\2025-09-08\layers\2025-09-08_B04.tif,data\raw\SummerSchool_Subset\images\2025-09-08\layers\2025-09-08_B03.tif,data\raw\SummerSchool_Subset\images\2025-09-08\layers\2025-09-08_B02.tif,data\raw\SummerSchool_Subset\images\2025-09-08\layers\2025-09-08_VV.tif,data\raw\SummerSchool_Subset\images\2025-09-08\layers\2025-09-08_VH.tif,data\raw\SummerSchool_Subset\masks\2025_09_08.tiff,0 1 2 255,9018,0.3603020496224379,15413,0.6158056654281034,598,0.0238922849494586,0,0.0,16011,0.639697950377562,test
2025-09-08,2025-09-08_r2016_c1120,9,5,2016,1120,224,224,665509.5534378499,6048643.557547144,667755.9337142198,6050888.937680929,23924,0.4768016581632653,26252,True,True,True,data\raw\SummerSchool_Subset\images\2025-09-08\layers\2025-09-08_B04.tif,data\raw\SummerSchool_Subset\images\2025-09-08\layers\2025-09-08_B03.tif,data\raw\SummerSchool_Subset\images\2025-09-08\layers\2025-09-08_B02.tif,data\raw\SummerSchool_Subset\images\2025-09-08\layers\2025-09-08_VV.tif,data\raw\SummerSchool_Subset\images\2025-09-08\layers\2025-09-08_VH.tif,data\raw\SummerSchool_Subset\masks\2025_09_08.tiff,0 1 2 255,6388,0.2670122053168366,17460,0.7298110683832135,76,0.0031767262999498,0,0.0,17536,0.7329877946831633,test
2025-09-08,2025-09-08_r2016_c1344,9,6,2016,1344,224,224,667755.9337142198,6048643.557547144,670002.3139905898,6050888.937680929,21268,0.4238679846938775,28908,True,True,True,data\raw\SummerSchool_Subset\images\2025-09-08\layers\2025-09-08_B04.tif,data\raw\SummerSchool_Subset\images\2025-09-08\layers\2025-09-08_B03.tif,data\raw\SummerSchool_Subset\images\2025-09-08\layers\2025-09-08_B02.tif,data\raw\SummerSchool_Subset\images\2025-09-08\layers\2025-09-08_VV.tif,data\raw\SummerSchool_Subset\images\2025-09-08\layers\2025-09-08_VH.tif,data\raw\SummerSchool_Subset\masks\2025_09_08.tiff,0 1 2 255,13115,0.6166541282678202,7909,0.3718732367876622,244,0.0114726349445175,0,0.0,8153,0.3833458717321798,test
2025-09-08,2025-09-08_r2016_c1568,9,7,2016,1568,224,224,670002.3139905898,6048643.557547144,672248.6942669598,6050888.937680929,16382,0.3264907525510204,33794,True,True,True,data\raw\SummerSchool_Subset\images\2025-09-08\layers\2025-09-08_B04.tif,data\raw\SummerSchool_Subset\images\2025-09-08\layers\2025-09-08_B03.tif,data\raw\SummerSchool_Subset\images\2025-09-08\layers\2025-09-08_B02.tif,data\raw\SummerSchool_Subset\images\2025-09-08\layers\2025-09-08_VV.tif,data\raw\SummerSchool_Subset\images\2025-09-08\layers\2025-09-08_VH.tif,data\raw\SummerSchool_Subset\masks\2025_09_08.tiff,0 1 2 255,10372,0.633133927481382,5334,0.325601269686241,676,0.041264802832377,0,0.0,6010,0.3668660725186179,test
2025-09-08,2025-09-08_r2016_c1792,9,8,2016,1792,224,224,672248.6942669598,6048643.557547144,674495.0745433298,6050888.937680929,11144,0.2220982142857142,39032,True,True,True,data\raw\SummerSchool_Subset\images\2025-09-08\layers\2025-09-08_B04.tif,data\raw\SummerSchool_Subset\images\2025-09-08\layers\2025-09-08_B03.tif,data\raw\SummerSchool_Subset\images\2025-09-08\layers\2025-09-08_B02.tif,data\raw\SummerSchool_Subset\images\2025-09-08\layers\2025-09-08_VV.tif,data\raw\SummerSchool_Subset\images\2025-09-08\layers\2025-09-08_VH.tif,data\raw\SummerSchool_Subset\masks\2025_09_08.tiff,0 1 2 3 255,6913,0.6203338119167265,594,0.0533022254127781,3199,0.2870603015075377,438,0.0393036611629576,4231,0.3796661880832735,test
2025-09-08,2025-09-08_r2240_c0000,10,0,2240,0,224,224,654277.652056,6046398.177413358,656524.0323323699,6048643.557547144,20939,0.4173110650510204,29237,True,True,True,data\raw\SummerSchool_Subset\images\2025-09-08\layers\2025-09-08_B04.tif,data\raw\SummerSchool_Subset\images\2025-09-08\layers\2025-09-08_B03.tif,data\raw\SummerSchool_Subset\images\2025-09-08\layers\2025-09-08_B02.tif,data\raw\SummerSchool_Subset\images\2025-09-08\layers\2025-09-08_VV.tif,data\raw\SummerSchool_Subset\images\2025-09-08\layers\2025-09-08_VH.tif,data\raw\SummerSchool_Subset\masks\2025_09_08.tiff,0 1 2 3 255,7013,0.3349252590859162,12669,0.6050432207841826,1057,0.0504799656144037,200,0.0095515545154973,13926,0.6650747409140838,test
2025-09-08,2025-09-08_r2240_c0224,10,1,2240,224,224,224,656524.0323323699,6046398.177413358,658770.4126087399,6048643.557547144,10041,0.2001155931122449,40135,True,True,True,data\raw\SummerSchool_Subset\images\2025-09-08\layers\2025-09-08_B04.tif,data\raw\SummerSchool_Subset\images\2025-09-08\layers\2025-09-08_B03.tif,data\raw\SummerSchool_Subset\images\2025-09-08\layers\2025-09-08_B02.tif,data\raw\SummerSchool_Subset\images\2025-09-08\layers\2025-09-08_VV.tif,data\raw\SummerSchool_Subset\images\2025-09-08\layers\2025-09-08_VH.tif,data\raw\SummerSchool_Subset\masks\2025_09_08.tiff,0 1 2 255,4921,0.4900906284234638,4629,0.4610098595757395,491,0.0488995120007967,0,0.0,5120,0.5099093715765362,test
2025-09-08,2025-09-08_r2240_c0672,10,3,2240,672,224,224,661016.7928851099,6046398.177413358,663263.1731614799,6048643.557547144,18244,0.3636001275510204,31932,True,True,True,data\raw\SummerSchool_Subset\images\2025-09-08\layers\2025-09-08_B04.tif,data\raw\SummerSchool_Subset\images\2025-09-08\layers\2025-09-08_B03.tif,data\raw\SummerSchool_Subset\images\2025-09-08\layers\2025-09-08_B02.tif,data\raw\SummerSchool_Subset\images\2025-09-08\layers\2025-09-08_VV.tif,data\raw\SummerSchool_Subset\images\2025-09-08\layers\2025-09-08_VH.tif,data\raw\SummerSchool_Subset\masks\2025_09_08.tiff,0 1 2 255,12567,0.6888292041219031,5614,0.3077176057882043,63,0.0034531900898925,0,0.0,5677,0.3111707958780969,test
2025-09-08,2025-09-08_r2240_c0896,10,4,2240,896,224,224,663263.1731614799,6046398.177413358,665509.5534378499,6048643.557547144,43049,0.8579599808673469,7127,True,True,True,data\raw\SummerSchool_Subset\images\2025-09-08\layers\2025-09-08_B04.tif,data\raw\SummerSchool_Subset\images\2025-09-08\layers\2025-09-08_B03.tif,data\raw\SummerSchool_Subset\images\2025-09-08\layers\2025-09-08_B02.tif,data\raw\SummerSchool_Subset\images\2025-09-08\layers\2025-09-08_VV.tif,data\raw\SummerSchool_Subset\images\2025-09-08\layers\2025-09-08_VH.tif,data\raw\SummerSchool_Subset\masks\2025_09_08.tiff,0 1 2 255,17449,0.405328811354503,18597,0.4319960974703245,7003,0.1626750911751724,0,0.0,25600,0.594671188645497,test
2025-09-08,2025-09-08_r2240_c1120,10,5,2240,1120,224,224,665509.5534378499,6046398.177413358,667755.9337142198,6048643.557547144,44815,0.8931560905612245,5361,True,True,True,data\raw\SummerSchool_Subset\images\2025-09-08\layers\2025-09-08_B04.tif,data\raw\SummerSchool_Subset\images\2025-09-08\layers\2025-09-08_B03.tif,data\raw\SummerSchool_Subset\images\2025-09-08\layers\2025-09-08_B02.tif,data\raw\SummerSchool_Subset\images\2025-09-08\layers\2025-09-08_VV.tif,data\raw\SummerSchool_Subset\images\2025-09-08\layers\2025-09-08_VH.tif,data\raw\SummerSchool_Subset\masks\2025_09_08.tiff,0 1 2 255,21246,0.4740823385027334,22567,0.5035590762021644,1002,0.022358585295102,0,0.0,23569,0.5259176614972665,test
2025-09-08,2025-09-08_r2240_c1344,10,6,2240,1344,224,224,667755.9337142198,6046398.177413358,670002.3139905898,6048643.557547144,22778,0.4539620535714285,27398,True,True,True,data\raw\SummerSchool_Subset\images\2025-09-08\layers\2025-09-08_B04.tif,data\raw\SummerSchool_Subset\images\2025-09-08\layers\2025-09-08_B03.tif,data\raw\SummerSchool_Subset\images\2025-09-08\layers\2025-09-08_B02.tif,data\raw\SummerSchool_Subset\images\2025-09-08\layers\2025-09-08_VV.tif,data\raw\SummerSchool_Subset\images\2025-09-08\layers\2025-09-08_VH.tif,data\raw\SummerSchool_Subset\masks\2025_09_08.tiff,0 1 2 255,8133,0.357055053121433,12544,0.5507068223724647,2101,0.0922381245061023,0,0.0,14645,0.6429449468785671,test
2025-09-08,2025-09-08_r2464_c0000,11,0,2464,0,224,224,654277.652056,6044152.797279572,656524.0323323699,6046398.177413358,11461,0.2284159757653061,38715,True,True,True,data\raw\SummerSchool_Subset\images\2025-09-08\layers\2025-09-08_B04.tif,data\raw\SummerSchool_Subset\images\2025-09-08\layers\2025-09-08_B03.tif,data\raw\SummerSchool_Subset\images\2025-09-08\layers\2025-09-08_B02.tif,data\raw\SummerSchool_Subset\images\2025-09-08\layers\2025-09-08_VV.tif,data\raw\SummerSchool_Subset\images\2025-09-08\layers\2025-09-08_VH.tif,data\raw\SummerSchool_Subset\masks\2025_09_08.tiff,0 1 2 3 255,5354,0.4671494633976092,4867,0.4246575342465753,1087,0.0948433819038478,153,0.0133496204519675,6107,0.5328505366023907,test
2025-09-08,2025-09-08_r2464_c0224,11,1,2464,224,224,224,656524.0323323699,6044152.797279572,658770.4126087399,6046398.177413358,13915,0.2773238201530612,36261,True,True,True,data\raw\SummerSchool_Subset\images\2025-09-08\layers\2025-09-08_B04.tif,data\raw\SummerSchool_Subset\images\2025-09-08\layers\2025-09-08_B03.tif,data\raw\SummerSchool_Subset\images\2025-09-08\layers\2025-09-08_B02.tif,data\raw\SummerSchool_Subset\images\2025-09-08\layers\2025-09-08_VV.tif,data\raw\SummerSchool_Subset\images\2025-09-08\layers\2025-09-08_VH.tif,data\raw\SummerSchool_Subset\masks\2025_09_08.tiff,0 1 2 3 255,9395,0.6751706791232482,2260,0.1624146604383758,2156,0.1549407114624506,104,0.0074739489759252,4520,0.3248293208767517,test
2025-09-08,2025-09-08_r2464_c0672,11,3,2464,672,224,224,661016.7928851099,6044152.797279572,663263.1731614799,6046398.177413358,11781,0.2347935267857142,38395,True,True,True,data\raw\SummerSchool_Subset\images\2025-09-08\layers\2025-09-08_B04.tif,data\raw\SummerSchool_Subset\images\2025-09-08\layers\2025-09-08_B03.tif,data\raw\SummerSchool_Subset\images\2025-09-08\layers\2025-09-08_B02.tif,data\raw\SummerSchool_Subset\images\2025-09-08\layers\2025-09-08_VV.tif,data\raw\SummerSchool_Subset\images\2025-09-08\layers\2025-09-08_VH.tif,data\raw\SummerSchool_Subset\masks\2025_09_08.tiff,0 1 2 3 255,8999,0.763857057974705,2490,0.2113572701807995,210,0.017825311942959,82,0.0069603599015363,2782,0.2361429420252949,test
2025-09-08,2025-09-08_r2464_c0896,11,4,2464,896,224,224,663263.1731614799,6044152.797279572,665509.5534378499,6046398.177413358,44025,0.8774115114795918,6151,True,True,True,data\raw\SummerSchool_Subset\images\2025-09-08\layers\2025-09-08_B04.tif,data\raw\SummerSchool_Subset\images\2025-09-08\layers\2025-09-08_B03.tif,data\raw\SummerSchool_Subset\images\2025-09-08\layers\2025-09-08_B02.tif,data\raw\SummerSchool_Subset\images\2025-09-08\layers\2025-09-08_VV.tif,data\raw\SummerSchool_Subset\images\2025-09-08\layers\2025-09-08_VH.tif,data\raw\SummerSchool_Subset\masks\2025_09_08.tiff,0 1 2 3 255,27804,0.6315502555366269,14923,0.3389664963089154,1249,0.0283702441794434,49,0.0011130039750141,16221,0.3684497444633731,test
2025-09-08,2025-09-08_r2464_c1120,11,5,2464,1120,224,224,665509.5534378499,6044152.797279572,667755.9337142198,6046398.177413358,42872,0.8544323979591837,7304,True,True,True,data\raw\SummerSchool_Subset\images\2025-09-08\layers\2025-09-08_B04.tif,data\raw\SummerSchool_Subset\images\2025-09-08\layers\2025-09-08_B03.tif,data\raw\SummerSchool_Subset\images\2025-09-08\layers\2025-09-08_B02.tif,data\raw\SummerSchool_Subset\images\2025-09-08\layers\2025-09-08_VV.tif,data\raw\SummerSchool_Subset\images\2025-09-08\layers\2025-09-08_VH.tif,data\raw\SummerSchool_Subset\masks\2025_09_08.tiff,0 1 2 255,20774,0.484558686322075,19576,0.4566150401194253,2522,0.0588262735584997,0,0.0,22098,0.515441313677925,test
2025-09-08,2025-09-08_r2464_c1344,11,6,2464,1344,224,224,667755.9337142198,6044152.797279572,670002.3139905898,6046398.177413358,30011,0.5981146364795918,20165,True,True,True,data\raw\SummerSchool_Subset\images\2025-09-08\layers\2025-09-08_B04.tif,data\raw\SummerSchool_Subset\images\2025-09-08\layers\2025-09-08_B03.tif,data\raw\SummerSchool_Subset\images\2025-09-08\layers\2025-09-08_B02.tif,data\raw\SummerSchool_Subset\images\2025-09-08\layers\2025-09-08_VV.tif,data\raw\SummerSchool_Subset\images\2025-09-08\layers\2025-09-08_VH.tif,data\raw\SummerSchool_Subset\masks\2025_09_08.tiff,0 1 2 255,11942,0.3979207623871247,15971,0.5321715371030622,2098,0.069907700509813,0,0.0,18069,0.6020792376128753,test
2025-09-08,2025-09-08_r2688_c0896,12,4,2688,896,224,224,663263.1731614799,6041907.417145787,665509.5534378499,6044152.797279572,12869,0.256477200255102,37307,True,True,True,data\raw\SummerSchool_Subset\images\2025-09-08\layers\2025-09-08_B04.tif,data\raw\SummerSchool_Subset\images\2025-09-08\layers\2025-09-08_B03.tif,data\raw\SummerSchool_Subset\images\2025-09-08\layers\2025-09-08_B02.tif,data\raw\SummerSchool_Subset\images\2025-09-08\layers\2025-09-08_VV.tif,data\raw\SummerSchool_Subset\images\2025-09-08\layers\2025-09-08_VH.tif,data\raw\SummerSchool_Subset\masks\2025_09_08.tiff,0 1 2 3 255,9512,0.7391405703628876,1714,0.1331882819177869,1172,0.091071567332349,471,0.0365995803869764,3357,0.2608594296371124,test
2025-09-08,2025-09-08_r2688_c1120,12,5,2688,1120,224,224,665509.5534378499,6041907.417145787,667755.9337142198,6044152.797279572,20846,0.4154575892857143,29330,True,True,True,data\raw\SummerSchool_Subset\images\2025-09-08\layers\2025-09-08_B04.tif,data\raw\SummerSchool_Subset\images\2025-09-08\layers\2025-09-08_B03.tif,data\raw\SummerSchool_Subset\images\2025-09-08\layers\2025-09-08_B02.tif,data\raw\SummerSchool_Subset\images\2025-09-08\layers\2025-09-08_VV.tif,data\raw\SummerSchool_Subset\images\2025-09-08\layers\2025-09-08_VH.tif,data\raw\SummerSchool_Subset\masks\2025_09_08.tiff,0 1 2 3 255,11613,0.5570852921423775,6345,0.3043749400364578,2547,0.1221817135181809,341,0.0163580543029837,9233,0.4429147078576225,test
2025-09-08,2025-09-08_r2688_c1344,12,6,2688,1344,224,224,667755.9337142198,6041907.417145787,670002.3139905898,6044152.797279572,42806,0.8531170280612245,7370,True,True,True,data\raw\SummerSchool_Subset\images\2025-09-08\layers\2025-09-08_B04.tif,data\raw\SummerSchool_Subset\images\2025-09-08\layers\2025-09-08_B03.tif,data\raw\SummerSchool_Subset\images\2025-09-08\layers\2025-09-08_B02.tif,data\raw\SummerSchool_Subset\images\2025-09-08\layers\2025-09-08_VV.tif,data\raw\SummerSchool_Subset\images\2025-09-08\layers\2025-09-08_VH.tif,data\raw\SummerSchool_Subset\masks\2025_09_08.tiff,0 1 2 3 255,18068,0.4220903611643227,22962,0.5364201280194365,1518,0.0354623183665841,258,0.0060271924496565,24738,0.5779096388356773,test
2025-09-08,2025-09-08_r2688_c1568,12,7,2688,1568,224,224,670002.3139905898,6041907.417145787,672248.6942669598,6044152.797279572,34146,0.6805245535714286,16030,True,True,True,data\raw\SummerSchool_Subset\images\2025-09-08\layers\2025-09-08_B04.tif,data\raw\SummerSchool_Subset\images\2025-09-08\layers\2025-09-08_B03.tif,data\raw\SummerSchool_Subset\images\2025-09-08\layers\2025-09-08_B02.tif,data\raw\SummerSchool_Subset\images\2025-09-08\layers\2025-09-08_VV.tif,data\raw\SummerSchool_Subset\images\2025-09-08\layers\2025-09-08_VH.tif,data\raw\SummerSchool_Subset\masks\2025_09_08.tiff,0 1 2 3 255,9675,0.2833421191354771,15652,0.4583845838458384,7890,0.2310665963802495,929,0.0272067006384349,24471,0.716657880864523,test
2025-09-08,2025-09-08_r2912_c1344,13,6,2912,1344,224,224,667755.9337142198,6039662.037012001,670002.3139905898,6041907.417145787,13002,0.2591278698979591,37174,True,True,True,data\raw\SummerSchool_Subset\images\2025-09-08\layers\2025-09-08_B04.tif,data\raw\SummerSchool_Subset\images\2025-09-08\layers\2025-09-08_B03.tif,data\raw\SummerSchool_Subset\images\2025-09-08\layers\2025-09-08_B02.tif,data\raw\SummerSchool_Subset\images\2025-09-08\layers\2025-09-08_VV.tif,data\raw\SummerSchool_Subset\images\2025-09-08\layers\2025-09-08_VH.tif,data\raw\SummerSchool_Subset\masks\2025_09_08.tiff,0 1 2 3 255,7658,0.5889863097984925,3431,0.2638824796185202,1262,0.0970619904630056,651,0.0500692201199815,5344,0.4110136902015074,test
2025-09-21,2025-09-21_r0448_c1568,2,7,448,1568,224,224,670002.3139905898,6064361.218483644,672248.6942669598,6066606.598617429,12068,0.2405133928571428,38108,True,True,True,data\raw\SummerSchool_Subset\images\2025-09-21\layers\2025-09-21_B04.tif,data\raw\SummerSchool_Subset\images\2025-09-21\layers\2025-09-21_B03.tif,data\raw\SummerSchool_Subset\images\2025-09-21\layers\2025-09-21_B02.tif,data\raw\SummerSchool_Subset\images\2025-09-21\layers\2025-09-21_VV.tif,data\raw\SummerSchool_Subset\images\2025-09-21\layers\2025-09-21_VH.tif,data\raw\SummerSchool_Subset\masks\2025_09_21.tiff,0 1 2 3 255,5403,0.4477129598939344,4906,0.4065296652303612,8,0.0006629101756711,1751,0.1450944647000331,6665,0.5522870401060657,test
2025-09-21,2025-09-21_r0448_c1792,2,8,448,1792,224,224,672248.6942669598,6064361.218483644,674495.0745433298,6066606.598617429,28776,0.5735012755102041,21400,True,True,True,data\raw\SummerSchool_Subset\images\2025-09-21\layers\2025-09-21_B04.tif,data\raw\SummerSchool_Subset\images\2025-09-21\layers\2025-09-21_B03.tif,data\raw\SummerSchool_Subset\images\2025-09-21\layers\2025-09-21_B02.tif,data\raw\SummerSchool_Subset\images\2025-09-21\layers\2025-09-21_VV.tif,data\raw\SummerSchool_Subset\images\2025-09-21\layers\2025-09-21_VH.tif,data\raw\SummerSchool_Subset\masks\2025_09_21.tiff,0 1 2 3 255,28727,0.9982971921045316,16,0.0005560189046427,24,0.0008340283569641,9,0.0003127606338615,49,0.0017028078954684,test
2025-09-21,2025-09-21_r0448_c2016,2,9,448,2016,224,224,674495.0745433298,6064361.218483644,676741.4548196997,6066606.598617429,41422,0.8255341198979592,8754,True,True,True,data\raw\SummerSchool_Subset\images\2025-09-21\layers\2025-09-21_B04.tif,data\raw\SummerSchool_Subset\images\2025-09-21\layers\2025-09-21_B03.tif,data\raw\SummerSchool_Subset\images\2025-09-21\layers\2025-09-21_B02.tif,data\raw\SummerSchool_Subset\images\2025-09-21\layers\2025-09-21_VV.tif,data\raw\SummerSchool_Subset\images\2025-09-21\layers\2025-09-21_VH.tif,data\raw\SummerSchool_Subset\masks\2025_09_21.tiff,0 2 255,41351,0.998285935010381,0,0.0,71,0.001714064989619,0,0.0,71,0.001714064989619,test
2025-09-21,2025-09-21_r0448_c2240,2,10,448,2240,224,224,676741.4548196997,6064361.218483644,678987.8350960697,6066606.598617429,20210,0.4027822066326531,29966,True,True,True,data\raw\SummerSchool_Subset\images\2025-09-21\layers\2025-09-21_B04.tif,data\raw\SummerSchool_Subset\images\2025-09-21\layers\2025-09-21_B03.tif,data\raw\SummerSchool_Subset\images\2025-09-21\layers\2025-09-21_B02.tif,data\raw\SummerSchool_Subset\images\2025-09-21\layers\2025-09-21_VV.tif,data\raw\SummerSchool_Subset\images\2025-09-21\layers\2025-09-21_VH.tif,data\raw\SummerSchool_Subset\masks\2025_09_21.tiff,0 1 2 3 255,18569,0.9188025729836714,375,0.0185551707075705,833,0.0412172191984166,433,0.0214250371103414,1641,0.0811974270163285,test
2025-09-21,2025-09-21_r0672_c0448,3,2,672,448,224,224,658770.4126087399,6062115.838349857,661016.7928851099,6064361.218483644,11528,0.229751275510204,38648,True,True,True,data\raw\SummerSchool_Subset\images\2025-09-21\layers\2025-09-21_B04.tif,data\raw\SummerSchool_Subset\images\2025-09-21\layers\2025-09-21_B03.tif,data\raw\SummerSchool_Subset\images\2025-09-21\layers\2025-09-21_B02.tif,data\raw\SummerSchool_Subset\images\2025-09-21\layers\2025-09-21_VV.tif,data\raw\SummerSchool_Subset\images\2025-09-21\layers\2025-09-21_VH.tif,data\raw\SummerSchool_Subset\masks\2025_09_21.tiff,0 1 2 3 255,2357,0.2044587092297016,9020,0.7824427480916031,8,0.0006939625260235,143,0.0124045801526717,9171,0.7955412907702984,test
2025-09-21,2025-09-21_r0672_c0672,3,3,672,672,224,224,661016.7928851099,6062115.838349857,663263.1731614799,6064361.218483644,25690,0.5119977678571429,24486,True,True,True,data\raw\SummerSchool_Subset\images\2025-09-21\layers\2025-09-21_B04.tif,data\raw\SummerSchool_Subset\images\2025-09-21\layers\2025-09-21_B03.tif,data\raw\SummerSchool_Subset\images\2025-09-21\layers\2025-09-21_B02.tif,data\raw\SummerSchool_Subset\images\2025-09-21\layers\2025-09-21_VV.tif,data\raw\SummerSchool_Subset\images\2025-09-21\layers\2025-09-21_VH.tif,data\raw\SummerSchool_Subset\masks\2025_09_21.tiff,0 1 2 255,4719,0.1836901518100428,20964,0.8160373686259245,7,0.0002724795640326,0,0.0,20971,0.8163098481899572,test
2025-09-21,2025-09-21_r0672_c0896,3,4,672,896,224,224,663263.1731614799,6062115.838349857,665509.5534378499,6064361.218483644,22177,0.4419842155612244,27999,True,True,True,data\raw\SummerSchool_Subset\images\2025-09-21\layers\2025-09-21_B04.tif,data\raw\SummerSchool_Subset\images\2025-09-21\layers\2025-09-21_B03.tif,data\raw\SummerSchool_Subset\images\2025-09-21\layers\2025-09-21_B02.tif,data\raw\SummerSchool_Subset\images\2025-09-21\layers\2025-09-21_VV.tif,data\raw\SummerSchool_Subset\images\2025-09-21\layers\2025-09-21_VH.tif,data\raw\SummerSchool_Subset\masks\2025_09_21.tiff,0 1 2 3 255,12962,0.5844794156107679,9206,0.4151147585336159,2,9.018352347026198e-05,7,0.0003156423321459,9215,0.415520584389232,test
2025-09-21,2025-09-21_r0672_c1120,3,5,672,1120,224,224,665509.5534378499,6062115.838349857,667755.9337142198,6064361.218483644,27534,0.5487484056122449,22642,True,True,True,data\raw\SummerSchool_Subset\images\2025-09-21\layers\2025-09-21_B04.tif,data\raw\SummerSchool_Subset\images\2025-09-21\layers\2025-09-21_B03.tif,data\raw\SummerSchool_Subset\images\2025-09-21\layers\2025-09-21_B02.tif,data\raw\SummerSchool_Subset\images\2025-09-21\layers\2025-09-21_VV.tif,data\raw\SummerSchool_Subset\images\2025-09-21\layers\2025-09-21_VH.tif,data\raw\SummerSchool_Subset\masks\2025_09_21.tiff,0 1 2 255,11409,0.4143604271083024,16123,0.5855669354252924,2,7.263746640517178e-05,0,0.0,16125,0.5856395728916975,test
2025-09-21,2025-09-21_r0672_c1344,3,6,672,1344,224,224,667755.9337142198,6062115.838349857,670002.3139905898,6064361.218483644,25746,0.5131138392857143,24430,True,True,True,data\raw\SummerSchool_Subset\images\2025-09-21\layers\2025-09-21_B04.tif,data\raw\SummerSchool_Subset\images\2025-09-21\layers\2025-09-21_B03.tif,data\raw\SummerSchool_Subset\images\2025-09-21\layers\2025-09-21_B02.tif,data\raw\SummerSchool_Subset\images\2025-09-21\layers\2025-09-21_VV.tif,data\raw\SummerSchool_Subset\images\2025-09-21\layers\2025-09-21_VH.tif,data\raw\SummerSchool_Subset\masks\2025_09_21.tiff,0 1 3 255,19467,0.7561174551386624,6278,0.2438437038763303,0,0.0,1,3.884098500737979e-05,6279,0.2438825448613376,test
2025-09-21,2025-09-21_r0672_c1568,3,7,672,1568,224,224,670002.3139905898,6062115.838349857,672248.6942669598,6064361.218483644,24708,0.4924266581632653,25468,True,True,True,data\raw\SummerSchool_Subset\images\2025-09-21\layers\2025-09-21_B04.tif,data\raw\SummerSchool_Subset\images\2025-09-21\layers\2025-09-21_B03.tif,data\raw\SummerSchool_Subset\images\2025-09-21\layers\2025-09-21_B02.tif,data\raw\SummerSchool_Subset\images\2025-09-21\layers\2025-09-21_VV.tif,data\raw\SummerSchool_Subset\images\2025-09-21\layers\2025-09-21_VH.tif,data\raw\SummerSchool_Subset\masks\2025_09_21.tiff,0 1 2 255,24537,0.9930791646430306,171,0.0069208353569694,0,0.0,0,0.0,171,0.0069208353569694,test
2025-09-21,2025-09-21_r0672_c1792,3,8,672,1792,224,224,672248.6942669598,6062115.838349857,674495.0745433298,6064361.218483644,14888,0.2967155612244898,35288,True,True,True,data\raw\SummerSchool_Subset\images\2025-09-21\layers\2025-09-21_B04.tif,data\raw\SummerSchool_Subset\images\2025-09-21\layers\2025-09-21_B03.tif,data\raw\SummerSchool_Subset\images\2025-09-21\layers\2025-09-21_B02.tif,data\raw\SummerSchool_Subset\images\2025-09-21\layers\2025-09-21_VV.tif,data\raw\SummerSchool_Subset\images\2025-09-21\layers\2025-09-21_VH.tif,data\raw\SummerSchool_Subset\masks\2025_09_21.tiff,0 1 2 255,14791,0.9934846856528748,2,0.0001343363782912,95,0.0063809779688339,0,0.0,97,0.0065153143471252,test
2025-09-21,2025-09-21_r0672_c2016,3,9,672,2016,224,224,674495.0745433298,6062115.838349857,676741.4548196997,6064361.218483644,33942,0.6764588647959183,16234,True,True,True,data\raw\SummerSchool_Subset\images\2025-09-21\layers\2025-09-21_B04.tif,data\raw\SummerSchool_Subset\images\2025-09-21\layers\2025-09-21_B03.tif,data\raw\SummerSchool_Subset\images\2025-09-21\layers\2025-09-21_B02.tif,data\raw\SummerSchool_Subset\images\2025-09-21\layers\2025-09-21_VV.tif,data\raw\SummerSchool_Subset\images\2025-09-21\layers\2025-09-21_VH.tif,data\raw\SummerSchool_Subset\masks\2025_09_21.tiff,0 1 2 3 255,33409,0.9842967415002062,340,0.010017087973602,118,0.0034765187673089,75,0.0022096517588828,533,0.0157032584997937,test
2025-09-21,2025-09-21_r0896_c0672,4,3,896,672,224,224,661016.7928851099,6059870.458216072,663263.1731614799,6062115.838349857,32737,0.6524433992346939,17439,True,True,True,data\raw\SummerSchool_Subset\images\2025-09-21\layers\2025-09-21_B04.tif,data\raw\SummerSchool_Subset\images\2025-09-21\layers\2025-09-21_B03.tif,data\raw\SummerSchool_Subset\images\2025-09-21\layers\2025-09-21_B02.tif,data\raw\SummerSchool_Subset\images\2025-09-21\layers\2025-09-21_VV.tif,data\raw\SummerSchool_Subset\images\2025-09-21\layers\2025-09-21_VH.tif,data\raw\SummerSchool_Subset\masks\2025_09_21.tiff,0 1 2 255,26675,0.8148272596755964,6056,0.1849894614656199,6,0.0001832788587836,0,0.0,6062,0.1851727403244036,test
2025-09-21,2025-09-21_r0896_c0896,4,4,896,896,224,224,663263.1731614799,6059870.458216072,665509.5534378499,6062115.838349857,15251,0.3039500956632653,34925,True,True,True,data\raw\SummerSchool_Subset\images\2025-09-21\layers\2025-09-21_B04.tif,data\raw\SummerSchool_Subset\images\2025-09-21\layers\2025-09-21_B03.tif,data\raw\SummerSchool_Subset\images\2025-09-21\layers\2025-09-21_B02.tif,data\raw\SummerSchool_Subset\images\2025-09-21\layers\2025-09-21_VV.tif,data\raw\SummerSchool_Subset\images\2025-09-21\layers\2025-09-21_VH.tif,data\raw\SummerSchool_Subset\masks\2025_09_21.tiff,0 1 255,14934,0.9792144777391646,317,0.0207855222608353,0,0.0,0,0.0,317,0.0207855222608353,test
2025-09-21,2025-09-21_r0896_c1344,4,6,896,1344,224,224,667755.9337142198,6059870.458216072,670002.3139905898,6062115.838349857,24475,0.4877830038265306,25701,True,True,True,data\raw\SummerSchool_Subset\images\2025-09-21\layers\2025-09-21_B04.tif,data\raw\SummerSchool_Subset\images\2025-09-21\layers\2025-09-21_B03.tif,data\raw\SummerSchool_Subset\images\2025-09-21\layers\2025-09-21_B02.tif,data\raw\SummerSchool_Subset\images\2025-09-21\layers\2025-09-21_VV.tif,data\raw\SummerSchool_Subset\images\2025-09-21\layers\2025-09-21_VH.tif,data\raw\SummerSchool_Subset\masks\2025_09_21.tiff,0 1 255,24083,0.9839836567926455,392,0.0160163432073544,0,0.0,0,0.0,392,0.0160163432073544,test
2025-09-21,2025-09-21_r0896_c1568,4,7,896,1568,224,224,670002.3139905898,6059870.458216072,672248.6942669598,6062115.838349857,18897,0.3766143176020408,31279,True,True,True,data\raw\SummerSchool_Subset\images\2025-09-21\layers\2025-09-21_B04.tif,data\raw\SummerSchool_Subset\images\2025-09-21\layers\2025-09-21_B03.tif,data\raw\SummerSchool_Subset\images\2025-09-21\layers\2025-09-21_B02.tif,data\raw\SummerSchool_Subset\images\2025-09-21\layers\2025-09-21_VV.tif,data\raw\SummerSchool_Subset\images\2025-09-21\layers\2025-09-21_VH.tif,data\raw\SummerSchool_Subset\masks\2025_09_21.tiff,0 1 2 255,14935,0.7903370905434725,3961,0.209609991003863,1,5.291845266444409e-05,0,0.0,3962,0.2096629094565275,test
2025-09-21,2025-09-21_r0896_c1792,4,8,896,1792,224,224,672248.6942669598,6059870.458216072,674495.0745433298,6062115.838349857,13041,0.2599051339285714,37135,True,True,True,data\raw\SummerSchool_Subset\images\2025-09-21\layers\2025-09-21_B04.tif,data\raw\SummerSchool_Subset\images\2025-09-21\layers\2025-09-21_B03.tif,data\raw\SummerSchool_Subset\images\2025-09-21\layers\2025-09-21_B02.tif,data\raw\SummerSchool_Subset\images\2025-09-21\layers\2025-09-21_VV.tif,data\raw\SummerSchool_Subset\images\2025-09-21\layers\2025-09-21_VH.tif,data\raw\SummerSchool_Subset\masks\2025_09_21.tiff,0 1 2 255,7548,0.5787899700943179,5485,0.4205965800168699,8,0.0006134498888122,0,0.0,5493,0.421210029905682,test
2025-09-21,2025-09-21_r0896_c2016,4,9,896,2016,224,224,674495.0745433298,6059870.458216072,676741.4548196997,6062115.838349857,12145,0.2420479910714285,38031,True,True,True,data\raw\SummerSchool_Subset\images\2025-09-21\layers\2025-09-21_B04.tif,data\raw\SummerSchool_Subset\images\2025-09-21\layers\2025-09-21_B03.tif,data\raw\SummerSchool_Subset\images\2025-09-21\layers\2025-09-21_B02.tif,data\raw\SummerSchool_Subset\images\2025-09-21\layers\2025-09-21_VV.tif,data\raw\SummerSchool_Subset\images\2025-09-21\layers\2025-09-21_VH.tif,data\raw\SummerSchool_Subset\masks\2025_09_21.tiff,0 1 2 3 255,6808,0.560559901193907,4802,0.3953890489913544,226,0.0186084808563194,309,0.0254425689584191,5337,0.439440098806093,test
2025-09-21,2025-09-21_r1120_c0672,5,3,1120,672,224,224,661016.7928851099,6057625.078082287,663263.1731614799,6059870.458216072,37031,0.7380221619897959,13145,True,True,True,data\raw\SummerSchool_Subset\images\2025-09-21\layers\2025-09-21_B04.tif,data\raw\SummerSchool_Subset\images\2025-09-21\layers\2025-09-21_B03.tif,data\raw\SummerSchool_Subset\images\2025-09-21\layers\2025-09-21_B02.tif,data\raw\SummerSchool_Subset\images\2025-09-21\layers\2025-09-21_VV.tif,data\raw\SummerSchool_Subset\images\2025-09-21\layers\2025-09-21_VH.tif,data\raw\SummerSchool_Subset\masks\2025_09_21.tiff,0 1 2 3 255,28452,0.7683292376657395,8407,0.2270260052388539,26,0.0007021144446544,146,0.003942642650752,8579,0.2316707623342604,test
2025-09-21,2025-09-21_r1120_c0896,5,4,1120,896,224,224,663263.1731614799,6057625.078082287,665509.5534378499,6059870.458216072,44492,0.88671875,5684,True,True,True,data\raw\SummerSchool_Subset\images\2025-09-21\layers\2025-09-21_B04.tif,data\raw\SummerSchool_Subset\images\2025-09-21\layers\2025-09-21_B03.tif,data\raw\SummerSchool_Subset\images\2025-09-21\layers\2025-09-21_B02.tif,data\raw\SummerSchool_Subset\images\2025-09-21\layers\2025-09-21_VV.tif,data\raw\SummerSchool_Subset\images\2025-09-21\layers\2025-09-21_VH.tif,data\raw\SummerSchool_Subset\masks\2025_09_21.tiff,0 1 255,40063,0.9004540142048009,4429,0.0995459857951991,0,0.0,0,0.0,4429,0.0995459857951991,test
2025-09-21,2025-09-21_r1120_c1120,5,5,1120,1120,224,224,665509.5534378499,6057625.078082287,667755.9337142198,6059870.458216072,29855,0.5950055803571429,20321,True,True,True,data\raw\SummerSchool_Subset\images\2025-09-21\layers\2025-09-21_B04.tif,data\raw\SummerSchool_Subset\images\2025-09-21\layers\2025-09-21_B03.tif,data\raw\SummerSchool_Subset\images\2025-09-21\layers\2025-09-21_B02.tif,data\raw\SummerSchool_Subset\images\2025-09-21\layers\2025-09-21_VV.tif,data\raw\SummerSchool_Subset\images\2025-09-21\layers\2025-09-21_VH.tif,data\raw\SummerSchool_Subset\masks\2025_09_21.tiff,0 1 2 255,22037,0.7381343158599899,7817,0.2618321889130799,1,3.349522693016245e-05,0,0.0,7818,0.26186568414001,test
2025-09-21,2025-09-21_r1120_c1344,5,6,1120,1344,224,224,667755.9337142198,6057625.078082287,670002.3139905898,6059870.458216072,43356,0.8640784438775511,6820,True,True,True,data\raw\SummerSchool_Subset\images\2025-09-21\layers\2025-09-21_B04.tif,data\raw\SummerSchool_Subset\images\2025-09-21\layers\2025-09-21_B03.tif,data\raw\SummerSchool_Subset\images\2025-09-21\layers\2025-09-21_B02.tif,data\raw\SummerSchool_Subset\images\2025-09-21\layers\2025-09-21_VV.tif,data\raw\SummerSchool_Subset\images\2025-09-21\layers\2025-09-21_VH.tif,data\raw\SummerSchool_Subset\masks\2025_09_21.tiff,0 1 255,35470,0.8181105268013654,7886,0.1818894731986345,0,0.0,0,0.0,7886,0.1818894731986345,test
2025-09-21,2025-09-21_r1120_c1568,5,7,1120,1568,224,224,670002.3139905898,6057625.078082287,672248.6942669598,6059870.458216072,32545,0.6486168686224489,17631,True,True,True,data\raw\SummerSchool_Subset\images\2025-09-21\layers\2025-09-21_B04.tif,data\raw\SummerSchool_Subset\images\2025-09-21\layers\2025-09-21_B03.tif,data\raw\SummerSchool_Subset\images\2025-09-21\layers\2025-09-21_B02.tif,data\raw\SummerSchool_Subset\images\2025-09-21\layers\2025-09-21_VV.tif,data\raw\SummerSchool_Subset\images\2025-09-21\layers\2025-09-21_VH.tif,data\raw\SummerSchool_Subset\masks\2025_09_21.tiff,0 1 255,18300,0.5622983561222922,14245,0.4377016438777077,0,0.0,0,0.0,14245,0.4377016438777077,test
2025-09-21,2025-09-21_r1344_c0672,6,3,1344,672,224,224,661016.7928851099,6055379.6979485005,663263.1731614799,6057625.078082287,24810,0.4944595025510204,25366,True,True,True,data\raw\SummerSchool_Subset\images\2025-09-21\layers\2025-09-21_B04.tif,data\raw\SummerSchool_Subset\images\2025-09-21\layers\2025-09-21_B03.tif,data\raw\SummerSchool_Subset\images\2025-09-21\layers\2025-09-21_B02.tif,data\raw\SummerSchool_Subset\images\2025-09-21\layers\2025-09-21_VV.tif,data\raw\SummerSchool_Subset\images\2025-09-21\layers\2025-09-21_VH.tif,data\raw\SummerSchool_Subset\masks\2025_09_21.tiff,0 1 2 3 255,21206,0.8547359935509875,3307,0.1332930270052398,76,0.0030632809351068,221,0.0089076985086658,3604,0.1452640064490125,test
2025-09-21,2025-09-21_r1344_c0896,6,4,1344,896,224,224,663263.1731614799,6055379.6979485005,665509.5534378499,6057625.078082287,39861,0.7944236288265306,10315,True,True,True,data\raw\SummerSchool_Subset\images\2025-09-21\layers\2025-09-21_B04.tif,data\raw\SummerSchool_Subset\images\2025-09-21\layers\2025-09-21_B03.tif,data\raw\SummerSchool_Subset\images\2025-09-21\layers\2025-09-21_B02.tif,data\raw\SummerSchool_Subset\images\2025-09-21\layers\2025-09-21_VV.tif,data\raw\SummerSchool_Subset\images\2025-09-21\layers\2025-09-21_VH.tif,data\raw\SummerSchool_Subset\masks\2025_09_21.tiff,0 1 2 255,21507,0.5395499360276963,18352,0.460399889616417,2,5.017435588670631e-05,0,0.0,18354,0.4604500639723037,test
2025-09-21,2025-09-21_r1344_c1120,6,5,1344,1120,224,224,665509.5534378499,6055379.6979485005,667755.9337142198,6057625.078082287,26857,0.5352558992346939,23319,True,True,True,data\raw\SummerSchool_Subset\images\2025-09-21\layers\2025-09-21_B04.tif,data\raw\SummerSchool_Subset\images\2025-09-21\layers\2025-09-21_B03.tif,data\raw\SummerSchool_Subset\images\2025-09-21\layers\2025-09-21_B02.tif,data\raw\SummerSchool_Subset\images\2025-09-21\layers\2025-09-21_VV.tif,data\raw\SummerSchool_Subset\images\2025-09-21\layers\2025-09-21_VH.tif,data\raw\SummerSchool_Subset\masks\2025_09_21.tiff,0 1 2 255,11525,0.4291246230033138,15331,0.5708381427560785,1,3.7234240607662805e-05,0,0.0,15332,0.5708753769966861,test
2025-09-21,2025-09-21_r1344_c1344,6,6,1344,1344,224,224,667755.9337142198,6055379.6979485005,670002.3139905898,6057625.078082287,40686,0.8108657525510204,9490,True,True,True,data\raw\SummerSchool_Subset\images\2025-09-21\layers\2025-09-21_B04.tif,data\raw\SummerSchool_Subset\images\2025-09-21\layers\2025-09-21_B03.tif,data\raw\SummerSchool_Subset\images\2025-09-21\layers\2025-09-21_B02.tif,data\raw\SummerSchool_Subset\images\2025-09-21\layers\2025-09-21_VV.tif,data\raw\SummerSchool_Subset\images\2025-09-21\layers\2025-09-21_VH.tif,data\raw\SummerSchool_Subset\masks\2025_09_21.tiff,0 1 255,24664,0.6062036081207295,16022,0.3937963918792705,0,0.0,0,0.0,16022,0.3937963918792705,test
2025-09-21,2025-09-21_r1344_c1568,6,7,1344,1568,224,224,670002.3139905898,6055379.6979485005,672248.6942669598,6057625.078082287,43895,0.8748206313775511,6281,True,True,True,data\raw\SummerSchool_Subset\images\2025-09-21\layers\2025-09-21_B04.tif,data\raw\SummerSchool_Subset\images\2025-09-21\layers\2025-09-21_B03.tif,data\raw\SummerSchool_Subset\images\2025-09-21\layers\2025-09-21_B02.tif,data\raw\SummerSchool_Subset\images\2025-09-21\layers\2025-09-21_VV.tif,data\raw\SummerSchool_Subset\images\2025-09-21\layers\2025-09-21_VH.tif,data\raw\SummerSchool_Subset\masks\2025_09_21.tiff,0 1 255,28234,0.6432167672855679,15661,0.3567832327144322,0,0.0,0,0.0,15661,0.3567832327144322,test
2025-09-21,2025-09-21_r1344_c1792,6,8,1344,1792,224,224,672248.6942669598,6055379.6979485005,674495.0745433298,6057625.078082287,20045,0.3994937818877551,30131,True,True,True,data\raw\SummerSchool_Subset\images\2025-09-21\layers\2025-09-21_B04.tif,data\raw\SummerSchool_Subset\images\2025-09-21\layers\2025-09-21_B03.tif,data\raw\SummerSchool_Subset\images\2025-09-21\layers\2025-09-21_B02.tif,data\raw\SummerSchool_Subset\images\2025-09-21\layers\2025-09-21_VV.tif,data\raw\SummerSchool_Subset\images\2025-09-21\layers\2025-09-21_VH.tif,data\raw\SummerSchool_Subset\masks\2025_09_21.tiff,0 1 2 3 255,6885,0.3434771763532053,12944,0.6457470690945373,73,0.0036418059366425,143,0.0071339486156148,13160,0.6565228236467947,test
2025-09-21,2025-09-21_r1568_c0672,7,3,1568,672,224,224,661016.7928851099,6053134.317814715,663263.1731614799,6055379.6979485005,22418,0.4467873086734694,27758,True,True,True,data\raw\SummerSchool_Subset\images\2025-09-21\layers\2025-09-21_B04.tif,data\raw\SummerSchool_Subset\images\2025-09-21\layers\2025-09-21_B03.tif,data\raw\SummerSchool_Subset\images\2025-09-21\layers\2025-09-21_B02.tif,data\raw\SummerSchool_Subset\images\2025-09-21\layers\2025-09-21_VV.tif,data\raw\SummerSchool_Subset\images\2025-09-21\layers\2025-09-21_VH.tif,data\raw\SummerSchool_Subset\masks\2025_09_21.tiff,0 1 2 3 255,20798,0.9277366401998394,1550,0.069140868944598,28,0.0012489963422249,42,0.0018734945133374,1620,0.0722633598001605,test
2025-09-21,2025-09-21_r1568_c0896,7,4,1568,896,224,224,663263.1731614799,6053134.317814715,665509.5534378499,6055379.6979485005,10696,0.2131696428571428,39480,True,True,True,data\raw\SummerSchool_Subset\images\2025-09-21\layers\2025-09-21_B04.tif,data\raw\SummerSchool_Subset\images\2025-09-21\layers\2025-09-21_B03.tif,data\raw\SummerSchool_Subset\images\2025-09-21\layers\2025-09-21_B02.tif,data\raw\SummerSchool_Subset\images\2025-09-21\layers\2025-09-21_VV.tif,data\raw\SummerSchool_Subset\images\2025-09-21\layers\2025-09-21_VH.tif,data\raw\SummerSchool_Subset\masks\2025_09_21.tiff,0 1 2 255,7992,0.7471952131637996,2655,0.2482236350037397,49,0.0045811518324607,0,0.0,2704,0.2528047868362004,test
2025-09-21,2025-09-21_r1568_c1344,7,6,1568,1344,224,224,667755.9337142198,6053134.317814715,670002.3139905898,6055379.6979485005,31032,0.6184630102040817,19144,True,True,True,data\raw\SummerSchool_Subset\images\2025-09-21\layers\2025-09-21_B04.tif,data\raw\SummerSchool_Subset\images\2025-09-21\layers\2025-09-21_B03.tif,data\raw\SummerSchool_Subset\images\2025-09-21\layers\2025-09-21_B02.tif,data\raw\SummerSchool_Subset\images\2025-09-21\layers\2025-09-21_VV.tif,data\raw\SummerSchool_Subset\images\2025-09-21\layers\2025-09-21_VH.tif,data\raw\SummerSchool_Subset\masks\2025_09_21.tiff,0 1 2 255,11385,0.3668793503480278,19646,0.633088424851766,1,3.222480020623872e-05,0,0.0,19647,0.6331206496519721,test
2025-09-21,2025-09-21_r1568_c1568,7,7,1568,1568,224,224,670002.3139905898,6053134.317814715,672248.6942669598,6055379.6979485005,38534,0.7679767219387755,11642,True,True,True,data\raw\SummerSchool_Subset\images\2025-09-21\layers\2025-09-21_B04.tif,data\raw\SummerSchool_Subset\images\2025-09-21\layers\2025-09-21_B03.tif,data\raw\SummerSchool_Subset\images\2025-09-21\layers\2025-09-21_B02.tif,data\raw\SummerSchool_Subset\images\2025-09-21\layers\2025-09-21_VV.tif,data\raw\SummerSchool_Subset\images\2025-09-21\layers\2025-09-21_VH.tif,data\raw\SummerSchool_Subset\masks\2025_09_21.tiff,0 1 255,20572,0.5338661960865729,17962,0.4661338039134271,0,0.0,0,0.0,17962,0.4661338039134271,test
2025-09-21,2025-09-21_r1568_c1792,7,8,1568,1792,224,224,672248.6942669598,6053134.317814715,674495.0745433298,6055379.6979485005,13304,0.2651466836734694,36872,True,True,True,data\raw\SummerSchool_Subset\images\2025-09-21\layers\2025-09-21_B04.tif,data\raw\SummerSchool_Subset\images\2025-09-21\layers\2025-09-21_B03.tif,data\raw\SummerSchool_Subset\images\2025-09-21\layers\2025-09-21_B02.tif,data\raw\SummerSchool_Subset\images\2025-09-21\layers\2025-09-21_VV.tif,data\raw\SummerSchool_Subset\images\2025-09-21\layers\2025-09-21_VH.tif,data\raw\SummerSchool_Subset\masks\2025_09_21.tiff,0 1 2 3 255,7685,0.5776458208057726,5460,0.4104028863499699,43,0.0032321106434155,116,0.0087191822008418,5619,0.4223541791942273,test
2025-09-21,2025-09-21_r1792_c0448,8,2,1792,448,224,224,658770.4126087399,6050888.937680929,661016.7928851099,6053134.317814715,16262,0.3240991709183674,33914,True,True,True,data\raw\SummerSchool_Subset\images\2025-09-21\layers\2025-09-21_B04.tif,data\raw\SummerSchool_Subset\images\2025-09-21\layers\2025-09-21_B03.tif,data\raw\SummerSchool_Subset\images\2025-09-21\layers\2025-09-21_B02.tif,data\raw\SummerSchool_Subset\images\2025-09-21\layers\2025-09-21_VV.tif,data\raw\SummerSchool_Subset\images\2025-09-21\layers\2025-09-21_VH.tif,data\raw\SummerSchool_Subset\masks\2025_09_21.tiff,0 1 2 3 255,13667,0.8404255319148937,2091,0.1285819702373631,273,0.0167876030008609,231,0.0142048948468823,2595,0.1595744680851064,test
2025-09-21,2025-09-21_r1792_c0672,8,3,1792,672,224,224,661016.7928851099,6050888.937680929,663263.1731614799,6053134.317814715,25750,0.5131935586734694,24426,True,True,True,data\raw\SummerSchool_Subset\images\2025-09-21\layers\2025-09-21_B04.tif,data\raw\SummerSchool_Subset\images\2025-09-21\layers\2025-09-21_B03.tif,data\raw\SummerSchool_Subset\images\2025-09-21\layers\2025-09-21_B02.tif,data\raw\SummerSchool_Subset\images\2025-09-21\layers\2025-09-21_VV.tif,data\raw\SummerSchool_Subset\images\2025-09-21\layers\2025-09-21_VH.tif,data\raw\SummerSchool_Subset\masks\2025_09_21.tiff,0 1 2 255,25685,0.9974757281553398,60,0.0023300970873786,5,0.0001941747572815,0,0.0,65,0.0025242718446601,test
2025-09-21,2025-09-21_r1792_c0896,8,4,1792,896,224,224,663263.1731614799,6050888.937680929,665509.5534378499,6053134.317814715,20055,0.3996930803571428,30121,True,True,True,data\raw\SummerSchool_Subset\images\2025-09-21\layers\2025-09-21_B04.tif,data\raw\SummerSchool_Subset\images\2025-09-21\layers\2025-09-21_B03.tif,data\raw\SummerSchool_Subset\images\2025-09-21\layers\2025-09-21_B02.tif,data\raw\SummerSchool_Subset\images\2025-09-21\layers\2025-09-21_VV.tif,data\raw\SummerSchool_Subset\images\2025-09-21\layers\2025-09-21_VH.tif,data\raw\SummerSchool_Subset\masks\2025_09_21.tiff,0 1 2 3 255,14087,0.7024183495387684,5958,0.2970830216903515,9,0.000448765893792,1,4.986287708800798e-05,5968,0.2975816504612316,test
2025-09-21,2025-09-21_r1792_c1344,8,6,1792,1344,224,224,667755.9337142198,6050888.937680929,670002.3139905898,6053134.317814715,15725,0.3133968431122449,34451,True,True,True,data\raw\SummerSchool_Subset\images\2025-09-21\layers\2025-09-21_B04.tif,data\raw\SummerSchool_Subset\images\2025-09-21\layers\2025-09-21_B03.tif,data\raw\SummerSchool_Subset\images\2025-09-21\layers\2025-09-21_B02.tif,data\raw\SummerSchool_Subset\images\2025-09-21\layers\2025-09-21_VV.tif,data\raw\SummerSchool_Subset\images\2025-09-21\layers\2025-09-21_VH.tif,data\raw\SummerSchool_Subset\masks\2025_09_21.tiff,0 1 3 255,591,0.0375834658187599,15131,0.9622257551669317,0,0.0,3,0.0001907790143084,15134,0.96241653418124,test
2025-09-21,2025-09-21_r1792_c1568,8,7,1792,1568,224,224,670002.3139905898,6050888.937680929,672248.6942669598,6053134.317814715,28219,0.5624003507653061,21957,True,True,True,data\raw\SummerSchool_Subset\images\2025-09-21\layers\2025-09-21_B04.tif,data\raw\SummerSchool_Subset\images\2025-09-21\layers\2025-09-21_B03.tif,data\raw\SummerSchool_Subset\images\2025-09-21\layers\2025-09-21_B02.tif,data\raw\SummerSchool_Subset\images\2025-09-21\layers\2025-09-21_VV.tif,data\raw\SummerSchool_Subset\images\2025-09-21\layers\2025-09-21_VH.tif,data\raw\SummerSchool_Subset\masks\2025_09_21.tiff,0 1 2 255,6609,0.2342039051702753,21607,0.7656897834792161,3,0.0001063113505085,0,0.0,21610,0.7657960948297247,test
2025-09-21,2025-09-21_r2016_c0224,9,1,2016,224,224,224,656524.0323323699,6048643.557547144,658770.4126087399,6050888.937680929,22753,0.4534638073979591,27423,True,True,True,data\raw\SummerSchool_Subset\images\2025-09-21\layers\2025-09-21_B04.tif,data\raw\SummerSchool_Subset\images\2025-09-21\layers\2025-09-21_B03.tif,data\raw\SummerSchool_Subset\images\2025-09-21\layers\2025-09-21_B02.tif,data\raw\SummerSchool_Subset\images\2025-09-21\layers\2025-09-21_VV.tif,data\raw\SummerSchool_Subset\images\2025-09-21\layers\2025-09-21_VH.tif,data\raw\SummerSchool_Subset\masks\2025_09_21.tiff,0 1 2 3 255,21936,0.9640926471234562,240,0.0105480595965367,339,0.0148991341801081,238,0.0104601590998989,817,0.0359073528765437,test
2025-09-21,2025-09-21_r2016_c0448,9,2,2016,448,224,224,658770.4126087399,6048643.557547144,661016.7928851099,6050888.937680929,31318,0.6241629464285714,18858,True,True,True,data\raw\SummerSchool_Subset\images\2025-09-21\layers\2025-09-21_B04.tif,data\raw\SummerSchool_Subset\images\2025-09-21\layers\2025-09-21_B03.tif,data\raw\SummerSchool_Subset\images\2025-09-21\layers\2025-09-21_B02.tif,data\raw\SummerSchool_Subset\images\2025-09-21\layers\2025-09-21_VV.tif,data\raw\SummerSchool_Subset\images\2025-09-21\layers\2025-09-21_VH.tif,data\raw\SummerSchool_Subset\masks\2025_09_21.tiff,0 1 2 255,31057,0.9916661344913468,185,0.0059071460501947,76,0.0024267194584583,0,0.0,261,0.0083338655086531,test
2025-09-21,2025-09-21_r2016_c0672,9,3,2016,672,224,224,661016.7928851099,6048643.557547144,663263.1731614799,6050888.937680929,24127,0.4808474170918367,26049,True,True,True,data\raw\SummerSchool_Subset\images\2025-09-21\layers\2025-09-21_B04.tif,data\raw\SummerSchool_Subset\images\2025-09-21\layers\2025-09-21_B03.tif,data\raw\SummerSchool_Subset\images\2025-09-21\layers\2025-09-21_B02.tif,data\raw\SummerSchool_Subset\images\2025-09-21\layers\2025-09-21_VV.tif,data\raw\SummerSchool_Subset\images\2025-09-21\layers\2025-09-21_VH.tif,data\raw\SummerSchool_Subset\masks\2025_09_21.tiff,0 1 2 255,24106,0.9991296058357856,18,0.0007460521407551,3,0.0001243420234591,0,0.0,21,0.0008703941642143,test
2025-09-21,2025-09-21_r2240_c0000,10,0,2240,0,224,224,654277.652056,6046398.177413358,656524.0323323699,6048643.557547144,23704,0.4724170918367347,26472,True,True,True,data\raw\SummerSchool_Subset\images\2025-09-21\layers\2025-09-21_B04.tif,data\raw\SummerSchool_Subset\images\2025-09-21\layers\2025-09-21_B03.tif,data\raw\SummerSchool_Subset\images\2025-09-21\layers\2025-09-21_B02.tif,data\raw\SummerSchool_Subset\images\2025-09-21\layers\2025-09-21_VV.tif,data\raw\SummerSchool_Subset\images\2025-09-21\layers\2025-09-21_VH.tif,data\raw\SummerSchool_Subset\masks\2025_09_21.tiff,0 1 2 3 255,22267,0.9393773202834964,765,0.0322730340870739,499,0.021051299358758,173,0.0072983462706716,1437,0.0606226797165035,test
2025-09-21,2025-09-21_r2240_c0224,10,1,2240,224,224,224,656524.0323323699,6046398.177413358,658770.4126087399,6048643.557547144,44379,0.8844666772959183,5797,True,True,True,data\raw\SummerSchool_Subset\images\2025-09-21\layers\2025-09-21_B04.tif,data\raw\SummerSchool_Subset\images\2025-09-21\layers\2025-09-21_B03.tif,data\raw\SummerSchool_Subset\images\2025-09-21\layers\2025-09-21_B02.tif,data\raw\SummerSchool_Subset\images\2025-09-21\layers\2025-09-21_VV.tif,data\raw\SummerSchool_Subset\images\2025-09-21\layers\2025-09-21_VH.tif,data\raw\SummerSchool_Subset\masks\2025_09_21.tiff,0 1 2 255,44207,0.996124293021474,147,0.0033123774758331,25,0.0005633295026927,0,0.0,172,0.0038757069785258,test
2025-09-21,2025-09-21_r2240_c0448,10,2,2240,448,224,224,658770.4126087399,6046398.177413358,661016.7928851099,6048643.557547144,43596,0.8688616071428571,6580,True,True,True,data\raw\SummerSchool_Subset\images\2025-09-21\layers\2025-09-21_B04.tif,data\raw\SummerSchool_Subset\images\2025-09-21\layers\2025-09-21_B03.tif,data\raw\SummerSchool_Subset\images\2025-09-21\layers\2025-09-21_B02.tif,data\raw\SummerSchool_Subset\images\2025-09-21\layers\2025-09-21_VV.tif,data\raw\SummerSchool_Subset\images\2025-09-21\layers\2025-09-21_VH.tif,data\raw\SummerSchool_Subset\masks\2025_09_21.tiff,0 1 255,43584,0.9997247453894852,12,0.0002752546105147,0,0.0,0,0.0,12,0.0002752546105147,test
2025-09-21,2025-09-21_r2240_c0672,10,3,2240,672,224,224,661016.7928851099,6046398.177413358,663263.1731614799,6048643.557547144,36534,0.7281170280612245,13642,True,True,True,data\raw\SummerSchool_Subset\images\2025-09-21\layers\2025-09-21_B04.tif,data\raw\SummerSchool_Subset\images\2025-09-21\layers\2025-09-21_B03.tif,data\raw\SummerSchool_Subset\images\2025-09-21\layers\2025-09-21_B02.tif,data\raw\SummerSchool_Subset\images\2025-09-21\layers\2025-09-21_VV.tif,data\raw\SummerSchool_Subset\images\2025-09-21\layers\2025-09-21_VH.tif,data\raw\SummerSchool_Subset\masks\2025_09_21.tiff,0 1 2 255,36302,0.993649750916954,230,0.0062955055564679,2,5.474352657798216e-05,0,0.0,232,0.0063502490830459,test
2025-09-21,2025-09-21_r2464_c0000,11,0,2464,0,224,224,654277.652056,6044152.797279572,656524.0323323699,6046398.177413358,17684,0.3524394132653061,32492,True,True,True,data\raw\SummerSchool_Subset\images\2025-09-21\layers\2025-09-21_B04.tif,data\raw\SummerSchool_Subset\images\2025-09-21\layers\2025-09-21_B03.tif,data\raw\SummerSchool_Subset\images\2025-09-21\layers\2025-09-21_B02.tif,data\raw\SummerSchool_Subset\images\2025-09-21\layers\2025-09-21_VV.tif,data\raw\SummerSchool_Subset\images\2025-09-21\layers\2025-09-21_VH.tif,data\raw\SummerSchool_Subset\masks\2025_09_21.tiff,0 1 2 3 255,17327,0.979812259669758,161,0.0091042750508934,134,0.0075774711603709,62,0.0035059941189776,357,0.020187740330242,test
2025-09-21,2025-09-21_r2464_c0224,11,1,2464,224,224,224,656524.0323323699,6044152.797279572,658770.4126087399,6046398.177413358,44108,0.8790656887755102,6068,True,True,True,data\raw\SummerSchool_Subset\images\2025-09-21\layers\2025-09-21_B04.tif,data\raw\SummerSchool_Subset\images\2025-09-21\layers\2025-09-21_B03.tif,data\raw\SummerSchool_Subset\images\2025-09-21\layers\2025-09-21_B02.tif,data\raw\SummerSchool_Subset\images\2025-09-21\layers\2025-09-21_VV.tif,data\raw\SummerSchool_Subset\images\2025-09-21\layers\2025-09-21_VH.tif,data\raw\SummerSchool_Subset\masks\2025_09_21.tiff,0 1 2 3 255,42152,0.9556543030742722,1805,0.040922281672259,106,0.0024031921646866,45,0.001020223088782,1956,0.0443456969257277,test
2025-09-21,2025-09-21_r2464_c0448,11,2,2464,448,224,224,658770.4126087399,6044152.797279572,661016.7928851099,6046398.177413358,45305,0.9029217155612244,4871,True,True,True,data\raw\SummerSchool_Subset\images\2025-09-21\layers\2025-09-21_B04.tif,data\raw\SummerSchool_Subset\images\2025-09-21\layers\2025-09-21_B03.tif,data\raw\SummerSchool_Subset\images\2025-09-21\layers\2025-09-21_B02.tif,data\raw\SummerSchool_Subset\images\2025-09-21\layers\2025-09-21_VV.tif,data\raw\SummerSchool_Subset\images\2025-09-21\layers\2025-09-21_VH.tif,data\raw\SummerSchool_Subset\masks\2025_09_21.tiff,0 1 2 3 255,40310,0.8897472685134091,4921,0.1086193576867895,55,0.0012139940403928,19,0.0004193797594084,4995,0.1102527314865908,test
2025-09-21,2025-09-21_r2464_c0672,11,3,2464,672,224,224,661016.7928851099,6044152.797279572,663263.1731614799,6046398.177413358,44338,0.8836495535714286,5838,True,True,True,data\raw\SummerSchool_Subset\images\2025-09-21\layers\2025-09-21_B04.tif,data\raw\SummerSchool_Subset\images\2025-09-21\layers\2025-09-21_B03.tif,data\raw\SummerSchool_Subset\images\2025-09-21\layers\2025-09-21_B02.tif,data\raw\SummerSchool_Subset\images\2025-09-21\layers\2025-09-21_VV.tif,data\raw\SummerSchool_Subset\images\2025-09-21\layers\2025-09-21_VH.tif,data\raw\SummerSchool_Subset\masks\2025_09_21.tiff,0 1 2 3 255,37730,0.8509630565203663,6338,0.1429473589246244,68,0.0015336731471875,202,0.0045559114078217,6608,0.1490369434796337,test
2025-09-21,2025-09-21_r2464_c0896,11,4,2464,896,224,224,663263.1731614799,6044152.797279572,665509.5534378499,6046398.177413358,24584,0.4899553571428571,25592,True,True,True,data\raw\SummerSchool_Subset\images\2025-09-21\layers\2025-09-21_B04.tif,data\raw\SummerSchool_Subset\images\2025-09-21\layers\2025-09-21_B03.tif,data\raw\SummerSchool_Subset\images\2025-09-21\layers\2025-09-21_B02.tif,data\raw\SummerSchool_Subset\images\2025-09-21\layers\2025-09-21_VV.tif,data\raw\SummerSchool_Subset\images\2025-09-21\layers\2025-09-21_VH.tif,data\raw\SummerSchool_Subset\masks\2025_09_21.tiff,0 1 2 3 255,11618,0.4725837943377807,12814,0.5212333224861698,53,0.0021558737390172,99,0.0040270094370322,12966,0.5274162056622194,test
2025-09-21,2025-09-21_r2464_c1344,11,6,2464,1344,224,224,667755.9337142198,6044152.797279572,670002.3139905898,6046398.177413358,24252,0.4833386479591837,25924,True,True,True,data\raw\SummerSchool_Subset\images\2025-09-21\layers\2025-09-21_B04.tif,data\raw\SummerSchool_Subset\images\2025-09-21\layers\2025-09-21_B03.tif,data\raw\SummerSchool_Subset\images\2025-09-21\layers\2025-09-21_B02.tif,data\raw\SummerSchool_Subset\images\2025-09-21\layers\2025-09-21_VV.tif,data\raw\SummerSchool_Subset\images\2025-09-21\layers\2025-09-21_VH.tif,data\raw\SummerSchool_Subset\masks\2025_09_21.tiff,0 1 2 3 255,5600,0.2309087910275441,18627,0.7680603661553687,1,4.123371268349002e-05,24,0.0009896091044037,18652,0.7690912089724559,test
2025-09-21,2025-09-21_r2464_c1568,11,7,2464,1568,224,224,670002.3139905898,6044152.797279572,672248.6942669598,6046398.177413358,13526,0.2695711096938775,36650,True,True,True,data\raw\SummerSchool_Subset\images\2025-09-21\layers\2025-09-21_B04.tif,data\raw\SummerSchool_Subset\images\2025-09-21\layers\2025-09-21_B03.tif,data\raw\SummerSchool_Subset\images\2025-09-21\layers\2025-09-21_B02.tif,data\raw\SummerSchool_Subset\images\2025-09-21\layers\2025-09-21_VV.tif,data\raw\SummerSchool_Subset\images\2025-09-21\layers\2025-09-21_VH.tif,data\raw\SummerSchool_Subset\masks\2025_09_21.tiff,0 1 2 3 255,5363,0.3964956380304598,8055,0.5955197397604614,34,0.0025136773621174,74,0.0054709448469614,8163,0.6035043619695402,test
2025-09-21,2025-09-21_r2688_c0448,12,2,2688,448,224,224,658770.4126087399,6041907.417145787,661016.7928851099,6044152.797279572,25113,0.5004982461734694,25063,True,True,True,data\raw\SummerSchool_Subset\images\2025-09-21\layers\2025-09-21_B04.tif,data\raw\SummerSchool_Subset\images\2025-09-21\layers\2025-09-21_B03.tif,data\raw\SummerSchool_Subset\images\2025-09-21\layers\2025-09-21_B02.tif,data\raw\SummerSchool_Subset\images\2025-09-21\layers\2025-09-21_VV.tif,data\raw\SummerSchool_Subset\images\2025-09-21\layers\2025-09-21_VH.tif,data\raw\SummerSchool_Subset\masks\2025_09_21.tiff,0 1 2 3 255,2051,0.0816708477680882,22496,0.8957910245689483,167,0.0066499422609803,399,0.015888185401983,23062,0.9183291522319118,test
2025-09-21,2025-09-21_r2688_c1344,12,6,2688,1344,224,224,667755.9337142198,6041907.417145787,670002.3139905898,6044152.797279572,39544,0.7881058673469388,10632,True,True,True,data\raw\SummerSchool_Subset\images\2025-09-21\layers\2025-09-21_B04.tif,data\raw\SummerSchool_Subset\images\2025-09-21\layers\2025-09-21_B03.tif,data\raw\SummerSchool_Subset\images\2025-09-21\layers\2025-09-21_B02.tif,data\raw\SummerSchool_Subset\images\2025-09-21\layers\2025-09-21_VV.tif,data\raw\SummerSchool_Subset\images\2025-09-21\layers\2025-09-21_VH.tif,data\raw\SummerSchool_Subset\masks\2025_09_21.tiff,0 1 2 3 255,7076,0.1789399150313574,32366,0.8184806797491402,42,0.0010621080315597,60,0.0015172971879425,32468,0.8210600849686426,test
2025-09-21,2025-09-21_r2688_c1568,12,7,2688,1568,224,224,670002.3139905898,6041907.417145787,672248.6942669598,6044152.797279572,34905,0.6956513073979592,15271,True,True,True,data\raw\SummerSchool_Subset\images\2025-09-21\layers\2025-09-21_B04.tif,data\raw\SummerSchool_Subset\images\2025-09-21\layers\2025-09-21_B03.tif,data\raw\SummerSchool_Subset\images\2025-09-21\layers\2025-09-21_B02.tif,data\raw\SummerSchool_Subset\images\2025-09-21\layers\2025-09-21_VV.tif,data\raw\SummerSchool_Subset\images\2025-09-21\layers\2025-09-21_VH.tif,data\raw\SummerSchool_Subset\masks\2025_09_21.tiff,0 1 2 3 255,3415,0.0978369861051425,30440,0.8720813637014755,175,0.0050136083655636,875,0.0250680418278183,31490,0.9021630138948574,test
